country,cn_code,production_route,direct,indirect,total
ALBANIA,2523100090,(A),0.870,0.000,0.870
ALBANIA,25232900,,0.900,0.030,0.930
ALBANIA,2523900090,(A),0.860,0.030,0.890
ALBANIA,28080000,,2.730,0.040,2.760
ALBANIA,28142000,,0.650,0.030,0.680
ALBANIA,28342100,,2.190,0.050,2.240
ALBANIA,3102,,see below,see below,see below
ALBANIA,31021012,,0.440,0.030,0.470
ALBANIA,31021015,,0.730,0.030,0.760
ALBANIA,31021019,,1.330,0.080,1.420
ALBANIA,31021090,,1.300,0.080,1.390
ALBANIA,31022100,,0.600,0.060,0.670
ALBANIA,31022900,,1.380,0.070,1.460
ALBANIA,31023010,,1.650,0.050,1.700
ALBANIA,31023090,,2.540,0.080,2.620
ALBANIA,31024010,,2.150,0.080,2.220
ALBANIA,31024090,,2.150,0.080,2.220
ALBANIA,31025000,,4.260,0.060,4.310
ALBANIA,31026000,,2.130,0.070,2.200
ALBANIA,31028000,,1.560,0.070,1.620
ALBANIA,31029000,,1.570,0.080,1.640
ALBANIA,3105,,see below,see below,see below
ALBANIA,31051000,,0.800,0.060,0.860
ALBANIA,31052010,,1.050,0.080,1.120
ALBANIA,31052090,,0.710,0.060,0.770
ALBANIA,31053000,,0.500,0.050,0.550
ALBANIA,31054000,,0.320,0.040,0.350
ALBANIA,31055100,,1.450,0.090,1.540
ALBANIA,31055900,,0.560,0.080,0.640
ALBANIA,31059020,,1.430,0.060,1.490
ALBANIA,31059080,,0.730,0.040,0.770
ALBANIA,28041000,,14.030,,14.030
ALBANIA,720241,,2.350,,2.350
ALGERIA,2523100010,(B),1.290,0.060,1.340
ALGERIA,2523100090,(A),1.240,0.040,1.280
ALGERIA,25232100,,1.230,0.140,1.370
ALGERIA,25232900,,1.230,0.060,1.300
ALGERIA,2523900010,(B),1.280,0.170,1.440
ALGERIA,2523900090,(A),1.170,0.070,1.240
ALGERIA,28080000,,2.490,0.040,2.530
ALGERIA,28141000,,1.960,0.120,2.080
ALGERIA,28142000,,0.590,0.040,0.620
ALGERIA,28342100,,2.000,0.060,2.060
ALGERIA,3102,,see below,see below,see below
ALGERIA,31021012,,0.440,0.030,0.470
ALGERIA,31021015,,0.720,0.030,0.760
ALGERIA,31021019,,1.320,0.100,1.410
ALGERIA,31021090,,1.290,0.090,1.380
ALGERIA,31022100,,0.560,0.070,0.630
ALGERIA,31022900,,1.270,0.080,1.360
ALGERIA,31023010,,1.510,0.060,1.570
ALGERIA,31023090,,2.330,0.090,2.420
ALGERIA,31024010,,1.980,0.090,2.070
ALGERIA,31024090,,1.980,0.090,2.070
ALGERIA,31025000,,3.880,0.060,3.940
ALGERIA,31026000,,1.950,0.080,2.030
ALGERIA,31028000,,1.460,0.080,1.530
ALGERIA,31029000,,1.490,0.090,1.580
ALGERIA,3105,,see below,see below,see below
ALGERIA,31051000,,0.730,0.080,0.810
ALGERIA,31052010,,0.970,0.090,1.060
ALGERIA,31052090,,0.660,0.070,0.720
ALGERIA,31053000,,0.460,0.050,0.510
ALGERIA,31054000,,0.290,0.040,0.340
ALGERIA,31055100,,1.330,0.110,1.440
ALGERIA,31055900,,0.520,0.090,0.610
ALGERIA,31059020,,1.310,0.070,1.380
ALGERIA,31059080,,0.670,0.050,0.720
ALGERIA,7601,(L),0.360,,0.360
ALGERIA,7603,(L),0.920,,0.920
ALGERIA,76041010,(L),1.140,,1.140
ALGERIA,76041090,(L),1.160,,1.160
ALGERIA,76042100,(L),1.160,,1.160
ALGERIA,76042910,(L),1.140,,1.140
ALGERIA,76042990,(L),1.160,,1.160
ALGERIA,7605,(L),1.140,,1.140
ALGERIA,7606,(L),1.600,,1.600
ALGERIA,7607,(L),1.600,,1.600
ALGERIA,7608,(L),1.160,,1.160
ALGERIA,76090000,(L),1.160,,1.160
ALGERIA,76101000,(L),1.160,,1.160
ALGERIA,761090,(L),1.160,,1.160
ALGERIA,76109010,(L),1.160,,1.160
ALGERIA,76109090,(L),1.160,,1.160
ALGERIA,76110000,(L),1.600,,1.600
ALGERIA,7612,(L),1.600,,1.600
ALGERIA,76130000,(L),1.600,,1.600
ALGERIA,7614,(L),1.140,,1.140
ALGERIA,76161000,(L),1.600,,1.600
ALGERIA,76169100,(L),1.600,,1.600
ALGERIA,76169910,(L),0.920,,0.920
ALGERIA,76169990,(L),1.600,,1.600
ALGERIA,28041000,,10.820,,10.820
ALGERIA,26011200,,0.180,0.030,0.210
ALGERIA,7201,,2.870,,2.870
ALGERIA,7203,,0.810,,0.810
ALGERIA,7205,(C)/(F),2.890,,2.890
ALGERIA,7206,,see below,see below,see below
ALGERIA,72061000,(C),3.000,,3.000
ALGERIA,72069000,(C),3.000,,3.000
ALGERIA,7207,,see below,see below,see below
ALGERIA,72071111,(C),3.000,,3.000
ALGERIA,72071114,(C),3.000,,3.000
ALGERIA,72071116,(C),3.000,,3.000
ALGERIA,72071190,(C),3.000,,3.000
ALGERIA,72071210,(C),3.000,,3.000
ALGERIA,72071290,(C),3.000,,3.000
ALGERIA,72071912,(C),3.000,,3.000
ALGERIA,72071919,(C),3.000,,3.000
ALGERIA,72071980,(C),3.000,,3.000
ALGERIA,72072011,(C),3.000,,3.000
ALGERIA,72072015,(C),3.000,,3.000
ALGERIA,72072017,(C),3.000,,3.000
ALGERIA,72072019,(C),3.000,,3.000
ALGERIA,72072032,(C),3.000,,3.000
ALGERIA,72072039,(C),3.000,,3.000
ALGERIA,72072052,(C),3.000,,3.000
ALGERIA,72072059,(C),3.000,,3.000
ALGERIA,72072080,(C),3.000,,3.000
ALGERIA,7208,(C),3.000,,3.000
ALGERIA,7209,(C),3.000,,3.000
ALGERIA,7210,(C),3.000,,3.000
ALGERIA,7211,,see below,see below,see below
ALGERIA,72111300,(C),3.000,,3.000
ALGERIA,72111400,(C),3.000,,3.000
ALGERIA,72111900,(C),3.000,,3.000
ALGERIA,721123,(C),3.000,,3.000
ALGERIA,72112900,(C),3.000,,3.000
ALGERIA,721190,(C),3.000,,3.000
ALGERIA,7212,(C),3.000,,3.000
ALGERIA,7213,(C),3.000,,3.000
ALGERIA,7214,,see below,see below,see below
ALGERIA,72141000,(C),3.000,,3.000
ALGERIA,72142000,(C),3.000,,3.000
ALGERIA,72143000,(C),3.000,,3.000
ALGERIA,721491,(C),3.000,,3.000
ALGERIA,721499,(C),3.000,,3.000
ALGERIA,7215,(C),3.000,,3.000
ALGERIA,7216,(C),3.000,,3.000
ALGERIA,7217,,see below,see below,see below
ALGERIA,721710,(C),3.000,,3.000
ALGERIA,721720,(C),3.000,,3.000
ALGERIA,721730,(C),3.000,,3.000
ALGERIA,721790,(C),3.000,,3.000
ALGERIA,7218,,see below,see below,see below
ALGERIA,72181000,,3.300,,3.300
ALGERIA,721891,,3.300,,3.300
ALGERIA,72189911,,3.300,,3.300
ALGERIA,72189919,,3.300,,3.300
ALGERIA,72189920,,3.300,,3.300
ALGERIA,72189980,,3.300,,3.300
ALGERIA,7219,,see below,see below,see below
ALGERIA,72191100,,3.300,,3.300
ALGERIA,721912,,3.300,,3.300
ALGERIA,721913,,3.300,,3.300
ALGERIA,721914,,3.300,,3.300
ALGERIA,721921,,3.300,,3.300
ALGERIA,721922,,3.300,,3.300
ALGERIA,72192300,,3.300,,3.300
ALGERIA,72192400,,3.300,,3.300
ALGERIA,72193100,,3.300,,3.300
ALGERIA,721932,,3.300,,3.300
ALGERIA,721933,,3.300,,3.300
ALGERIA,721934,,3.300,,3.300
ALGERIA,721935,,3.300,,3.300
ALGERIA,721990,,3.300,,3.300
ALGERIA,7220,,see below,see below,see below
ALGERIA,72201100,,3.300,,3.300
ALGERIA,72201200,,3.300,,3.300
ALGERIA,722020,,3.300,,3.300
ALGERIA,722090,,3.300,,3.300
ALGERIA,7221,,3.300,,3.300
ALGERIA,7222,,see below,see below,see below
ALGERIA,722211,,3.300,,3.300
ALGERIA,722219,,3.300,,3.300
ALGERIA,722220,,3.300,,3.300
ALGERIA,722230,,3.300,,3.300
ALGERIA,722240,,3.300,,3.300
ALGERIA,7223,,see below,see below,see below
ALGERIA,722300,,3.300,,3.300
ALGERIA,7224,,see below,see below,see below
ALGERIA,722410,(F),3.410,,3.410
ALGERIA,72249002,(F),3.410,,3.410
ALGERIA,72249003,(F),3.410,,3.410
ALGERIA,72249005,(F),3.410,,3.410
ALGERIA,72249007,(F),3.410,,3.410
ALGERIA,72249014,(F),3.410,,3.410
ALGERIA,72249018,(F),3.410,,3.410
ALGERIA,72249031,(F),3.410,,3.410
ALGERIA,72249038,(F),3.410,,3.410
ALGERIA,72249090,(F),3.410,,3.410
ALGERIA,7225,,see below,see below,see below
ALGERIA,72251100,(C),4.520,,4.520
ALGERIA,72251910,(C),3.410,,3.410
ALGERIA,72251990,(C),3.410,,3.410
ALGERIA,722530,(F),3.410,,3.410
ALGERIA,722540,(F),3.410,,3.410
ALGERIA,722550,(F),3.410,,3.410
ALGERIA,72259100,(F),3.410,,3.410
ALGERIA,72259200,(F),3.410,,3.410
ALGERIA,72259900,(F),3.410,,3.410
ALGERIA,7226,,see below,see below,see below
ALGERIA,72261100,(C),4.520,,4.520
ALGERIA,72261910,(C),3.410,,3.410
ALGERIA,72261980,(C),3.410,,3.410
ALGERIA,72262000,(F),3.410,,3.410
ALGERIA,722691,(F),3.410,,3.410
ALGERIA,72269200,(F),3.410,,3.410
ALGERIA,722699,(F),3.410,,3.410
ALGERIA,7227,(C)/(F),3.410,,3.410
ALGERIA,7228,,see below,see below,see below
ALGERIA,72281020,(F),3.410,,3.410
ALGERIA,72281050,(F),3.410,,3.410
ALGERIA,72281090,(F),3.410,,3.410
ALGERIA,722820,(F),3.410,,3.410
ALGERIA,722830,(C)/(F),3.410,,3.410
ALGERIA,722840,(F),3.410,,3.410
ALGERIA,722850,(C)/(F),3.410,,3.410
ALGERIA,722860,(F),3.410,,3.410
ALGERIA,722870,(F),3.410,,3.410
ALGERIA,72288000,(F),3.410,,3.410
ALGERIA,7229,(C)/(F),3.410,,3.410
ALGERIA,7301,(C),3.000,,3.000
ALGERIA,7302,(C),3.190,,3.190
ALGERIA,7303,,see below,see below,see below
ALGERIA,730300,,2.870,,2.870
ALGERIA,7304,,see below,see below,see below
ALGERIA,73041100,,3.300,,3.300
ALGERIA,730419,(C),3.000,,3.000
ALGERIA,73042200,,3.300,,3.300
ALGERIA,73042300,(C),3.000,,3.000
ALGERIA,73042400,,3.300,,3.300
ALGERIA,730429,(C),3.000,,3.000
ALGERIA,730431,(C),3.000,,3.000
ALGERIA,730439,(C),3.000,,3.000
ALGERIA,73044100,,3.300,,3.300
ALGERIA,730449,,3.300,,3.300
ALGERIA,730451,(F),2.910,,2.910
ALGERIA,730459,(C)/(F),2.910,,2.910
ALGERIA,73049000,(C),3.000,,3.000
ALGERIA,7305,(C),3.000,,3.000
ALGERIA,7306,,see below,see below,see below
ALGERIA,73061100,,3.300,,3.300
ALGERIA,73061900,(C),3.000,,3.000
ALGERIA,73062100,,3.300,,3.300
ALGERIA,73062900,(C),3.000,,3.000
ALGERIA,73063012,(C),3.000,,3.000
ALGERIA,73063018,(C),3.000,,3.000
ALGERIA,73063041,(C),3.000,,3.000
ALGERIA,73063049,(C),3.000,,3.000
ALGERIA,73063072,(C),3.000,,3.000
ALGERIA,73063077,(C),3.000,,3.000
ALGERIA,73063080,(C),3.000,,3.000
ALGERIA,73064020,,3.300,,3.300
ALGERIA,73064080,,3.300,,3.300
ALGERIA,73065021,(F),2.930,,2.930
ALGERIA,73065029,(F),2.930,,2.930
ALGERIA,73065080,(F),2.930,,2.930
ALGERIA,73066110,,3.300,,3.300
ALGERIA,73066192,(C),3.000,,3.000
ALGERIA,73066199,(C),3.000,,3.000
ALGERIA,73066910,,3.300,,3.300
ALGERIA,73066990,(C),3.000,,3.000
ALGERIA,73069000,(C),3.000,,3.000
ALGERIA,7307,,see below,see below,see below
ALGERIA,730711,,2.860,,2.860
ALGERIA,73071910,,2.860,,2.860
ALGERIA,73071990,(C),3.000,,3.000
ALGERIA,73072100,,2.910,,2.910
ALGERIA,730722,,2.910,,2.910
ALGERIA,730723,,2.910,,2.910
ALGERIA,730729,,2.910,,2.910
ALGERIA,73079100,(C),3.000,,3.000
ALGERIA,730792,(C),3.000,,3.000
ALGERIA,730793,(C),3.000,,3.000
ALGERIA,730799,(C),3.000,,3.000
ALGERIA,7308,(C),3.020,,3.020
ALGERIA,7309,(C),3.000,,3.000
ALGERIA,7310,(C),3.000,,3.000
ALGERIA,7311,,see below,see below,see below
ALGERIA,731100,(C),3.000,,3.000
ALGERIA,7318,,see below,see below,see below
ALGERIA,73181100,(C),3.000,,3.000
ALGERIA,73181210,,3.300,,3.300
ALGERIA,73181290,(C),3.000,,3.000
ALGERIA,73181300,(C),3.000,,3.000
ALGERIA,73181410,,3.300,,3.300
ALGERIA,73181491,(C),3.000,,3.000
ALGERIA,73181499,(C),3.000,,3.000
ALGERIA,731815,(C),3.000,,3.000
ALGERIA,731816,(C),3.000,,3.000
ALGERIA,73181900,(C),3.000,,3.000
ALGERIA,73182100,(C),3.000,,3.000
ALGERIA,73182200,(C),3.000,,3.000
ALGERIA,73182300,(C),3.000,,3.000
ALGERIA,73182400,(C),3.000,,3.000
ALGERIA,73182900,(C),3.000,,3.000
ALGERIA,7326,,see below,see below,see below
ALGERIA,73261100,(C),3.000,,3.000
ALGERIA,732619,(C),3.000,,3.000
ALGERIA,73262000,(C),3.000,,3.000
ALGERIA,73269030,(C),3.000,,3.000
ALGERIA,73269040,(C),3.000,,3.000
ALGERIA,73269050,(C),3.000,,3.000
ALGERIA,73269060,(C),3.000,,3.000
ALGERIA,73269092,(C),3.000,,3.000
ALGERIA,73269094,(C),3.000,,3.000
ALGERIA,73269096,(C),3.000,,3.000
ALGERIA,73269098,(C),3.000,,3.000
ANGOLA,2507008080,,0.220,0.040,0.250
ANGOLA,2523100090,(A),1.240,0.020,1.260
ANGOLA,25232900,,1.240,0.030,1.270
ANGOLA,2523900090,(A),1.180,0.040,1.220
ANGOLA,28041000,,10.820,,10.820
ANGOLA,720211,,1.690,,1.690
ANGOLA,720241,,2.350,,2.350
ANGOLA,72026000,,3.480,,3.480
ARGENTINA,2523100090,(A),0.870,0.030,0.900
ARGENTINA,25232900,,0.870,0.050,0.920
ARGENTINA,28080000,,1.900,0.030,1.930
ARGENTINA,28141000,,2.260,0.100,2.360
ARGENTINA,28142000,,0.680,0.030,0.710
ARGENTINA,28342100,,1.680,0.050,1.730
ARGENTINA,3102,,see below,see below,see below
ARGENTINA,31021012,,0.510,0.020,0.530
ARGENTINA,31021015,,0.840,0.020,0.860
ARGENTINA,31021019,,1.530,0.080,1.600
ARGENTINA,31021090,,1.500,0.070,1.570
ARGENTINA,31022100,,0.660,0.050,0.720
ARGENTINA,31022900,,1.190,0.060,1.250
ARGENTINA,31023010,,1.280,0.050,1.320
ARGENTINA,31023090,,1.970,0.070,2.040
ARGENTINA,31024010,,1.700,0.070,1.760
ARGENTINA,31024090,,1.700,0.070,1.760
ARGENTINA,31025000,,2.970,0.050,3.020
ARGENTINA,31026000,,1.650,0.060,1.710
ARGENTINA,31028000,,1.360,0.060,1.420
ARGENTINA,31029000,,1.490,0.070,1.560
ARGENTINA,3105,,see below,see below,see below
ARGENTINA,31051000,,0.700,0.060,0.760
ARGENTINA,31052010,,0.860,0.060,0.920
ARGENTINA,31052090,,0.580,0.050,0.630
ARGENTINA,31053000,,0.530,0.040,0.570
ARGENTINA,31054000,,0.340,0.030,0.370
ARGENTINA,31055100,,1.160,0.080,1.240
ARGENTINA,31055900,,0.610,0.080,0.690
ARGENTINA,31059020,,1.130,0.050,1.180
ARGENTINA,31059080,,0.580,0.040,0.620
ARGENTINA,7601,(K),1.700,,1.700
ARGENTINA,7603,(K),1.810,,1.810
ARGENTINA,76041010,(K),2.030,,2.030
ARGENTINA,76041090,(K),2.050,,2.050
ARGENTINA,76042100,(K),2.050,,2.050
ARGENTINA,76042910,(K),2.030,,2.030
ARGENTINA,76042990,(K),2.050,,2.050
ARGENTINA,7605,(K),2.030,,2.030
ARGENTINA,7606,(K),2.490,,2.490
ARGENTINA,7607,(K),2.490,,2.490
ARGENTINA,7608,(K),2.050,,2.050
ARGENTINA,76090000,(K),2.050,,2.050
ARGENTINA,76101000,(K),2.050,,2.050
ARGENTINA,761090,(K),2.050,,2.050
ARGENTINA,76109010,(K),2.050,,2.050
ARGENTINA,76109090,(K),2.050,,2.050
ARGENTINA,76110000,(K),2.490,,2.490
ARGENTINA,7612,(K),2.490,,2.490
ARGENTINA,76130000,(K),2.490,,2.490
ARGENTINA,7614,(K),2.030,,2.030
ARGENTINA,76161000,(K),2.490,,2.490
ARGENTINA,76169100,(K),2.490,,2.490
ARGENTINA,76169910,(K),1.810,,1.810
ARGENTINA,76169990,(K),2.490,,2.490
ARGENTINA,28041000,,10.820,,10.820
ARGENTINA,26011200,,0.140,0.050,0.200
ARGENTINA,7201,,2.300,,2.300
ARGENTINA,7203,,1.030,,1.030
ARGENTINA,7205,(C)/(F),2.370,,2.370
ARGENTINA,7206,,see below,see below,see below
ARGENTINA,72061000,(C),2.460,,2.460
ARGENTINA,72069000,(C),2.470,,2.470
ARGENTINA,7207,,see below,see below,see below
ARGENTINA,72071111,(C),2.470,,2.470
ARGENTINA,72071114,(C),2.470,,2.470
ARGENTINA,72071116,(C),2.470,,2.470
ARGENTINA,72071190,(C),2.460,,2.460
ARGENTINA,72071210,(C),2.470,,2.470
ARGENTINA,72071290,(C),2.460,,2.460
ARGENTINA,72071912,(C),2.470,,2.470
ARGENTINA,72071919,(C),2.460,,2.460
ARGENTINA,72071980,(C),2.470,,2.470
ARGENTINA,72072011,(C),2.470,,2.470
ARGENTINA,72072015,(C),2.470,,2.470
ARGENTINA,72072017,(C),2.470,,2.470
ARGENTINA,72072019,(C),2.460,,2.460
ARGENTINA,72072032,(C),2.470,,2.470
ARGENTINA,72072039,(C),2.460,,2.460
ARGENTINA,72072052,(C),2.470,,2.470
ARGENTINA,72072059,(C),2.460,,2.460
ARGENTINA,72072080,(C),2.470,,2.470
ARGENTINA,7208,(C),2.590,,2.590
ARGENTINA,7209,(C),2.680,,2.680
ARGENTINA,7210,(C),2.680,,2.680
ARGENTINA,7211,,see below,see below,see below
ARGENTINA,72111300,(C),2.590,,2.590
ARGENTINA,72111400,(C),2.590,,2.590
ARGENTINA,72111900,(C),2.590,,2.590
ARGENTINA,721123,(C),2.680,,2.680
ARGENTINA,72112900,(C),2.680,,2.680
ARGENTINA,721190,(C),2.680,,2.680
ARGENTINA,7212,(C),2.680,,2.680
ARGENTINA,7213,(C),2.470,,2.470
ARGENTINA,7214,,see below,see below,see below
ARGENTINA,72141000,(C),2.460,,2.460
ARGENTINA,72142000,(C),2.470,,2.470
ARGENTINA,72143000,(C),2.470,,2.470
ARGENTINA,721491,(C),2.470,,2.470
ARGENTINA,721499,(C),2.470,,2.470
ARGENTINA,7215,(C),2.470,,2.470
ARGENTINA,7216,(C),2.470,,2.470
ARGENTINA,7217,,see below,see below,see below
ARGENTINA,721710,(C),2.470,,2.470
ARGENTINA,721720,(C),2.470,,2.470
ARGENTINA,721730,(C),2.470,,2.470
ARGENTINA,721790,(C),2.470,,2.470
ARGENTINA,7218,,see below,see below,see below
ARGENTINA,72181000,,3.230,,3.230
ARGENTINA,721891,,3.430,,3.430
ARGENTINA,72189911,,3.430,,3.430
ARGENTINA,72189919,,3.230,,3.230
ARGENTINA,72189920,,3.430,,3.430
ARGENTINA,72189980,,3.230,,3.230
ARGENTINA,7219,,see below,see below,see below
ARGENTINA,72191100,,3.430,,3.430
ARGENTINA,721912,,3.430,,3.430
ARGENTINA,721913,,3.430,,3.430
ARGENTINA,721914,,3.430,,3.430
ARGENTINA,721921,,3.430,,3.430
ARGENTINA,721922,,3.430,,3.430
ARGENTINA,72192300,,3.430,,3.430
ARGENTINA,72192400,,3.430,,3.430
ARGENTINA,72193100,,3.520,,3.520
ARGENTINA,721932,,3.520,,3.520
ARGENTINA,721933,,3.520,,3.520
ARGENTINA,721934,,3.520,,3.520
ARGENTINA,721935,,3.520,,3.520
ARGENTINA,721990,,3.520,,3.520
ARGENTINA,7220,,see below,see below,see below
ARGENTINA,72201100,,3.430,,3.430
ARGENTINA,72201200,,3.430,,3.430
ARGENTINA,722020,,3.520,,3.520
ARGENTINA,722090,,3.520,,3.520
ARGENTINA,7221,,3.230,,3.230
ARGENTINA,7222,,see below,see below,see below
ARGENTINA,722211,,3.230,,3.230
ARGENTINA,722219,,3.230,,3.230
ARGENTINA,722220,,3.230,,3.230
ARGENTINA,722230,,3.230,,3.230
ARGENTINA,722240,,3.230,,3.230
ARGENTINA,7223,,see below,see below,see below
ARGENTINA,722300,,3.230,,3.230
ARGENTINA,7224,,see below,see below,see below
ARGENTINA,722410,(F),3.140,,3.140
ARGENTINA,72249002,(F),3.340,,3.340
ARGENTINA,72249003,(F),3.340,,3.340
ARGENTINA,72249005,(F),3.340,,3.340
ARGENTINA,72249007,(F),3.340,,3.340
ARGENTINA,72249014,(F),3.340,,3.340
ARGENTINA,72249018,(F),3.140,,3.140
ARGENTINA,72249031,(F),3.340,,3.340
ARGENTINA,72249038,(F),3.340,,3.340
ARGENTINA,72249090,(F),3.140,,3.140
ARGENTINA,7225,,see below,see below,see below
ARGENTINA,72251100,(C),4.360,,4.360
ARGENTINA,72251910,(C),3.340,,3.340
ARGENTINA,72251990,(C),3.430,,3.430
ARGENTINA,722530,(F),3.340,,3.340
ARGENTINA,722540,(F),3.340,,3.340
ARGENTINA,722550,(F),3.430,,3.430
ARGENTINA,72259100,(F),3.430,,3.430
ARGENTINA,72259200,(F),3.430,,3.430
ARGENTINA,72259900,(F),3.430,,3.430
ARGENTINA,7226,,see below,see below,see below
ARGENTINA,72261100,(C),4.360,,4.360
ARGENTINA,72261910,(C),3.340,,3.340
ARGENTINA,72261980,(C),3.430,,3.430
ARGENTINA,72262000,(F),3.340,,3.340
ARGENTINA,722691,(F),3.340,,3.340
ARGENTINA,72269200,(F),3.430,,3.430
ARGENTINA,722699,(F),3.430,,3.430
ARGENTINA,7227,(C)/(F),3.140,,3.140
ARGENTINA,7228,,see below,see below,see below
ARGENTINA,72281020,(F),3.140,,3.140
ARGENTINA,72281050,(F),3.140,,3.140
ARGENTINA,72281090,(F),3.140,,3.140
ARGENTINA,722820,(F),3.140,,3.140
ARGENTINA,722830,(C)/(F),3.140,,3.140
ARGENTINA,722840,(F),3.140,,3.140
ARGENTINA,722850,(C)/(F),3.140,,3.140
ARGENTINA,722860,(F),3.140,,3.140
ARGENTINA,722870,(F),3.140,,3.140
ARGENTINA,72288000,(F),3.140,,3.140
ARGENTINA,7229,(C)/(F),3.140,,3.140
ARGENTINA,7301,(C),2.680,,2.680
ARGENTINA,7302,(C),2.980,,2.980
ARGENTINA,7303,,see below,see below,see below
ARGENTINA,730300,,2.350,,2.350
ARGENTINA,7304,,see below,see below,see below
ARGENTINA,73041100,,3.230,,3.230
ARGENTINA,730419,(C),2.470,,2.470
ARGENTINA,73042200,,3.230,,3.230
ARGENTINA,73042300,(C),2.470,,2.470
ARGENTINA,73042400,,3.230,,3.230
ARGENTINA,730429,(C),2.470,,2.470
ARGENTINA,730431,(C),2.470,,2.470
ARGENTINA,730439,(C),2.470,,2.470
ARGENTINA,73044100,,3.230,,3.230
ARGENTINA,730449,,3.230,,3.230
ARGENTINA,730451,(F),2.400,,2.400
ARGENTINA,730459,(C)/(F),2.400,,2.400
ARGENTINA,73049000,(C),2.470,,2.470
ARGENTINA,7305,(C),2.680,,2.680
ARGENTINA,7306,,see below,see below,see below
ARGENTINA,73061100,,3.520,,3.520
ARGENTINA,73061900,(C),2.680,,2.680
ARGENTINA,73062100,,3.520,,3.520
ARGENTINA,73062900,(C),2.680,,2.680
ARGENTINA,73063012,(C),2.680,,2.680
ARGENTINA,73063018,(C),2.590,,2.590
ARGENTINA,73063041,(C),2.680,,2.680
ARGENTINA,73063049,(C),2.680,,2.680
ARGENTINA,73063072,(C),2.680,,2.680
ARGENTINA,73063077,(C),2.680,,2.680
ARGENTINA,73063080,(C),2.680,,2.680
ARGENTINA,73064020,,3.520,,3.520
ARGENTINA,73064080,,3.430,,3.430
ARGENTINA,73065021,(F),2.720,,2.720
ARGENTINA,73065029,(F),2.630,,2.630
ARGENTINA,73065080,(F),2.720,,2.720
ARGENTINA,73066110,,3.520,,3.520
ARGENTINA,73066192,(C),2.680,,2.680
ARGENTINA,73066199,(C),2.680,,2.680
ARGENTINA,73066910,,3.520,,3.520
ARGENTINA,73066990,(C),2.680,,2.680
ARGENTINA,73069000,(C),2.680,,2.680
ARGENTINA,7307,,see below,see below,see below
ARGENTINA,730711,,2.340,,2.340
ARGENTINA,73071910,,2.340,,2.340
ARGENTINA,73071990,(C),2.460,,2.460
ARGENTINA,73072100,,2.410,,2.410
ARGENTINA,730722,,2.410,,2.410
ARGENTINA,730723,,2.410,,2.410
ARGENTINA,730729,,2.410,,2.410
ARGENTINA,73079100,(C),2.470,,2.470
ARGENTINA,730792,(C),2.470,,2.470
ARGENTINA,730793,(C),2.470,,2.470
ARGENTINA,730799,(C),2.470,,2.470
ARGENTINA,7308,(C),3.010,,3.010
ARGENTINA,7309,(C),3.010,,3.010
ARGENTINA,7310,(C),2.680,,2.680
ARGENTINA,7311,,see below,see below,see below
ARGENTINA,731100,(C),2.630,,2.630
ARGENTINA,7318,,see below,see below,see below
ARGENTINA,73181100,(C),2.470,,2.470
ARGENTINA,73181210,,3.230,,3.230
ARGENTINA,73181290,(C),2.470,,2.470
ARGENTINA,73181300,(C),2.470,,2.470
ARGENTINA,73181410,,3.230,,3.230
ARGENTINA,73181491,(C),2.470,,2.470
ARGENTINA,73181499,(C),2.470,,2.470
ARGENTINA,731815,(C),2.470,,2.470
ARGENTINA,731816,(C),2.470,,2.470
ARGENTINA,73181900,(C),2.470,,2.470
ARGENTINA,73182100,(C),2.470,,2.470
ARGENTINA,73182200,(C),2.470,,2.470
ARGENTINA,73182300,(C),2.470,,2.470
ARGENTINA,73182400,(C),2.470,,2.470
ARGENTINA,73182900,(C),2.470,,2.470
ARGENTINA,7326,,see below,see below,see below
ARGENTINA,73261100,(C),2.460,,2.460
ARGENTINA,732619,(C),2.460,,2.460
ARGENTINA,73262000,(C),2.470,,2.470
ARGENTINA,73269030,(C),2.470,,2.470
ARGENTINA,73269040,(C),2.470,,2.470
ARGENTINA,73269050,(C),2.470,,2.470
ARGENTINA,73269060,(C),2.470,,2.470
ARGENTINA,73269092,(C),2.460,,2.460
ARGENTINA,73269094,(C),2.460,,2.460
ARGENTINA,73269096,(C),2.460,,2.460
ARGENTINA,73269098,(C),2.680,,2.680
ARMENIA,2523100090,(A),1.360,0.010,1.370
ARMENIA,25232900,,1.320,0.020,1.350
ARMENIA,2523900090,(A),1.260,0.030,1.280
ARMENIA,28080000,,2.750,0.020,2.770
ARMENIA,28142000,,0.650,0.020,0.660
ARMENIA,28342100,,2.220,0.020,2.250
ARMENIA,3102,,see below,see below,see below
ARMENIA,31021012,,0.490,0.010,0.500
ARMENIA,31021015,,0.810,0.010,0.820
ARMENIA,31021019,,1.470,0.040,1.510
ARMENIA,31021090,,1.440,0.040,1.480
ARMENIA,31022100,,0.640,0.030,0.660
ARMENIA,31022900,,1.420,0.030,1.460
ARMENIA,31023010,,1.680,0.030,1.710
ARMENIA,31023090,,2.590,0.040,2.620
ARMENIA,31024010,,2.220,0.040,2.250
ARMENIA,31024090,,2.220,0.040,2.250
ARMENIA,31025000,,4.300,0.030,4.330
ARMENIA,31026000,,2.170,0.030,2.200
ARMENIA,31028000,,1.620,0.030,1.650
ARMENIA,31029000,,1.660,0.040,1.700
ARMENIA,3105,,see below,see below,see below
ARMENIA,31051000,,0.820,0.030,0.850
ARMENIA,31052010,,1.080,0.040,1.120
ARMENIA,31052090,,0.740,0.030,0.760
ARMENIA,31053000,,0.510,0.020,0.530
ARMENIA,31054000,,0.320,0.020,0.340
ARMENIA,31055100,,1.490,0.040,1.540
ARMENIA,31055900,,0.590,0.060,0.650
ARMENIA,31059020,,1.460,0.030,1.480
ARMENIA,31059080,,0.750,0.020,0.770
AUSTRALIA,2523100090,(A),1.380,0.040,1.420
AUSTRALIA,25232900,,1.100,0.070,1.170
AUSTRALIA,2523900090,(A),1.040,0.080,1.120
AUSTRALIA,28080000,,1.370,0.050,1.420
AUSTRALIA,28141000,,1.770,0.150,1.920
AUSTRALIA,28142000,,0.530,0.040,0.580
AUSTRALIA,28342100,,1.240,0.080,1.320
AUSTRALIA,3102,,see below,see below,see below
AUSTRALIA,31021012,,0.410,0.040,0.450
AUSTRALIA,31021015,,0.690,0.040,0.730
AUSTRALIA,31021019,,1.250,0.120,1.370
AUSTRALIA,31021090,,1.220,0.120,1.340
AUSTRALIA,31022100,,0.540,0.100,0.630
AUSTRALIA,31022900,,0.910,0.110,1.020
AUSTRALIA,31023010,,0.950,0.080,1.030
AUSTRALIA,31023090,,1.460,0.120,1.590
AUSTRALIA,31024010,,1.280,0.120,1.390
AUSTRALIA,31024090,,1.280,0.120,1.390
AUSTRALIA,31025000,,2.140,0.080,2.210
AUSTRALIA,31026000,,1.230,0.110,1.340
AUSTRALIA,31028000,,1.050,0.100,1.140
AUSTRALIA,31029000,,1.170,0.120,1.290
AUSTRALIA,3105,,see below,see below,see below
AUSTRALIA,31051000,,0.550,0.100,0.650
AUSTRALIA,31052010,,0.650,0.120,0.770
AUSTRALIA,31052090,,0.450,0.090,0.540
AUSTRALIA,31053000,,0.420,0.070,0.490
AUSTRALIA,31054000,,0.270,0.060,0.330
AUSTRALIA,31055100,,0.880,0.150,1.030
AUSTRALIA,31055900,,0.500,0.120,0.620
AUSTRALIA,31059020,,0.840,0.090,0.930
AUSTRALIA,31059080,,0.440,0.060,0.500
AUSTRALIA,7601,(K),1.700,,1.700
AUSTRALIA,7603,(K),1.810,,1.810
AUSTRALIA,76041010,(K),2.030,,2.030
AUSTRALIA,76041090,(K),2.050,,2.050
AUSTRALIA,76042100,(K),2.050,,2.050
AUSTRALIA,76042910,(K),2.030,,2.030
AUSTRALIA,76042990,(K),2.050,,2.050
AUSTRALIA,7605,(K),2.030,,2.030
AUSTRALIA,7606,(K),2.490,,2.490
AUSTRALIA,7607,(K),2.490,,2.490
AUSTRALIA,7608,(K),2.050,,2.050
AUSTRALIA,76090000,(K),2.050,,2.050
AUSTRALIA,76101000,(K),2.050,,2.050
AUSTRALIA,761090,(K),2.050,,2.050
AUSTRALIA,76109010,(K),2.050,,2.050
AUSTRALIA,76109090,(K),2.050,,2.050
AUSTRALIA,76110000,(K),2.490,,2.490
AUSTRALIA,7612,(K),2.490,,2.490
AUSTRALIA,76130000,(K),2.490,,2.490
AUSTRALIA,7614,(K),2.030,,2.030
AUSTRALIA,76161000,(K),2.490,,2.490
AUSTRALIA,76169100,(K),2.490,,2.490
AUSTRALIA,76169910,(K),1.810,,1.810
AUSTRALIA,76169990,(K),2.490,,2.490
AUSTRALIA,28041000,,10.820,,10.820
AUSTRALIA,26011200,,0.070,0.020,0.090
AUSTRALIA,7201,,2.790,,2.790
AUSTRALIA,720211,,1.690,,1.690
AUSTRALIA,720241,,2.350,,2.350
AUSTRALIA,72026000,,3.480,,3.480
AUSTRALIA,7205,(C)/(F),2.810,,2.810
AUSTRALIA,7206,,see below,see below,see below
AUSTRALIA,72061000,(C),2.920,,2.920
AUSTRALIA,72069000,(C),2.920,,2.920
AUSTRALIA,7207,,see below,see below,see below
AUSTRALIA,72071111,(C),2.920,,2.920
AUSTRALIA,72071114,(C),2.920,,2.920
AUSTRALIA,72071116,(C),2.920,,2.920
AUSTRALIA,72071190,(C),2.920,,2.920
AUSTRALIA,72071210,(C),2.920,,2.920
AUSTRALIA,72071290,(C),2.920,,2.920
AUSTRALIA,72071912,(C),2.920,,2.920
AUSTRALIA,72071919,(C),2.920,,2.920
AUSTRALIA,72071980,(C),2.920,,2.920
AUSTRALIA,72072011,(C),2.920,,2.920
AUSTRALIA,72072015,(C),2.920,,2.920
AUSTRALIA,72072017,(C),2.920,,2.920
AUSTRALIA,72072019,(C),2.920,,2.920
AUSTRALIA,72072032,(C),2.920,,2.920
AUSTRALIA,72072039,(C),2.920,,2.920
AUSTRALIA,72072052,(C),2.920,,2.920
AUSTRALIA,72072059,(C),2.920,,2.920
AUSTRALIA,72072080,(C),2.920,,2.920
AUSTRALIA,7208,(C),2.970,,2.970
AUSTRALIA,7209,(C),3.000,,3.000
AUSTRALIA,7210,(C),3.000,,3.000
AUSTRALIA,7211,,see below,see below,see below
AUSTRALIA,72111300,(C),2.970,,2.970
AUSTRALIA,72111400,(C),2.970,,2.970
AUSTRALIA,72111900,(C),2.970,,2.970
AUSTRALIA,721123,(C),3.000,,3.000
AUSTRALIA,72112900,(C),3.000,,3.000
AUSTRALIA,721190,(C),3.000,,3.000
AUSTRALIA,7212,(C),3.000,,3.000
AUSTRALIA,7213,(C),2.920,,2.920
AUSTRALIA,7214,,see below,see below,see below
AUSTRALIA,72141000,(C),2.920,,2.920
AUSTRALIA,72142000,(C),2.920,,2.920
AUSTRALIA,72143000,(C),2.920,,2.920
AUSTRALIA,721491,(C),2.920,,2.920
AUSTRALIA,721499,(C),2.920,,2.920
AUSTRALIA,7215,(C),2.920,,2.920
AUSTRALIA,7216,(C),2.920,,2.920
AUSTRALIA,7217,,see below,see below,see below
AUSTRALIA,721710,(C),2.920,,2.920
AUSTRALIA,721720,(C),2.920,,2.920
AUSTRALIA,721730,(C),2.920,,2.920
AUSTRALIA,721790,(C),2.920,,2.920
AUSTRALIA,7218,,see below,see below,see below
AUSTRALIA,72181000,,3.520,,3.520
AUSTRALIA,721891,,3.600,,3.600
AUSTRALIA,72189911,,3.600,,3.600
AUSTRALIA,72189919,,3.520,,3.520
AUSTRALIA,72189920,,3.600,,3.600
AUSTRALIA,72189980,,3.520,,3.520
AUSTRALIA,7219,,see below,see below,see below
AUSTRALIA,72191100,,3.600,,3.600
AUSTRALIA,721912,,3.600,,3.600
AUSTRALIA,721913,,3.600,,3.600
AUSTRALIA,721914,,3.600,,3.600
AUSTRALIA,721921,,3.600,,3.600
AUSTRALIA,721922,,3.600,,3.600
AUSTRALIA,72192300,,3.600,,3.600
AUSTRALIA,72192400,,3.600,,3.600
AUSTRALIA,72193100,,3.630,,3.630
AUSTRALIA,721932,,3.630,,3.630
AUSTRALIA,721933,,3.630,,3.630
AUSTRALIA,721934,,3.630,,3.630
AUSTRALIA,721935,,3.630,,3.630
AUSTRALIA,721990,,3.630,,3.630
AUSTRALIA,7220,,see below,see below,see below
AUSTRALIA,72201100,,3.600,,3.600
AUSTRALIA,72201200,,3.600,,3.600
AUSTRALIA,722020,,3.630,,3.630
AUSTRALIA,722090,,3.630,,3.630
AUSTRALIA,7221,,3.520,,3.520
AUSTRALIA,7222,,see below,see below,see below
AUSTRALIA,722211,,3.520,,3.520
AUSTRALIA,722219,,3.520,,3.520
AUSTRALIA,722220,,3.520,,3.520
AUSTRALIA,722230,,3.520,,3.520
AUSTRALIA,722240,,3.520,,3.520
AUSTRALIA,7223,,see below,see below,see below
AUSTRALIA,722300,,3.520,,3.520
AUSTRALIA,7224,,see below,see below,see below
AUSTRALIA,722410,(F),3.530,,3.530
AUSTRALIA,72249002,(F),3.610,,3.610
AUSTRALIA,72249003,(F),3.610,,3.610
AUSTRALIA,72249005,(F),3.610,,3.610
AUSTRALIA,72249007,(F),3.610,,3.610
AUSTRALIA,72249014,(F),3.610,,3.610
AUSTRALIA,72249018,(F),3.530,,3.530
AUSTRALIA,72249031,(F),3.610,,3.610
AUSTRALIA,72249038,(F),3.610,,3.610
AUSTRALIA,72249090,(F),3.530,,3.530
AUSTRALIA,7225,,see below,see below,see below
AUSTRALIA,72251100,(C),4.760,,4.760
AUSTRALIA,72251910,(C),3.610,,3.610
AUSTRALIA,72251990,(C),3.650,,3.650
AUSTRALIA,722530,(F),3.610,,3.610
AUSTRALIA,722540,(F),3.610,,3.610
AUSTRALIA,722550,(F),3.650,,3.650
AUSTRALIA,72259100,(F),3.650,,3.650
AUSTRALIA,72259200,(F),3.650,,3.650
AUSTRALIA,72259900,(F),3.650,,3.650
AUSTRALIA,7226,,see below,see below,see below
AUSTRALIA,72261100,(C),4.760,,4.760
AUSTRALIA,72261910,(C),3.610,,3.610
AUSTRALIA,72261980,(C),3.650,,3.650
AUSTRALIA,72262000,(F),3.610,,3.610
AUSTRALIA,722691,(F),3.610,,3.610
AUSTRALIA,72269200,(F),3.650,,3.650
AUSTRALIA,722699,(F),3.650,,3.650
AUSTRALIA,7227,(C)/(F),3.530,,3.530
AUSTRALIA,7228,,see below,see below,see below
AUSTRALIA,72281020,(F),3.530,,3.530
AUSTRALIA,72281050,(F),3.530,,3.530
AUSTRALIA,72281090,(F),3.530,,3.530
AUSTRALIA,722820,(F),3.530,,3.530
AUSTRALIA,722830,(C)/(F),3.530,,3.530
AUSTRALIA,722840,(F),3.530,,3.530
AUSTRALIA,722850,(C)/(F),3.530,,3.530
AUSTRALIA,722860,(F),3.530,,3.530
AUSTRALIA,722870,(F),3.530,,3.530
AUSTRALIA,72288000,(F),3.530,,3.530
AUSTRALIA,7229,(C)/(F),3.530,,3.530
AUSTRALIA,7301,(C),3.000,,3.000
AUSTRALIA,7302,(C),3.320,,3.320
AUSTRALIA,7303,,see below,see below,see below
AUSTRALIA,730300,,2.790,,2.790
AUSTRALIA,7304,,see below,see below,see below
AUSTRALIA,73041100,,3.520,,3.520
AUSTRALIA,730419,(C),2.920,,2.920
AUSTRALIA,73042200,,3.520,,3.520
AUSTRALIA,73042300,(C),2.920,,2.920
AUSTRALIA,73042400,,3.520,,3.520
AUSTRALIA,730429,(C),2.920,,2.920
AUSTRALIA,730431,(C),2.920,,2.920
AUSTRALIA,730439,(C),2.920,,2.920
AUSTRALIA,73044100,,3.520,,3.520
AUSTRALIA,730449,,3.520,,3.520
AUSTRALIA,730451,(F),2.830,,2.830
AUSTRALIA,730459,(C)/(F),2.830,,2.830
AUSTRALIA,73049000,(C),2.920,,2.920
AUSTRALIA,7305,(C),3.000,,3.000
AUSTRALIA,7306,,see below,see below,see below
AUSTRALIA,73061100,,3.630,,3.630
AUSTRALIA,73061900,(C),3.000,,3.000
AUSTRALIA,73062100,,3.630,,3.630
AUSTRALIA,73062900,(C),3.000,,3.000
AUSTRALIA,73063012,(C),3.000,,3.000
AUSTRALIA,73063018,(C),2.970,,2.970
AUSTRALIA,73063041,(C),3.000,,3.000
AUSTRALIA,73063049,(C),3.000,,3.000
AUSTRALIA,73063072,(C),3.000,,3.000
AUSTRALIA,73063077,(C),3.000,,3.000
AUSTRALIA,73063080,(C),3.000,,3.000
AUSTRALIA,73064020,,3.630,,3.630
AUSTRALIA,73064080,,3.600,,3.600
AUSTRALIA,73065021,(F),2.970,,2.970
AUSTRALIA,73065029,(F),2.930,,2.930
AUSTRALIA,73065080,(F),2.970,,2.970
AUSTRALIA,73066110,,3.630,,3.630
AUSTRALIA,73066192,(C),3.000,,3.000
AUSTRALIA,73066199,(C),3.000,,3.000
AUSTRALIA,73066910,,3.630,,3.630
AUSTRALIA,73066990,(C),3.000,,3.000
AUSTRALIA,73069000,(C),3.000,,3.000
AUSTRALIA,7307,,see below,see below,see below
AUSTRALIA,730711,,2.790,,2.790
AUSTRALIA,73071910,,2.790,,2.790
AUSTRALIA,73071990,(C),2.920,,2.920
AUSTRALIA,73072100,,3.000,,3.000
AUSTRALIA,730722,,3.000,,3.000
AUSTRALIA,730723,,3.000,,3.000
AUSTRALIA,730729,,3.000,,3.000
AUSTRALIA,73079100,(C),2.920,,2.920
AUSTRALIA,730792,(C),2.920,,2.920
AUSTRALIA,730793,(C),2.920,,2.920
AUSTRALIA,730799,(C),2.920,,2.920
AUSTRALIA,7308,(C),3.200,,3.200
AUSTRALIA,7309,(C),3.260,,3.260
AUSTRALIA,7310,(C),3.000,,3.000
AUSTRALIA,7311,,see below,see below,see below
AUSTRALIA,731100,(C),3.170,,3.170
AUSTRALIA,7318,,see below,see below,see below
AUSTRALIA,73181100,(C),2.920,,2.920
AUSTRALIA,73181210,,3.520,,3.520
AUSTRALIA,73181290,(C),2.920,,2.920
AUSTRALIA,73181300,(C),2.920,,2.920
AUSTRALIA,73181410,,3.520,,3.520
AUSTRALIA,73181491,(C),2.920,,2.920
AUSTRALIA,73181499,(C),2.920,,2.920
AUSTRALIA,731815,(C),3.000,,3.000
AUSTRALIA,731816,(C),3.090,,3.090
AUSTRALIA,73181900,(C),2.920,,2.920
AUSTRALIA,73182100,(C),2.920,,2.920
AUSTRALIA,73182200,(C),2.920,,2.920
AUSTRALIA,73182300,(C),2.920,,2.920
AUSTRALIA,73182400,(C),2.920,,2.920
AUSTRALIA,73182900,(C),2.920,,2.920
AUSTRALIA,7326,,see below,see below,see below
AUSTRALIA,73261100,(C),2.920,,2.920
AUSTRALIA,732619,(C),2.920,,2.920
AUSTRALIA,73262000,(C),2.920,,2.920
AUSTRALIA,73269030,(C),2.920,,2.920
AUSTRALIA,73269040,(C),2.920,,2.920
AUSTRALIA,73269050,(C),2.920,,2.920
AUSTRALIA,73269060,(C),2.920,,2.920
AUSTRALIA,73269092,(C),2.920,,2.920
AUSTRALIA,73269094,(C),2.920,,2.920
AUSTRALIA,73269096,(C),2.920,,2.920
AUSTRALIA,73269098,(C),3.000,,3.000
AZERBAIJAN,2523100090,(A),0.870,0.030,0.890
AZERBAIJAN,25232900,,0.890,0.050,0.940
AZERBAIJAN,2523900090,(A),0.850,0.050,0.900
AZERBAIJAN,28080000,,2.670,0.030,2.700
AZERBAIJAN,28141000,,2.160,0.090,2.250
AZERBAIJAN,28142000,,0.650,0.030,0.680
AZERBAIJAN,28342100,,2.160,0.040,2.210
AZERBAIJAN,3102,,see below,see below,see below
AZERBAIJAN,31021012,,0.490,0.020,0.510
AZERBAIJAN,31021015,,0.800,0.020,0.830
AZERBAIJAN,31021019,,1.460,0.070,1.530
AZERBAIJAN,31021090,,1.430,0.070,1.500
AZERBAIJAN,31022100,,0.630,0.050,0.690
AZERBAIJAN,31022900,,1.400,0.060,1.450
AZERBAIJAN,31023010,,1.640,0.040,1.680
AZERBAIJAN,31023090,,2.520,0.070,2.590
AZERBAIJAN,31024010,,2.160,0.060,2.220
AZERBAIJAN,31024090,,2.160,0.060,2.220
AZERBAIJAN,31025000,,4.160,0.050,4.210
AZERBAIJAN,31026000,,2.110,0.060,2.170
AZERBAIJAN,31028000,,1.590,0.060,1.640
AZERBAIJAN,31029000,,1.640,0.060,1.700
AZERBAIJAN,3105,,see below,see below,see below
AZERBAIJAN,31051000,,0.810,0.060,0.860
AZERBAIJAN,31052010,,1.060,0.060,1.120
AZERBAIJAN,31052090,,0.720,0.050,0.770
AZERBAIJAN,31053000,,0.510,0.040,0.550
AZERBAIJAN,31054000,,0.320,0.030,0.350
AZERBAIJAN,31055100,,1.460,0.080,1.540
AZERBAIJAN,31055900,,0.580,0.080,0.660
AZERBAIJAN,31059020,,1.420,0.050,1.470
AZERBAIJAN,31059080,,0.730,0.030,0.760
AZERBAIJAN,7601,(K),1.700,,1.700
AZERBAIJAN,7603,(K),1.890,,1.890
AZERBAIJAN,76041010,(K),2.120,,2.120
AZERBAIJAN,76041090,(K),2.130,,2.130
AZERBAIJAN,76042100,(K),2.130,,2.130
AZERBAIJAN,76042910,(K),2.120,,2.120
AZERBAIJAN,76042990,(K),2.130,,2.130
AZERBAIJAN,7605,(K),2.120,,2.120
AZERBAIJAN,7606,(K),2.570,,2.570
AZERBAIJAN,7607,(K),2.570,,2.570
AZERBAIJAN,7608,(K),2.130,,2.130
AZERBAIJAN,76090000,(K),2.130,,2.130
AZERBAIJAN,76101000,(K),2.130,,2.130
AZERBAIJAN,761090,(K),2.130,,2.130
AZERBAIJAN,76109010,(K),2.130,,2.130
AZERBAIJAN,76109090,(K),2.130,,2.130
AZERBAIJAN,76110000,(K),2.570,,2.570
AZERBAIJAN,7612,(K),2.570,,2.570
AZERBAIJAN,76130000,(K),2.570,,2.570
AZERBAIJAN,7614,(K),2.120,,2.120
AZERBAIJAN,76161000,(K),2.570,,2.570
AZERBAIJAN,76169100,(K),2.570,,2.570
AZERBAIJAN,76169910,(K),1.890,,1.890
AZERBAIJAN,76169990,(K),2.570,,2.570
AZERBAIJAN,28041000,,10.820,,10.820
AZERBAIJAN,26011200,,0.070,0.050,0.120
AZERBAIJAN,7205,(E)/(H),1.500,,1.500
AZERBAIJAN,7206,,see below,see below,see below
AZERBAIJAN,72061000,(E),0.130,,0.130
AZERBAIJAN,72069000,(E),0.140,,0.140
AZERBAIJAN,7207,,see below,see below,see below
AZERBAIJAN,72071111,(E),0.140,,0.140
AZERBAIJAN,72071114,(E),0.140,,0.140
AZERBAIJAN,72071116,(E),0.140,,0.140
AZERBAIJAN,72071190,(E),0.130,,0.130
AZERBAIJAN,72071210,(E),0.140,,0.140
AZERBAIJAN,72071290,(E),0.130,,0.130
AZERBAIJAN,72071912,(E),0.140,,0.140
AZERBAIJAN,72071919,(E),0.130,,0.130
AZERBAIJAN,72071980,(E),0.140,,0.140
AZERBAIJAN,72072011,(E),0.140,,0.140
AZERBAIJAN,72072015,(E),0.140,,0.140
AZERBAIJAN,72072017,(E),0.140,,0.140
AZERBAIJAN,72072019,(E),0.130,,0.130
AZERBAIJAN,72072032,(E),0.140,,0.140
AZERBAIJAN,72072039,(E),0.130,,0.130
AZERBAIJAN,72072052,(E),0.140,,0.140
AZERBAIJAN,72072059,(E),0.130,,0.130
AZERBAIJAN,72072080,(E),0.140,,0.140
AZERBAIJAN,7208,(E),0.140,,0.140
AZERBAIJAN,7209,(E),0.140,,0.140
AZERBAIJAN,7210,(E),0.140,,0.140
AZERBAIJAN,7211,,see below,see below,see below
AZERBAIJAN,72111300,(E),0.140,,0.140
AZERBAIJAN,72111400,(E),0.140,,0.140
AZERBAIJAN,72111900,(E),0.140,,0.140
AZERBAIJAN,721123,(E),0.140,,0.140
AZERBAIJAN,72112900,(E),0.140,,0.140
AZERBAIJAN,721190,(E),0.140,,0.140
AZERBAIJAN,7212,(E),0.140,,0.140
AZERBAIJAN,7213,(E),0.140,,0.140
AZERBAIJAN,7214,,see below,see below,see below
AZERBAIJAN,72141000,(E),0.130,,0.130
AZERBAIJAN,72142000,(E),0.140,,0.140
AZERBAIJAN,72143000,(E),0.140,,0.140
AZERBAIJAN,721491,(E),0.140,,0.140
AZERBAIJAN,721499,(E),0.140,,0.140
AZERBAIJAN,7215,(E),0.140,,0.140
AZERBAIJAN,7216,(E),0.140,,0.140
AZERBAIJAN,7217,,see below,see below,see below
AZERBAIJAN,721710,(E),0.140,,0.140
AZERBAIJAN,721720,(E),0.140,,0.140
AZERBAIJAN,721730,(E),0.140,,0.140
AZERBAIJAN,721790,(E),0.140,,0.140
AZERBAIJAN,7218,,see below,see below,see below
AZERBAIJAN,72181000,,2.570,,2.570
AZERBAIJAN,721891,,2.570,,2.570
AZERBAIJAN,72189911,,2.570,,2.570
AZERBAIJAN,72189919,,2.570,,2.570
AZERBAIJAN,72189920,,2.570,,2.570
AZERBAIJAN,72189980,,2.570,,2.570
AZERBAIJAN,7219,,see below,see below,see below
AZERBAIJAN,72191100,,2.570,,2.570
AZERBAIJAN,721912,,2.570,,2.570
AZERBAIJAN,721913,,2.570,,2.570
AZERBAIJAN,721914,,2.570,,2.570
AZERBAIJAN,721921,,2.570,,2.570
AZERBAIJAN,721922,,2.570,,2.570
AZERBAIJAN,72192300,,2.570,,2.570
AZERBAIJAN,72192400,,2.570,,2.570
AZERBAIJAN,72193100,,2.570,,2.570
AZERBAIJAN,721932,,2.570,,2.570
AZERBAIJAN,721933,,2.570,,2.570
AZERBAIJAN,721934,,2.570,,2.570
AZERBAIJAN,721935,,2.570,,2.570
AZERBAIJAN,721990,,2.570,,2.570
AZERBAIJAN,7220,,see below,see below,see below
AZERBAIJAN,72201100,,2.570,,2.570
AZERBAIJAN,72201200,,2.570,,2.570
AZERBAIJAN,722020,,2.570,,2.570
AZERBAIJAN,722090,,2.570,,2.570
AZERBAIJAN,7221,,2.570,,2.570
AZERBAIJAN,7222,,see below,see below,see below
AZERBAIJAN,722211,,2.570,,2.570
AZERBAIJAN,722219,,2.570,,2.570
AZERBAIJAN,722220,,2.570,,2.570
AZERBAIJAN,722230,,2.570,,2.570
AZERBAIJAN,722240,,2.570,,2.570
AZERBAIJAN,7223,,see below,see below,see below
AZERBAIJAN,722300,,2.570,,2.570
AZERBAIJAN,7224,,see below,see below,see below
AZERBAIJAN,722410,(H),2.310,,2.310
AZERBAIJAN,72249002,(H),2.310,,2.310
AZERBAIJAN,72249003,(H),2.310,,2.310
AZERBAIJAN,72249005,(H),2.310,,2.310
AZERBAIJAN,72249007,(H),2.310,,2.310
AZERBAIJAN,72249014,(H),2.310,,2.310
AZERBAIJAN,72249018,(H),2.310,,2.310
AZERBAIJAN,72249031,(H),2.310,,2.310
AZERBAIJAN,72249038,(H),2.310,,2.310
AZERBAIJAN,72249090,(H),2.310,,2.310
AZERBAIJAN,7225,,see below,see below,see below
AZERBAIJAN,72251100,(E),3.710,,3.710
AZERBAIJAN,72251910,(E),2.310,,2.310
AZERBAIJAN,72251990,(E),2.310,,2.310
AZERBAIJAN,722530,(H),2.310,,2.310
AZERBAIJAN,722540,(H),2.310,,2.310
AZERBAIJAN,722550,(H),2.310,,2.310
AZERBAIJAN,72259100,(H),2.310,,2.310
AZERBAIJAN,72259200,(H),2.310,,2.310
AZERBAIJAN,72259900,(H),2.310,,2.310
AZERBAIJAN,7226,,see below,see below,see below
AZERBAIJAN,72261100,(E),3.710,,3.710
AZERBAIJAN,72261910,(E),2.310,,2.310
AZERBAIJAN,72261980,(E),2.310,,2.310
AZERBAIJAN,72262000,(H),2.310,,2.310
AZERBAIJAN,722691,(H),2.310,,2.310
AZERBAIJAN,72269200,(H),2.310,,2.310
AZERBAIJAN,722699,(H),2.310,,2.310
AZERBAIJAN,7227,(E)/(H),2.310,,2.310
AZERBAIJAN,7228,,see below,see below,see below
AZERBAIJAN,72281020,(H),2.310,,2.310
AZERBAIJAN,72281050,(H),2.310,,2.310
AZERBAIJAN,72281090,(H),2.310,,2.310
AZERBAIJAN,722820,(H),2.310,,2.310
AZERBAIJAN,722830,(E)/(H),2.310,,2.310
AZERBAIJAN,722840,(H),2.310,,2.310
AZERBAIJAN,722850,(E)/(H),2.310,,2.310
AZERBAIJAN,722860,(H),2.310,,2.310
AZERBAIJAN,722870,(H),2.310,,2.310
AZERBAIJAN,72288000,(H),2.310,,2.310
AZERBAIJAN,7229,(E)/(H),2.310,,2.310
AZERBAIJAN,7301,(E),0.190,,0.190
AZERBAIJAN,7302,(E),1.850,,1.850
AZERBAIJAN,7303,,see below,see below,see below
AZERBAIJAN,730300,,1.500,,1.500
AZERBAIJAN,7304,,see below,see below,see below
AZERBAIJAN,73041100,,2.570,,2.570
AZERBAIJAN,730419,(E),0.240,,0.240
AZERBAIJAN,73042200,,2.570,,2.570
AZERBAIJAN,73042300,(E),0.240,,0.240
AZERBAIJAN,73042400,,2.570,,2.570
AZERBAIJAN,730429,(E),0.240,,0.240
AZERBAIJAN,730431,(E),0.240,,0.240
AZERBAIJAN,730439,(E),0.240,,0.240
AZERBAIJAN,73044100,,2.570,,2.570
AZERBAIJAN,730449,,2.570,,2.570
AZERBAIJAN,730451,(H),0.240,,0.240
AZERBAIJAN,730459,(E)/(H),0.240,,0.240
AZERBAIJAN,73049000,(E),0.240,,0.240
AZERBAIJAN,7305,(E),0.240,,0.240
AZERBAIJAN,7306,,see below,see below,see below
AZERBAIJAN,73061100,,2.570,,2.570
AZERBAIJAN,73061900,(E),0.240,,0.240
AZERBAIJAN,73062100,,2.570,,2.570
AZERBAIJAN,73062900,(E),0.240,,0.240
AZERBAIJAN,73063012,(E),0.240,,0.240
AZERBAIJAN,73063018,(E),0.240,,0.240
AZERBAIJAN,73063041,(E),0.240,,0.240
AZERBAIJAN,73063049,(E),0.240,,0.240
AZERBAIJAN,73063072,(E),0.240,,0.240
AZERBAIJAN,73063077,(E),0.240,,0.240
AZERBAIJAN,73063080,(E),0.240,,0.240
AZERBAIJAN,73064020,,2.570,,2.570
AZERBAIJAN,73064080,,2.570,,2.570
AZERBAIJAN,73065021,(H),0.240,,0.240
AZERBAIJAN,73065029,(H),0.240,,0.240
AZERBAIJAN,73065080,(H),0.240,,0.240
AZERBAIJAN,73066110,,2.570,,2.570
AZERBAIJAN,73066192,(E),0.240,,0.240
AZERBAIJAN,73066199,(E),0.240,,0.240
AZERBAIJAN,73066910,,2.570,,2.570
AZERBAIJAN,73066990,(E),0.240,,0.240
AZERBAIJAN,73069000,(E),0.240,,0.240
AZERBAIJAN,7307,,see below,see below,see below
AZERBAIJAN,730711,,1.500,,1.500
AZERBAIJAN,73071910,,1.500,,1.500
AZERBAIJAN,73071990,(E),0.130,,0.130
AZERBAIJAN,73072100,,2.360,,2.360
AZERBAIJAN,730722,,2.360,,2.360
AZERBAIJAN,730723,,2.360,,2.360
AZERBAIJAN,730729,,2.360,,2.360
AZERBAIJAN,73079100,(E),0.140,,0.140
AZERBAIJAN,730792,(E),0.140,,0.140
AZERBAIJAN,730793,(E),0.140,,0.140
AZERBAIJAN,730799,(E),0.140,,0.140
AZERBAIJAN,7308,(E),1.890,,1.890
AZERBAIJAN,7309,(E),1.770,,1.770
AZERBAIJAN,7310,(E),0.240,,0.240
AZERBAIJAN,7311,,see below,see below,see below
AZERBAIJAN,731100,(E),1.770,,1.770
AZERBAIJAN,7318,,see below,see below,see below
AZERBAIJAN,73181100,(E),0.140,,0.140
AZERBAIJAN,73181210,,2.570,,2.570
AZERBAIJAN,73181290,(E),0.140,,0.140
AZERBAIJAN,73181300,(E),0.140,,0.140
AZERBAIJAN,73181410,,2.570,,2.570
AZERBAIJAN,73181491,(E),0.140,,0.140
AZERBAIJAN,73181499,(E),0.140,,0.140
AZERBAIJAN,731815,(E),2.140,,2.140
AZERBAIJAN,731816,(E),2.220,,2.220
AZERBAIJAN,73181900,(E),0.140,,0.140
AZERBAIJAN,73182100,(E),0.140,,0.140
AZERBAIJAN,73182200,(E),1.030,,1.030
AZERBAIJAN,73182300,(E),0.750,,0.750
AZERBAIJAN,73182400,(E),0.140,,0.140
AZERBAIJAN,73182900,(E),0.140,,0.140
AZERBAIJAN,7326,,see below,see below,see below
AZERBAIJAN,73261100,(E),0.130,,0.130
AZERBAIJAN,732619,(E),0.130,,0.130
AZERBAIJAN,73262000,(E),0.140,,0.140
AZERBAIJAN,73269030,(E),0.140,,0.140
AZERBAIJAN,73269040,(E),0.140,,0.140
AZERBAIJAN,73269050,(E),0.140,,0.140
AZERBAIJAN,73269060,(E),0.140,,0.140
AZERBAIJAN,73269092,(E),0.130,,0.130
AZERBAIJAN,73269094,(E),0.130,,0.130
AZERBAIJAN,73269096,(E),0.130,,0.130
AZERBAIJAN,73269098,(E),0.140,,0.140
BANGLADESH,2523100090,(A),1.360,0.030,1.390
BANGLADESH,25232100,,1.280,0.130,1.410
BANGLADESH,25232900,,1.210,0.060,1.270
BANGLADESH,2523900010,(B),1.310,0.170,1.480
BANGLADESH,2523900090,(A),1.150,0.070,1.210
BANGLADESH,28080000,,1.820,0.050,1.870
BANGLADESH,28141000,,2.340,0.160,2.510
BANGLADESH,28142000,,0.700,0.050,0.750
BANGLADESH,28342100,,1.640,0.080,1.720
BANGLADESH,3102,,see below,see below,see below
BANGLADESH,31021012,,0.520,0.040,0.560
BANGLADESH,31021015,,0.860,0.040,0.910
BANGLADESH,31021019,,1.570,0.120,1.700
BANGLADESH,31021090,,1.540,0.120,1.660
BANGLADESH,31022100,,0.680,0.090,0.770
BANGLADESH,31022900,,1.180,0.100,1.280
BANGLADESH,31023010,,1.250,0.080,1.320
BANGLADESH,31023090,,1.920,0.120,2.040
BANGLADESH,31024010,,1.660,0.110,1.770
BANGLADESH,31024090,,1.660,0.110,1.770
BANGLADESH,31025000,,2.830,0.080,2.920
BANGLADESH,31026000,,1.610,0.110,1.710
BANGLADESH,31028000,,1.360,0.100,1.450
BANGLADESH,31029000,,1.500,0.110,1.620
BANGLADESH,3105,,see below,see below,see below
BANGLADESH,31051000,,0.700,0.090,0.800
BANGLADESH,31052010,,0.840,0.110,0.950
BANGLADESH,31052090,,0.570,0.080,0.650
BANGLADESH,31053000,,0.550,0.070,0.620
BANGLADESH,31054000,,0.350,0.050,0.400
BANGLADESH,31055100,,1.140,0.130,1.270
BANGLADESH,31055900,,0.630,0.110,0.740
BANGLADESH,31059020,,1.100,0.080,1.190
BANGLADESH,31059080,,0.570,0.060,0.630
BANGLADESH,7601,(L),0.360,,0.360
BANGLADESH,7603,(L),1.690,,1.690
BANGLADESH,76041010,(L),1.910,,1.910
BANGLADESH,76041090,(L),1.930,,1.930
BANGLADESH,76042100,(L),1.930,,1.930
BANGLADESH,76042910,(L),1.910,,1.910
BANGLADESH,76042990,(L),1.930,,1.930
BANGLADESH,7605,(L),1.910,,1.910
BANGLADESH,7606,(L),2.370,,2.370
BANGLADESH,7607,(L),2.370,,2.370
BANGLADESH,7608,(L),1.930,,1.930
BANGLADESH,76090000,(L),1.930,,1.930
BANGLADESH,76101000,(L),1.930,,1.930
BANGLADESH,761090,(L),1.930,,1.930
BANGLADESH,76109010,(L),1.930,,1.930
BANGLADESH,76109090,(L),1.930,,1.930
BANGLADESH,76110000,(L),2.370,,2.370
BANGLADESH,7612,(L),2.370,,2.370
BANGLADESH,76130000,(L),2.370,,2.370
BANGLADESH,7614,(L),1.910,,1.910
BANGLADESH,76161000,(L),2.370,,2.370
BANGLADESH,76169100,(L),2.370,,2.370
BANGLADESH,76169910,(L),1.690,,1.690
BANGLADESH,76169990,(L),2.370,,2.370
BANGLADESH,28041000,,10.820,,10.820
BAHRAIN,7601,(K),1.870,,1.870
BAHRAIN,7603,(K),1.980,,1.980
BAHRAIN,76041010,(K),2.200,,2.200
BAHRAIN,76041090,(K),2.220,,2.220
BAHRAIN,76042100,(K),2.220,,2.220
BAHRAIN,76042910,(K),2.200,,2.200
BAHRAIN,76042990,(K),2.220,,2.220
BAHRAIN,7605,(K),2.200,,2.200
BAHRAIN,7606,(K),2.660,,2.660
BAHRAIN,7607,(K),2.660,,2.660
BAHRAIN,7608,(K),2.220,,2.220
BAHRAIN,76090000,(K),2.220,,2.220
BAHRAIN,76101000,(K),2.220,,2.220
BAHRAIN,761090,(K),2.220,,2.220
BAHRAIN,76109010,(K),2.220,,2.220
BAHRAIN,76109090,(K),2.220,,2.220
BAHRAIN,76110000,(K),2.660,,2.660
BAHRAIN,7612,(K),2.660,,2.660
BAHRAIN,76130000,(K),2.660,,2.660
BAHRAIN,7614,(K),2.200,,2.200
BAHRAIN,76161000,(K),2.660,,2.660
BAHRAIN,76169100,(K),2.660,,2.660
BAHRAIN,76169910,(K),1.980,,1.980
BAHRAIN,76169990,(K),2.660,,2.660
BAHRAIN,28041000,,10.820,,10.820
BELARUS,2523100090,(A),1.340,0.030,1.370
BELARUS,25232900,,1.340,0.050,1.390
BELARUS,2523900090,(A),1.270,0.050,1.330
BELARUS,28080000,,2.690,0.030,2.720
BELARUS,28141000,,2.160,0.090,2.250
BELARUS,28142000,,0.650,0.030,0.680
BELARUS,28342100,,2.170,0.040,2.220
BELARUS,3102,,see below,see below,see below
BELARUS,31021012,,0.470,0.020,0.490
BELARUS,31021015,,0.780,0.020,0.800
BELARUS,31021019,,1.410,0.070,1.480
BELARUS,31021090,,1.380,0.070,1.450
BELARUS,31022100,,0.620,0.050,0.670
BELARUS,31022900,,1.390,0.060,1.450
BELARUS,31023010,,1.640,0.040,1.690
BELARUS,31023090,,2.530,0.070,2.600
BELARUS,31024010,,2.150,0.060,2.220
BELARUS,31024090,,2.150,0.060,2.220
BELARUS,31025000,,4.200,0.050,4.250
BELARUS,31026000,,2.120,0.060,2.180
BELARUS,31028000,,1.580,0.060,1.630
BELARUS,31029000,,1.610,0.060,1.670
BELARUS,3105,,see below,see below,see below
BELARUS,31051000,,0.800,0.050,0.860
BELARUS,31052010,,1.050,0.060,1.120
BELARUS,31052090,,0.710,0.050,0.760
BELARUS,31053000,,0.500,0.040,0.540
BELARUS,31054000,,0.320,0.030,0.350
BELARUS,31055100,,1.450,0.080,1.530
BELARUS,31055900,,0.570,0.080,0.650
BELARUS,31059020,,1.430,0.050,1.470
BELARUS,31059080,,0.730,0.030,0.760
BELARUS,28041000,,14.030,,14.030
BENIN,2523100090,(A),0.860,0.040,0.900
BENIN,25232900,,0.920,0.070,0.990
BENIN,2523900090,(A),0.880,0.070,0.960
BOLIVIA,2523100090,(A),0.870,0.030,0.900
BOLIVIA,25232900,,0.870,0.060,0.930
BOLIVIA,2523900090,(A),0.830,0.060,0.890
BOLIVIA,7601,(L),0.360,,0.360
BOLIVIA,7603,(L),0.470,,0.470
BOLIVIA,76041010,(L),0.690,,0.690
BOLIVIA,76041090,(L),0.710,,0.710
BOLIVIA,76042100,(L),0.710,,0.710
BOLIVIA,76042910,(L),0.690,,0.690
BOLIVIA,76042990,(L),0.710,,0.710
BOLIVIA,7605,(L),0.690,,0.690
BOLIVIA,7606,(L),1.150,,1.150
BOLIVIA,7607,(L),1.150,,1.150
BOLIVIA,7608,(L),0.710,,0.710
BOLIVIA,76090000,(L),0.710,,0.710
BOLIVIA,76101000,(L),0.710,,0.710
BOLIVIA,761090,(L),0.710,,0.710
BOLIVIA,76109010,(L),0.710,,0.710
BOLIVIA,76109090,(L),0.710,,0.710
BOLIVIA,76110000,(L),1.150,,1.150
BOLIVIA,7612,(L),1.150,,1.150
BOLIVIA,76130000,(L),1.150,,1.150
BOLIVIA,7614,(L),0.690,,0.690
BOLIVIA,76161000,(L),1.150,,1.150
BOLIVIA,76169100,(L),1.150,,1.150
BOLIVIA,76169910,(L),0.470,,0.470
BOLIVIA,76169990,(L),1.150,,1.150
BOLIVIA,28041000,,10.820,,10.820
BOSNIA AND HERZEGOVINA,2523100090,(A),0.860,0.060,0.920
BOSNIA AND HERZEGOVINA,25232900,,0.880,0.100,0.980
BOSNIA AND HERZEGOVINA,2523900090,(A),0.840,0.100,0.940
BOSNIA AND HERZEGOVINA,28080000,,2.670,0.060,2.730
BOSNIA AND HERZEGOVINA,28142000,,0.650,0.060,0.710
BOSNIA AND HERZEGOVINA,28342100,,2.160,0.090,2.260
BOSNIA AND HERZEGOVINA,3102,,see below,see below,see below
BOSNIA AND HERZEGOVINA,31021012,,0.490,0.050,0.540
BOSNIA AND HERZEGOVINA,31021015,,0.810,0.050,0.860
BOSNIA AND HERZEGOVINA,31021019,,1.470,0.150,1.620
BOSNIA AND HERZEGOVINA,31021090,,1.440,0.150,1.590
BOSNIA AND HERZEGOVINA,31022100,,0.640,0.110,0.750
BOSNIA AND HERZEGOVINA,31022900,,1.400,0.130,1.520
BOSNIA AND HERZEGOVINA,31023010,,1.640,0.100,1.740
BOSNIA AND HERZEGOVINA,31023090,,2.520,0.150,2.670
BOSNIA AND HERZEGOVINA,31024010,,2.160,0.140,2.300
BOSNIA AND HERZEGOVINA,31024090,,2.160,0.140,2.300
BOSNIA AND HERZEGOVINA,31025000,,4.160,0.100,4.260
BOSNIA AND HERZEGOVINA,31026000,,2.110,0.130,2.240
BOSNIA AND HERZEGOVINA,31028000,,1.590,0.120,1.710
BOSNIA AND HERZEGOVINA,31029000,,1.640,0.140,1.780
BOSNIA AND HERZEGOVINA,3105,,see below,see below,see below
BOSNIA AND HERZEGOVINA,31051000,,0.810,0.120,0.920
BOSNIA AND HERZEGOVINA,31052010,,1.060,0.140,1.200
BOSNIA AND HERZEGOVINA,31052090,,0.720,0.110,0.820
BOSNIA AND HERZEGOVINA,31053000,,0.510,0.080,0.590
BOSNIA AND HERZEGOVINA,31054000,,0.320,0.070,0.390
BOSNIA AND HERZEGOVINA,31055100,,1.460,0.170,1.630
BOSNIA AND HERZEGOVINA,31055900,,0.590,0.130,0.720
BOSNIA AND HERZEGOVINA,31059020,,1.420,0.100,1.530
BOSNIA AND HERZEGOVINA,31059080,,0.730,0.070,0.800
BOSNIA AND HERZEGOVINA,7601,(K),1.700,,1.700
BOSNIA AND HERZEGOVINA,7603,(K),3.279,,3.279
BOSNIA AND HERZEGOVINA,76041010,(K),3.059,,3.059
BOSNIA AND HERZEGOVINA,76041090,(K),3.059,,3.059
BOSNIA AND HERZEGOVINA,76042100,(K),3.059,,3.059
BOSNIA AND HERZEGOVINA,76042910,(K),3.059,,3.059
BOSNIA AND HERZEGOVINA,76042990,(K),3.059,,3.059
BOSNIA AND HERZEGOVINA,7605,(K),3.703,,3.703
BOSNIA AND HERZEGOVINA,7606,(K),4.532,,4.532
BOSNIA AND HERZEGOVINA,7607,(K),4.532,,4.532
BOSNIA AND HERZEGOVINA,7608,(K),3.721,,3.721
BOSNIA AND HERZEGOVINA,76090000,(K),3.721,,3.721
BOSNIA AND HERZEGOVINA,76101000,(K),3.721,,3.721
BOSNIA AND HERZEGOVINA,761090,(K),3.721,,3.721
BOSNIA AND HERZEGOVINA,76109010,(K),3.721,,3.721
BOSNIA AND HERZEGOVINA,76109090,(K),3.721,,3.721
BOSNIA AND HERZEGOVINA,76110000,(K),4.532,,4.532
BOSNIA AND HERZEGOVINA,7612,(K),4.532,,4.532
BOSNIA AND HERZEGOVINA,76130000,(K),4.532,,4.532
BOSNIA AND HERZEGOVINA,7614,(K),3.703,,3.703
BOSNIA AND HERZEGOVINA,76161000,(K),4.532,,4.532
BOSNIA AND HERZEGOVINA,76169100,(K),4.532,,4.532
BOSNIA AND HERZEGOVINA,76169910,(K),3.279,,3.279
BOSNIA AND HERZEGOVINA,76169990,(K),4.532,,4.532
BOSNIA AND HERZEGOVINA,28041000,,10.820,,10.820
BOSNIA AND HERZEGOVINA,26011200,,0.090,0.090,0.190
BOSNIA AND HERZEGOVINA,7201,,2.160,,2.160
BOSNIA AND HERZEGOVINA,7205,(C)/(F),2.200,,2.200
BOSNIA AND HERZEGOVINA,7206,,see below,see below,see below
BOSNIA AND HERZEGOVINA,72061000,(C),2.290,,2.290
BOSNIA AND HERZEGOVINA,72069000,(C),2.290,,2.290
BOSNIA AND HERZEGOVINA,7207,,see below,see below,see below
BOSNIA AND HERZEGOVINA,72071111,(C),2.340,,2.340
BOSNIA AND HERZEGOVINA,72071114,(C),2.340,,2.340
BOSNIA AND HERZEGOVINA,72071116,(C),2.340,,2.340
BOSNIA AND HERZEGOVINA,72071190,(C),2.290,,2.290
BOSNIA AND HERZEGOVINA,72071210,(C),2.340,,2.340
BOSNIA AND HERZEGOVINA,72071290,(C),2.290,,2.290
BOSNIA AND HERZEGOVINA,72071912,(C),2.340,,2.340
BOSNIA AND HERZEGOVINA,72071919,(C),2.290,,2.290
BOSNIA AND HERZEGOVINA,72071980,(C),2.340,,2.340
BOSNIA AND HERZEGOVINA,72072011,(C),2.340,,2.340
BOSNIA AND HERZEGOVINA,72072015,(C),2.340,,2.340
BOSNIA AND HERZEGOVINA,72072017,(C),2.340,,2.340
BOSNIA AND HERZEGOVINA,72072019,(C),2.290,,2.290
BOSNIA AND HERZEGOVINA,72072032,(C),2.340,,2.340
BOSNIA AND HERZEGOVINA,72072039,(C),2.290,,2.290
BOSNIA AND HERZEGOVINA,72072052,(C),2.340,,2.340
BOSNIA AND HERZEGOVINA,72072059,(C),2.290,,2.290
BOSNIA AND HERZEGOVINA,72072080,(C),2.340,,2.340
BOSNIA AND HERZEGOVINA,7208,(C),2.290,,2.290
BOSNIA AND HERZEGOVINA,7209,(C),2.290,,2.290
BOSNIA AND HERZEGOVINA,7210,(C),2.290,,2.290
BOSNIA AND HERZEGOVINA,7211,,see below,see below,see below
BOSNIA AND HERZEGOVINA,72111300,(C),2.290,,2.290
BOSNIA AND HERZEGOVINA,72111400,(C),2.290,,2.290
BOSNIA AND HERZEGOVINA,72111900,(C),2.290,,2.290
BOSNIA AND HERZEGOVINA,721123,(C),2.290,,2.290
BOSNIA AND HERZEGOVINA,72112900,(C),2.290,,2.290
BOSNIA AND HERZEGOVINA,721190,(C),2.290,,2.290
BOSNIA AND HERZEGOVINA,7212,(C),2.290,,2.290
BOSNIA AND HERZEGOVINA,7213,(C),2.340,,2.340
BOSNIA AND HERZEGOVINA,7214,,see below,see below,see below
BOSNIA AND HERZEGOVINA,72141000,(C),2.290,,2.290
BOSNIA AND HERZEGOVINA,72142000,(C),2.340,,2.340
BOSNIA AND HERZEGOVINA,72143000,(C),2.340,,2.340
BOSNIA AND HERZEGOVINA,721491,(C),2.340,,2.340
BOSNIA AND HERZEGOVINA,721499,(C),2.340,,2.340
BOSNIA AND HERZEGOVINA,7215,(C),2.340,,2.340
BOSNIA AND HERZEGOVINA,7216,(C),2.340,,2.340
BOSNIA AND HERZEGOVINA,7217,,see below,see below,see below
BOSNIA AND HERZEGOVINA,721710,(C),2.340,,2.340
BOSNIA AND HERZEGOVINA,721720,(C),2.340,,2.340
BOSNIA AND HERZEGOVINA,721730,(C),2.340,,2.340
BOSNIA AND HERZEGOVINA,721790,(C),2.340,,2.340
BOSNIA AND HERZEGOVINA,7218,,see below,see below,see below
BOSNIA AND HERZEGOVINA,72181000,,3.110,,3.110
BOSNIA AND HERZEGOVINA,721891,,3.110,,3.110
BOSNIA AND HERZEGOVINA,72189911,,3.110,,3.110
BOSNIA AND HERZEGOVINA,72189919,,3.110,,3.110
BOSNIA AND HERZEGOVINA,72189920,,3.110,,3.110
BOSNIA AND HERZEGOVINA,72189980,,3.110,,3.110
BOSNIA AND HERZEGOVINA,7219,,see below,see below,see below
BOSNIA AND HERZEGOVINA,72191100,,3.110,,3.110
BOSNIA AND HERZEGOVINA,721912,,3.110,,3.110
BOSNIA AND HERZEGOVINA,721913,,3.110,,3.110
BOSNIA AND HERZEGOVINA,721914,,3.110,,3.110
BOSNIA AND HERZEGOVINA,721921,,3.110,,3.110
BOSNIA AND HERZEGOVINA,721922,,3.110,,3.110
BOSNIA AND HERZEGOVINA,72192300,,3.110,,3.110
BOSNIA AND HERZEGOVINA,72192400,,3.110,,3.110
BOSNIA AND HERZEGOVINA,72193100,,3.110,,3.110
BOSNIA AND HERZEGOVINA,721932,,3.110,,3.110
BOSNIA AND HERZEGOVINA,721933,,3.110,,3.110
BOSNIA AND HERZEGOVINA,721934,,3.110,,3.110
BOSNIA AND HERZEGOVINA,721935,,3.110,,3.110
BOSNIA AND HERZEGOVINA,721990,,3.110,,3.110
BOSNIA AND HERZEGOVINA,7220,,see below,see below,see below
BOSNIA AND HERZEGOVINA,72201100,,3.110,,3.110
BOSNIA AND HERZEGOVINA,72201200,,3.110,,3.110
BOSNIA AND HERZEGOVINA,722020,,3.110,,3.110
BOSNIA AND HERZEGOVINA,722090,,3.110,,3.110
BOSNIA AND HERZEGOVINA,7221,,3.270,,3.270
BOSNIA AND HERZEGOVINA,7222,,see below,see below,see below
BOSNIA AND HERZEGOVINA,722211,,3.270,,3.270
BOSNIA AND HERZEGOVINA,722219,,3.270,,3.270
BOSNIA AND HERZEGOVINA,722220,,3.270,,3.270
BOSNIA AND HERZEGOVINA,722230,,3.110,,3.110
BOSNIA AND HERZEGOVINA,722240,,3.270,,3.270
BOSNIA AND HERZEGOVINA,7223,,see below,see below,see below
BOSNIA AND HERZEGOVINA,722300,,3.270,,3.270
BOSNIA AND HERZEGOVINA,7224,,see below,see below,see below
BOSNIA AND HERZEGOVINA,722410,(F),3.460,,3.460
BOSNIA AND HERZEGOVINA,72249002,(F),3.460,,3.460
BOSNIA AND HERZEGOVINA,72249003,(F),3.460,,3.460
BOSNIA AND HERZEGOVINA,72249005,(F),3.460,,3.460
BOSNIA AND HERZEGOVINA,72249007,(F),3.460,,3.460
BOSNIA AND HERZEGOVINA,72249014,(F),3.460,,3.460
BOSNIA AND HERZEGOVINA,72249018,(F),3.460,,3.460
BOSNIA AND HERZEGOVINA,72249031,(F),3.460,,3.460
BOSNIA AND HERZEGOVINA,72249038,(F),3.460,,3.460
BOSNIA AND HERZEGOVINA,72249090,(F),3.460,,3.460
BOSNIA AND HERZEGOVINA,7225,,see below,see below,see below
BOSNIA AND HERZEGOVINA,72251100,(C),4.590,,4.590
BOSNIA AND HERZEGOVINA,72251910,(C),3.460,,3.460
BOSNIA AND HERZEGOVINA,72251990,(C),3.460,,3.460
BOSNIA AND HERZEGOVINA,722530,(F),3.460,,3.460
BOSNIA AND HERZEGOVINA,722540,(F),3.460,,3.460
BOSNIA AND HERZEGOVINA,722550,(F),3.460,,3.460
BOSNIA AND HERZEGOVINA,72259100,(F),3.460,,3.460
BOSNIA AND HERZEGOVINA,72259200,(F),3.460,,3.460
BOSNIA AND HERZEGOVINA,72259900,(F),3.460,,3.460
BOSNIA AND HERZEGOVINA,7226,,see below,see below,see below
BOSNIA AND HERZEGOVINA,72261100,(C),4.590,,4.590
BOSNIA AND HERZEGOVINA,72261910,(C),3.460,,3.460
BOSNIA AND HERZEGOVINA,72261980,(C),3.460,,3.460
BOSNIA AND HERZEGOVINA,72262000,(F),3.460,,3.460
BOSNIA AND HERZEGOVINA,722691,(F),3.460,,3.460
BOSNIA AND HERZEGOVINA,72269200,(F),3.460,,3.460
BOSNIA AND HERZEGOVINA,722699,(F),3.460,,3.460
BOSNIA AND HERZEGOVINA,7227,(C)/(F),3.620,,3.620
BOSNIA AND HERZEGOVINA,7228,,see below,see below,see below
BOSNIA AND HERZEGOVINA,72281020,(F),3.620,,3.620
BOSNIA AND HERZEGOVINA,72281050,(F),3.460,,3.460
BOSNIA AND HERZEGOVINA,72281090,(F),3.620,,3.620
BOSNIA AND HERZEGOVINA,722820,(F),3.620,,3.620
BOSNIA AND HERZEGOVINA,722830,(C)/(F),3.620,,3.620
BOSNIA AND HERZEGOVINA,722840,(F),3.460,,3.460
BOSNIA AND HERZEGOVINA,722850,(C)/(F),3.620,,3.620
BOSNIA AND HERZEGOVINA,722860,(F),3.620,,3.620
BOSNIA AND HERZEGOVINA,722870,(F),3.620,,3.620
BOSNIA AND HERZEGOVINA,72288000,(F),3.620,,3.620
BOSNIA AND HERZEGOVINA,7229,(C)/(F),3.620,,3.620
BOSNIA AND HERZEGOVINA,7301,(C),2.290,,2.290
BOSNIA AND HERZEGOVINA,7302,(C),2.880,,2.880
BOSNIA AND HERZEGOVINA,7303,,see below,see below,see below
BOSNIA AND HERZEGOVINA,730300,,2.270,,2.270
BOSNIA AND HERZEGOVINA,7304,,see below,see below,see below
BOSNIA AND HERZEGOVINA,73041100,,3.190,,3.190
BOSNIA AND HERZEGOVINA,730419,(C),2.370,,2.370
BOSNIA AND HERZEGOVINA,73042200,,3.190,,3.190
BOSNIA AND HERZEGOVINA,73042300,(C),2.370,,2.370
BOSNIA AND HERZEGOVINA,73042400,,3.190,,3.190
BOSNIA AND HERZEGOVINA,730429,(C),2.370,,2.370
BOSNIA AND HERZEGOVINA,730431,(C),2.370,,2.370
BOSNIA AND HERZEGOVINA,730439,(C),2.370,,2.370
BOSNIA AND HERZEGOVINA,73044100,,3.190,,3.190
BOSNIA AND HERZEGOVINA,730449,,3.190,,3.190
BOSNIA AND HERZEGOVINA,730451,(F),2.290,,2.290
BOSNIA AND HERZEGOVINA,730459,(C)/(F),2.290,,2.290
BOSNIA AND HERZEGOVINA,73049000,(C),2.370,,2.370
BOSNIA AND HERZEGOVINA,7305,(C),2.290,,2.290
BOSNIA AND HERZEGOVINA,7306,,see below,see below,see below
BOSNIA AND HERZEGOVINA,73061100,,3.110,,3.110
BOSNIA AND HERZEGOVINA,73061900,(C),2.290,,2.290
BOSNIA AND HERZEGOVINA,73062100,,3.110,,3.110
BOSNIA AND HERZEGOVINA,73062900,(C),2.290,,2.290
BOSNIA AND HERZEGOVINA,73063012,(C),2.290,,2.290
BOSNIA AND HERZEGOVINA,73063018,(C),2.290,,2.290
BOSNIA AND HERZEGOVINA,73063041,(C),2.290,,2.290
BOSNIA AND HERZEGOVINA,73063049,(C),2.290,,2.290
BOSNIA AND HERZEGOVINA,73063072,(C),2.290,,2.290
BOSNIA AND HERZEGOVINA,73063077,(C),2.290,,2.290
BOSNIA AND HERZEGOVINA,73063080,(C),2.290,,2.290
BOSNIA AND HERZEGOVINA,73064020,,3.110,,3.110
BOSNIA AND HERZEGOVINA,73064080,,3.110,,3.110
BOSNIA AND HERZEGOVINA,73065021,(F),2.210,,2.210
BOSNIA AND HERZEGOVINA,73065029,(F),2.210,,2.210
BOSNIA AND HERZEGOVINA,73065080,(F),2.210,,2.210
BOSNIA AND HERZEGOVINA,73066110,,3.110,,3.110
BOSNIA AND HERZEGOVINA,73066192,(C),2.290,,2.290
BOSNIA AND HERZEGOVINA,73066199,(C),2.290,,2.290
BOSNIA AND HERZEGOVINA,73066910,,3.110,,3.110
BOSNIA AND HERZEGOVINA,73066990,(C),2.290,,2.290
BOSNIA AND HERZEGOVINA,73069000,(C),2.290,,2.290
BOSNIA AND HERZEGOVINA,7307,,see below,see below,see below
BOSNIA AND HERZEGOVINA,730711,,2.180,,2.180
BOSNIA AND HERZEGOVINA,73071910,,2.180,,2.180
BOSNIA AND HERZEGOVINA,73071990,(C),2.290,,2.290
BOSNIA AND HERZEGOVINA,73072100,,2.860,,2.860
BOSNIA AND HERZEGOVINA,730722,,2.860,,2.860
BOSNIA AND HERZEGOVINA,730723,,2.860,,2.860
BOSNIA AND HERZEGOVINA,730729,,2.860,,2.860
BOSNIA AND HERZEGOVINA,73079100,(C),2.370,,2.370
BOSNIA AND HERZEGOVINA,730792,(C),2.370,,2.370
BOSNIA AND HERZEGOVINA,730793,(C),2.370,,2.370
BOSNIA AND HERZEGOVINA,730799,(C),2.370,,2.370
BOSNIA AND HERZEGOVINA,7308,(C),2.850,,2.850
BOSNIA AND HERZEGOVINA,7309,(C),3.020,,3.020
BOSNIA AND HERZEGOVINA,7310,(C),2.290,,2.290
BOSNIA AND HERZEGOVINA,7311,,see below,see below,see below
BOSNIA AND HERZEGOVINA,731100,(C),3.080,,3.080
BOSNIA AND HERZEGOVINA,7318,,see below,see below,see below
BOSNIA AND HERZEGOVINA,73181100,(C),2.340,,2.340
BOSNIA AND HERZEGOVINA,73181210,,3.170,,3.170
BOSNIA AND HERZEGOVINA,73181290,(C),2.340,,2.340
BOSNIA AND HERZEGOVINA,73181300,(C),2.340,,2.340
BOSNIA AND HERZEGOVINA,73181410,,3.170,,3.170
BOSNIA AND HERZEGOVINA,73181491,(C),2.340,,2.340
BOSNIA AND HERZEGOVINA,73181499,(C),2.340,,2.340
BOSNIA AND HERZEGOVINA,731815,(C),2.810,,2.810
BOSNIA AND HERZEGOVINA,731816,(C),3.040,,3.040
BOSNIA AND HERZEGOVINA,73181900,(C),2.340,,2.340
BOSNIA AND HERZEGOVINA,73182100,(C),2.340,,2.340
BOSNIA AND HERZEGOVINA,73182200,(C),2.410,,2.410
BOSNIA AND HERZEGOVINA,73182300,(C),2.350,,2.350
BOSNIA AND HERZEGOVINA,73182400,(C),2.340,,2.340
BOSNIA AND HERZEGOVINA,73182900,(C),2.340,,2.340
BOSNIA AND HERZEGOVINA,7326,,see below,see below,see below
BOSNIA AND HERZEGOVINA,73261100,(C),2.290,,2.290
BOSNIA AND HERZEGOVINA,732619,(C),2.290,,2.290
BOSNIA AND HERZEGOVINA,73262000,(C),2.340,,2.340
BOSNIA AND HERZEGOVINA,73269030,(C),2.340,,2.340
BOSNIA AND HERZEGOVINA,73269040,(C),2.340,,2.340
BOSNIA AND HERZEGOVINA,73269050,(C),2.340,,2.340
BOSNIA AND HERZEGOVINA,73269060,(C),2.340,,2.340
BOSNIA AND HERZEGOVINA,73269092,(C),2.290,,2.290
BOSNIA AND HERZEGOVINA,73269094,(C),2.290,,2.290
BOSNIA AND HERZEGOVINA,73269096,(C),2.290,,2.290
BOSNIA AND HERZEGOVINA,73269098,(C),2.290,,2.290
BRAZIL,25232100,,1.220,0.120,1.340
BRAZIL,25233000,,1.910,0.070,1.980
BRAZIL,28080000,,2.040,0.020,2.070
BRAZIL,28141000,,3.120,0.080,3.210
BRAZIL,28142000,,0.940,0.020,0.960
BRAZIL,28342100,,1.930,0.040,1.960
BRAZIL,3102,,see below,see below,see below
BRAZIL,31021012,,0.670,0.020,0.690
BRAZIL,31021015,,1.110,0.020,1.130
BRAZIL,31021019,,2.020,0.060,2.070
BRAZIL,31021090,,1.970,0.050,2.030
BRAZIL,31022100,,0.890,0.040,0.930
BRAZIL,31022900,,1.440,0.040,1.480
BRAZIL,31023010,,1.470,0.030,1.500
BRAZIL,31023090,,2.260,0.050,2.310
BRAZIL,31024010,,1.940,0.040,1.990
BRAZIL,31024090,,1.940,0.040,1.990
BRAZIL,31025000,,3.190,0.040,3.230
BRAZIL,31026000,,1.890,0.040,1.940
BRAZIL,31028000,,1.650,0.040,1.690
BRAZIL,31029000,,1.860,0.050,1.910
BRAZIL,3105,,see below,see below,see below
BRAZIL,31051000,,0.870,0.040,0.910
BRAZIL,31052010,,0.990,0.040,1.030
BRAZIL,31052090,,0.680,0.030,0.710
BRAZIL,31053000,,0.730,0.030,0.750
BRAZIL,31054000,,0.460,0.020,0.480
BRAZIL,31055100,,1.340,0.050,1.390
BRAZIL,31055900,,0.820,0.070,0.900
BRAZIL,31059020,,1.310,0.030,1.340
BRAZIL,31059080,,0.680,0.020,0.700
BRAZIL,7601,(K),1.700,,1.700
BRAZIL,7603,(K),1.820,,1.820
BRAZIL,76041010,(K),2.040,,2.040
BRAZIL,76041090,(K),2.060,,2.060
BRAZIL,76042100,(K),2.060,,2.060
BRAZIL,76042910,(K),2.040,,2.040
BRAZIL,76042990,(K),2.060,,2.060
BRAZIL,7605,(K),2.040,,2.040
BRAZIL,7606,(K),2.500,,2.500
BRAZIL,7607,(K),2.500,,2.500
BRAZIL,7608,(K),2.060,,2.060
BRAZIL,76090000,(K),2.060,,2.060
BRAZIL,76101000,(K),2.060,,2.060
BRAZIL,761090,(K),2.060,,2.060
BRAZIL,76109010,(K),2.060,,2.060
BRAZIL,76109090,(K),2.060,,2.060
BRAZIL,76110000,(K),2.500,,2.500
BRAZIL,7612,(K),2.500,,2.500
BRAZIL,76130000,(K),2.500,,2.500
BRAZIL,7614,(K),2.040,,2.040
BRAZIL,76161000,(K),2.500,,2.500
BRAZIL,76169100,(K),2.500,,2.500
BRAZIL,76169910,(K),1.820,,1.820
BRAZIL,76169990,(K),2.500,,2.500
BRAZIL,28041000,,10.820,,10.820
BRAZIL,26011200,,0.190,0.010,0.200
BRAZIL,7201,,1.478,,1.478
BRAZIL,720211,,1.690,,1.690
BRAZIL,720241,,2.350,,2.350
BRAZIL,72026000,,3.480,,3.480
BRAZIL,7205,(C)/(F),1.430,,1.430
BRAZIL,7206,,see below,see below,see below
BRAZIL,72061000,(C),1.480,,1.480
BRAZIL,72069000,(C),1.480,,1.480
BRAZIL,7207,,see below,see below,see below
BRAZIL,72071111,(C),1.610,,1.610
BRAZIL,72071114,(C),1.610,,1.610
BRAZIL,72071116,(C),1.610,,1.610
BRAZIL,72071190,(C),2.440,,2.440
BRAZIL,72071210,(C),1.610,,1.610
BRAZIL,72071290,(C),2.440,,2.440
BRAZIL,72071912,(C),1.610,,1.610
BRAZIL,72071919,(C),2.440,,2.440
BRAZIL,72071980,(C),1.610,,1.610
BRAZIL,72072011,(C),1.610,,1.610
BRAZIL,72072015,(C),1.610,,1.610
BRAZIL,72072017,(C),1.610,,1.610
BRAZIL,72072019,(C),2.440,,2.440
BRAZIL,72072032,(C),1.610,,1.610
BRAZIL,72072039,(C),2.440,,2.440
BRAZIL,72072052,(C),1.610,,1.610
BRAZIL,72072059,(C),2.440,,2.440
BRAZIL,72072080,(C),1.610,,1.610
BRAZIL,7208,(C),1.620,,1.620
BRAZIL,7209,(C),1.730,,1.730
BRAZIL,7210,(C),1.730,,1.730
BRAZIL,7211,,see below,see below,see below
BRAZIL,72111300,(C),1.620,,1.620
BRAZIL,72111400,(C),1.620,,1.620
BRAZIL,72111900,(C),1.620,,1.620
BRAZIL,721123,(C),1.730,,1.730
BRAZIL,72112900,(C),1.730,,1.730
BRAZIL,721190,(C),1.730,,1.730
BRAZIL,7212,(C),1.730,,1.730
BRAZIL,7213,(C),1.610,,1.610
BRAZIL,7214,,see below,see below,see below
BRAZIL,72141000,(C),2.440,,2.440
BRAZIL,72142000,(C),1.610,,1.610
BRAZIL,72143000,(C),1.610,,1.610
BRAZIL,721491,(C),1.610,,1.610
BRAZIL,721499,(C),1.610,,1.610
BRAZIL,7215,(C),1.610,,1.610
BRAZIL,7216,(C),1.610,,1.610
BRAZIL,7217,,see below,see below,see below
BRAZIL,721710,(C),1.640,,1.640
BRAZIL,721720,(C),1.640,,1.640
BRAZIL,721730,(C),1.640,,1.640
BRAZIL,721790,(C),1.640,,1.640
BRAZIL,7218,,see below,see below,see below
BRAZIL,72181000,,3.940,,3.940
BRAZIL,721891,,3.210,,3.210
BRAZIL,72189911,,3.210,,3.210
BRAZIL,72189919,,3.940,,3.940
BRAZIL,72189920,,3.210,,3.210
BRAZIL,72189980,,3.940,,3.940
BRAZIL,7219,,see below,see below,see below
BRAZIL,72191100,,3.210,,3.210
BRAZIL,721912,,3.210,,3.210
BRAZIL,721913,,3.210,,3.210
BRAZIL,721914,,3.210,,3.210
BRAZIL,721921,,3.210,,3.210
BRAZIL,721922,,3.210,,3.210
BRAZIL,72192300,,3.210,,3.210
BRAZIL,72192400,,3.210,,3.210
BRAZIL,72193100,,3.320,,3.320
BRAZIL,721932,,3.320,,3.320
BRAZIL,721933,,3.320,,3.320
BRAZIL,721934,,3.320,,3.320
BRAZIL,721935,,3.320,,3.320
BRAZIL,721990,,3.320,,3.320
BRAZIL,7220,,see below,see below,see below
BRAZIL,72201100,,3.210,,3.210
BRAZIL,72201200,,3.210,,3.210
BRAZIL,722020,,3.320,,3.320
BRAZIL,722090,,3.320,,3.320
BRAZIL,7221,,3.340,,3.340
BRAZIL,7222,,see below,see below,see below
BRAZIL,722211,,3.340,,3.340
BRAZIL,722219,,3.340,,3.340
BRAZIL,722220,,3.340,,3.340
BRAZIL,722230,,3.940,,3.940
BRAZIL,722240,,3.340,,3.340
BRAZIL,7223,,see below,see below,see below
BRAZIL,722300,,3.370,,3.370
BRAZIL,7224,,see below,see below,see below
BRAZIL,722410,(F),4.380,,4.380
BRAZIL,72249002,(F),3.650,,3.650
BRAZIL,72249003,(F),3.650,,3.650
BRAZIL,72249005,(F),3.650,,3.650
BRAZIL,72249007,(F),3.650,,3.650
BRAZIL,72249014,(F),3.650,,3.650
BRAZIL,72249018,(F),4.380,,4.380
BRAZIL,72249031,(F),3.650,,3.650
BRAZIL,72249038,(F),3.650,,3.650
BRAZIL,72249090,(F),4.380,,4.380
BRAZIL,7225,,see below,see below,see below
BRAZIL,72251100,(C),4.760,,4.760
BRAZIL,72251910,(C),3.650,,3.650
BRAZIL,72251990,(C),3.760,,3.760
BRAZIL,722530,(F),3.650,,3.650
BRAZIL,722540,(F),3.650,,3.650
BRAZIL,722550,(F),3.760,,3.760
BRAZIL,72259100,(F),3.760,,3.760
BRAZIL,72259200,(F),3.760,,3.760
BRAZIL,72259900,(F),3.760,,3.760
BRAZIL,7226,,see below,see below,see below
BRAZIL,72261100,(C),4.760,,4.760
BRAZIL,72261910,(C),3.650,,3.650
BRAZIL,72261980,(C),3.760,,3.760
BRAZIL,72262000,(F),3.650,,3.650
BRAZIL,722691,(F),3.650,,3.650
BRAZIL,72269200,(F),3.760,,3.760
BRAZIL,722699,(F),3.760,,3.760
BRAZIL,7227,(C)/(F),3.780,,3.780
BRAZIL,7228,,see below,see below,see below
BRAZIL,72281020,(F),3.780,,3.780
BRAZIL,72281050,(F),4.380,,4.380
BRAZIL,72281090,(F),3.780,,3.780
BRAZIL,722820,(F),3.780,,3.780
BRAZIL,722830,(C)/(F),3.780,,3.780
BRAZIL,722840,(F),4.380,,4.380
BRAZIL,722850,(C)/(F),3.780,,3.780
BRAZIL,722860,(F),3.780,,3.780
BRAZIL,722870,(F),3.780,,3.780
BRAZIL,72288000,(F),3.780,,3.780
BRAZIL,7229,(C)/(F),3.810,,3.810
BRAZIL,7301,(C),1.730,,1.730
BRAZIL,7302,(C),2.720,,2.720
BRAZIL,7303,,see below,see below,see below
BRAZIL,730300,,2.900,,2.900
BRAZIL,7304,,see below,see below,see below
BRAZIL,73041100,,3.150,,3.150
BRAZIL,730419,(C),1.670,,1.670
BRAZIL,73042200,,3.150,,3.150
BRAZIL,73042300,(C),1.670,,1.670
BRAZIL,73042400,,3.150,,3.150
BRAZIL,730429,(C),1.670,,1.670
BRAZIL,730431,(C),1.670,,1.670
BRAZIL,730439,(C),1.670,,1.670
BRAZIL,73044100,,3.150,,3.150
BRAZIL,730449,,3.150,,3.150
BRAZIL,730451,(F),1.650,,1.650
BRAZIL,730459,(C)/(F),1.650,,1.650
BRAZIL,73049000,(C),1.670,,1.670
BRAZIL,7305,(C),1.730,,1.730
BRAZIL,7306,,see below,see below,see below
BRAZIL,73061100,,3.320,,3.320
BRAZIL,73061900,(C),1.740,,1.740
BRAZIL,73062100,,3.320,,3.320
BRAZIL,73062900,(C),1.740,,1.740
BRAZIL,73063012,(C),1.740,,1.740
BRAZIL,73063018,(C),1.630,,1.630
BRAZIL,73063041,(C),1.740,,1.740
BRAZIL,73063049,(C),1.740,,1.740
BRAZIL,73063072,(C),1.740,,1.740
BRAZIL,73063077,(C),1.740,,1.740
BRAZIL,73063080,(C),1.740,,1.740
BRAZIL,73064020,,3.320,,3.320
BRAZIL,73064080,,3.210,,3.210
BRAZIL,73065021,(F),1.830,,1.830
BRAZIL,73065029,(F),1.730,,1.730
BRAZIL,73065080,(F),1.830,,1.830
BRAZIL,73066110,,3.320,,3.320
BRAZIL,73066192,(C),1.740,,1.740
BRAZIL,73066199,(C),1.740,,1.740
BRAZIL,73066910,,3.320,,3.320
BRAZIL,73066990,(C),1.740,,1.740
BRAZIL,73069000,(C),1.740,,1.740
BRAZIL,7307,,see below,see below,see below
BRAZIL,730711,,2.320,,2.320
BRAZIL,73071910,,2.320,,2.320
BRAZIL,73071990,(C),2.440,,2.440
BRAZIL,73072100,,2.770,,2.770
BRAZIL,730722,,2.770,,2.770
BRAZIL,730723,,2.770,,2.770
BRAZIL,730729,,2.770,,2.770
BRAZIL,73079100,(C),1.650,,1.650
BRAZIL,730792,(C),1.650,,1.650
BRAZIL,730793,(C),1.650,,1.650
BRAZIL,730799,(C),1.650,,1.650
BRAZIL,7308,(C),2.910,,2.910
BRAZIL,7309,(C),3.120,,3.120
BRAZIL,7310,(C),1.740,,1.740
BRAZIL,7311,,see below,see below,see below
BRAZIL,731100,(C),3.000,,3.000
BRAZIL,7318,,see below,see below,see below
BRAZIL,73181100,(C),1.610,,1.610
BRAZIL,73181210,,3.110,,3.110
BRAZIL,73181290,(C),1.610,,1.610
BRAZIL,73181300,(C),1.610,,1.610
BRAZIL,73181410,,3.110,,3.110
BRAZIL,73181491,(C),1.610,,1.610
BRAZIL,73181499,(C),1.610,,1.610
BRAZIL,731815,(C),2.560,,2.560
BRAZIL,731816,(C),2.960,,2.960
BRAZIL,73181900,(C),1.610,,1.610
BRAZIL,73182100,(C),1.610,,1.610
BRAZIL,73182200,(C),1.880,,1.880
BRAZIL,73182300,(C),1.780,,1.780
BRAZIL,73182400,(C),1.610,,1.610
BRAZIL,73182900,(C),1.610,,1.610
BRAZIL,7326,,see below,see below,see below
BRAZIL,73261100,(C),2.440,,2.440
BRAZIL,732619,(C),2.440,,2.440
BRAZIL,73262000,(C),1.640,,1.640
BRAZIL,73269030,(C),1.610,,1.610
BRAZIL,73269040,(C),1.610,,1.610
BRAZIL,73269050,(C),1.610,,1.610
BRAZIL,73269060,(C),1.610,,1.610
BRAZIL,73269092,(C),2.440,,2.440
BRAZIL,73269094,(C),2.440,,2.440
BRAZIL,73269096,(C),2.440,,2.440
BRAZIL,73269098,(C),1.730,,1.730
BRUNEI,25232900,,1.040,0.070,1.110
BRUNEI,28041000,,10.820,,10.820
CAMBODIA,2523100090,(A),0.870,0.030,0.900
CAMBODIA,25232900,,0.870,0.060,0.920
CAMBODIA,2523900090,(A),0.830,0.060,0.890
CAMBODIA,28080000,,2.260,0.050,2.320
CAMBODIA,28142000,,0.720,0.050,0.770
CAMBODIA,28342100,,1.940,0.070,2.020
CAMBODIA,3102,,see below,see below,see below
CAMBODIA,31021012,,0.870,0.040,0.910
CAMBODIA,31021015,,1.440,0.040,1.480
CAMBODIA,31021019,,2.610,0.120,2.730
CAMBODIA,31021090,,2.550,0.120,2.670
CAMBODIA,31022100,,0.700,0.080,0.780
CAMBODIA,31022900,,1.330,0.100,1.430
CAMBODIA,31023010,,1.470,0.070,1.550
CAMBODIA,31023090,,2.270,0.110,2.380
CAMBODIA,31024010,,1.950,0.100,2.050
CAMBODIA,31024090,,1.950,0.100,2.050
CAMBODIA,31025000,,3.530,0.080,3.610
CAMBODIA,31026000,,1.900,0.100,2.000
CAMBODIA,31028000,,1.850,0.090,1.940
CAMBODIA,31029000,,2.150,0.110,2.260
CAMBODIA,3105,,see below,see below,see below
CAMBODIA,31051000,,0.780,0.080,0.870
CAMBODIA,31052010,,0.970,0.100,1.070
CAMBODIA,31052090,,0.660,0.070,0.730
CAMBODIA,31053000,,0.560,0.060,0.620
CAMBODIA,31054000,,0.360,0.050,0.410
CAMBODIA,31055100,,1.330,0.120,1.450
CAMBODIA,31055900,,0.640,0.110,0.750
CAMBODIA,31059020,,1.290,0.080,1.370
CAMBODIA,31059080,,0.660,0.050,0.720
CAMEROON,2507008080,,0.180,0.080,0.260
CAMEROON,28080000,,1.810,0.060,1.870
CAMEROON,28142000,,0.690,0.060,0.750
CAMEROON,28342100,,1.630,0.080,1.710
CAMEROON,3102,,see below,see below,see below
CAMEROON,31021012,,0.520,0.040,0.560
CAMEROON,31021015,,0.850,0.040,0.900
CAMEROON,31021019,,1.550,0.130,1.680
CAMEROON,31021090,,1.520,0.130,1.650
CAMEROON,31022100,,0.670,0.080,0.750
CAMEROON,31022900,,1.170,0.090,1.260
CAMEROON,31023010,,1.240,0.070,1.310
CAMEROON,31023090,,1.900,0.110,2.010
CAMEROON,31024010,,1.640,0.100,1.740
CAMEROON,31024090,,1.640,0.100,1.740
CAMEROON,31025000,,2.820,0.100,2.920
CAMEROON,31026000,,1.600,0.100,1.690
CAMEROON,31028000,,1.340,0.090,1.440
CAMEROON,31029000,,1.490,0.110,1.600
CAMEROON,3105,,see below,see below,see below
CAMEROON,31051000,,0.700,0.070,0.770
CAMEROON,31052010,,0.830,0.080,0.910
CAMEROON,31052090,,0.570,0.060,0.620
CAMEROON,31053000,,0.540,0.060,0.600
CAMEROON,31054000,,0.340,0.040,0.390
CAMEROON,31055100,,1.130,0.100,1.230
CAMEROON,31055900,,0.620,0.100,0.720
CAMEROON,31059020,,1.100,0.070,1.170
CAMEROON,31059080,,0.560,0.040,0.610
CAMEROON,7601,(K),1.700,,1.700
CAMEROON,7603,(K),1.810,,1.810
CAMEROON,76041010,(K),2.030,,2.030
CAMEROON,76041090,(K),2.050,,2.050
CAMEROON,76042100,(K),2.050,,2.050
CAMEROON,76042910,(K),2.030,,2.030
CAMEROON,76042990,(K),2.050,,2.050
CAMEROON,7605,(K),2.030,,2.030
CAMEROON,7606,(K),2.490,,2.490
CAMEROON,7607,(K),2.490,,2.490
CAMEROON,7608,(K),2.050,,2.050
CAMEROON,76090000,(K),2.050,,2.050
CAMEROON,76101000,(K),2.050,,2.050
CAMEROON,761090,(K),2.050,,2.050
CAMEROON,76109010,(K),2.050,,2.050
CAMEROON,76109090,(K),2.050,,2.050
CAMEROON,76110000,(K),2.490,,2.490
CAMEROON,7612,(K),2.490,,2.490
CAMEROON,76130000,(K),2.490,,2.490
CAMEROON,7614,(K),2.030,,2.030
CAMEROON,76161000,(K),2.490,,2.490
CAMEROON,76169100,(K),2.490,,2.490
CAMEROON,76169910,(K),1.810,,1.810
CAMEROON,76169990,(K),2.490,,2.490
CAMEROON,28041000,,10.820,,10.820
CANADA,2507008080,,0.210,0.030,0.240
CANADA,2523100010,(B),1.280,0.020,1.290
CANADA,25232100,,1.240,0.120,1.360
CANADA,2523900010,(B),1.290,0.130,1.420
CANADA,28080000,,1.510,0.020,1.540
CANADA,28141000,,1.910,0.070,1.980
CANADA,28142000,,0.570,0.020,0.590
CANADA,28342100,,1.360,0.030,1.400
CANADA,3102,,see below,see below,see below
CANADA,31021012,,0.440,0.020,0.460
CANADA,31021015,,0.720,0.020,0.740
CANADA,31021019,,1.310,0.060,1.370
CANADA,31021090,,1.280,0.060,1.340
CANADA,31022100,,0.570,0.040,0.610
CANADA,31022900,,0.980,0.050,1.030
CANADA,31023010,,1.040,0.040,1.070
CANADA,31023090,,1.600,0.060,1.650
CANADA,31024010,,1.390,0.050,1.440
CANADA,31024090,,1.390,0.050,1.440
CANADA,31025000,,2.360,0.040,2.400
CANADA,31026000,,1.340,0.050,1.390
CANADA,31028000,,1.130,0.040,1.170
CANADA,31029000,,1.250,0.050,1.300
CANADA,3105,,see below,see below,see below
CANADA,31051000,,0.590,0.050,0.630
CANADA,31052010,,0.700,0.050,0.760
CANADA,31052090,,0.480,0.040,0.520
CANADA,31053000,,0.450,0.030,0.480
CANADA,31054000,,0.290,0.030,0.320
CANADA,31055100,,0.950,0.070,1.020
CANADA,31055900,,0.530,0.070,0.600
CANADA,31059020,,0.920,0.040,0.960
CANADA,31059080,,0.480,0.030,0.500
CANADA,7601,(K),1.960,,1.960
CANADA,7603,(K),2.070,,2.070
CANADA,76041010,(K),2.290,,2.290
CANADA,76041090,(K),2.310,,2.310
CANADA,76042100,(K),2.310,,2.310
CANADA,76042910,(K),2.290,,2.290
CANADA,76042990,(K),2.310,,2.310
CANADA,7605,(K),2.290,,2.290
CANADA,7606,(K),2.750,,2.750
CANADA,7607,(K),2.750,,2.750
CANADA,7608,(K),2.310,,2.310
CANADA,76090000,(K),2.310,,2.310
CANADA,76101000,(K),2.310,,2.310
CANADA,761090,(K),2.310,,2.310
CANADA,76109010,(K),2.310,,2.310
CANADA,76109090,(K),2.310,,2.310
CANADA,76110000,(K),2.750,,2.750
CANADA,7612,(K),2.750,,2.750
CANADA,76130000,(K),2.750,,2.750
CANADA,7614,(K),2.290,,2.290
CANADA,76161000,(K),2.750,,2.750
CANADA,76169100,(K),2.750,,2.750
CANADA,76169910,(K),2.070,,2.070
CANADA,76169990,(K),2.750,,2.750
CANADA,28041000,,10.820,,10.820
CANADA,26011200,,0.080,0.010,0.090
CANADA,7201,,1.110,,1.110
CANADA,720211,,1.690,,1.690
CANADA,720241,,2.350,,2.350
CANADA,72026000,,3.480,,3.480
CANADA,7203,,0.760,,0.760
CANADA,7205,(C)/(F),1.290,,1.290
CANADA,7206,,see below,see below,see below
CANADA,72061000,(C),1.330,,1.330
CANADA,72069000,(C),1.330,,1.330
CANADA,7207,,see below,see below,see below
CANADA,72071111,(C),1.330,,1.330
CANADA,72071114,(C),1.330,,1.330
CANADA,72071116,(C),1.330,,1.330
CANADA,72071190,(C),1.330,,1.330
CANADA,72071210,(C),1.330,,1.330
CANADA,72071290,(C),1.330,,1.330
CANADA,72071912,(C),1.330,,1.330
CANADA,72071919,(C),1.330,,1.330
CANADA,72071980,(C),1.330,,1.330
CANADA,72072011,(C),1.330,,1.330
CANADA,72072015,(C),1.330,,1.330
CANADA,72072017,(C),1.330,,1.330
CANADA,72072019,(C),1.330,,1.330
CANADA,72072032,(C),1.330,,1.330
CANADA,72072039,(C),1.330,,1.330
CANADA,72072052,(C),1.330,,1.330
CANADA,72072059,(C),1.330,,1.330
CANADA,72072080,(C),1.330,,1.330
CANADA,7208,(C),1.430,,1.430
CANADA,7209,(C),1.510,,1.510
CANADA,7210,(C),1.510,,1.510
CANADA,7211,,see below,see below,see below
CANADA,72111300,(C),1.430,,1.430
CANADA,72111400,(C),1.430,,1.430
CANADA,72111900,(C),1.430,,1.430
CANADA,721123,(C),1.510,,1.510
CANADA,72112900,(C),1.510,,1.510
CANADA,721190,(C),1.510,,1.510
CANADA,7212,(C),1.510,,1.510
CANADA,7213,(C),1.330,,1.330
CANADA,7214,,see below,see below,see below
CANADA,72141000,(C),1.330,,1.330
CANADA,72142000,(C),1.330,,1.330
CANADA,72143000,(C),1.330,,1.330
CANADA,721491,(C),1.330,,1.330
CANADA,721499,(C),1.330,,1.330
CANADA,7215,(C),1.330,,1.330
CANADA,7216,(C),1.330,,1.330
CANADA,7217,,see below,see below,see below
CANADA,721710,(C),1.330,,1.330
CANADA,721720,(C),1.330,,1.330
CANADA,721730,(C),1.330,,1.330
CANADA,721790,(C),1.330,,1.330
CANADA,7218,,see below,see below,see below
CANADA,72181000,,3.050,,3.050
CANADA,721891,,3.210,,3.210
CANADA,72189911,,3.210,,3.210
CANADA,72189919,,3.050,,3.050
CANADA,72189920,,3.210,,3.210
CANADA,72189980,,3.050,,3.050
CANADA,7219,,see below,see below,see below
CANADA,72191100,,3.210,,3.210
CANADA,721912,,3.210,,3.210
CANADA,721913,,3.210,,3.210
CANADA,721914,,3.210,,3.210
CANADA,721921,,3.210,,3.210
CANADA,721922,,3.210,,3.210
CANADA,72192300,,3.210,,3.210
CANADA,72192400,,3.210,,3.210
CANADA,72193100,,3.290,,3.290
CANADA,721932,,3.290,,3.290
CANADA,721933,,3.290,,3.290
CANADA,721934,,3.290,,3.290
CANADA,721935,,3.290,,3.290
CANADA,721990,,3.290,,3.290
CANADA,7220,,see below,see below,see below
CANADA,72201100,,3.210,,3.210
CANADA,72201200,,3.210,,3.210
CANADA,722020,,3.290,,3.290
CANADA,722090,,3.290,,3.290
CANADA,7221,,3.050,,3.050
CANADA,7222,,see below,see below,see below
CANADA,722211,,3.050,,3.050
CANADA,722219,,3.050,,3.050
CANADA,722220,,3.050,,3.050
CANADA,722230,,3.050,,3.050
CANADA,722240,,3.050,,3.050
CANADA,7223,,see below,see below,see below
CANADA,722300,,3.050,,3.050
CANADA,7224,,see below,see below,see below
CANADA,722410,(F),3.420,,3.420
CANADA,72249002,(F),3.590,,3.590
CANADA,72249003,(F),3.590,,3.590
CANADA,72249005,(F),3.590,,3.590
CANADA,72249007,(F),3.590,,3.590
CANADA,72249014,(F),3.590,,3.590
CANADA,72249018,(F),3.420,,3.420
CANADA,72249031,(F),3.590,,3.590
CANADA,72249038,(F),3.590,,3.590
CANADA,72249090,(F),3.420,,3.420
CANADA,7225,,see below,see below,see below
CANADA,72251100,(C),4.700,,4.700
CANADA,72251910,(C),3.590,,3.590
CANADA,72251990,(C),3.660,,3.660
CANADA,722530,(F),3.590,,3.590
CANADA,722540,(F),3.590,,3.590
CANADA,722550,(F),3.660,,3.660
CANADA,72259100,(F),3.660,,3.660
CANADA,72259200,(F),3.660,,3.660
CANADA,72259900,(F),3.660,,3.660
CANADA,7226,,see below,see below,see below
CANADA,72261100,(C),4.700,,4.700
CANADA,72261910,(C),3.590,,3.590
CANADA,72261980,(C),3.660,,3.660
CANADA,72262000,(F),3.590,,3.590
CANADA,722691,(F),3.590,,3.590
CANADA,72269200,(F),3.660,,3.660
CANADA,722699,(F),3.660,,3.660
CANADA,7227,(C)/(F),3.420,,3.420
CANADA,7228,,see below,see below,see below
CANADA,72281020,(F),3.420,,3.420
CANADA,72281050,(F),3.420,,3.420
CANADA,72281090,(F),3.420,,3.420
CANADA,722820,(F),3.420,,3.420
CANADA,722830,(C)/(F),3.420,,3.420
CANADA,722840,(F),3.420,,3.420
CANADA,722850,(C)/(F),3.420,,3.420
CANADA,722860,(F),3.420,,3.420
CANADA,722870,(F),3.420,,3.420
CANADA,72288000,(F),3.420,,3.420
CANADA,7229,(C)/(F),3.420,,3.420
CANADA,7301,(C),1.510,,1.510
CANADA,7302,(C),2.600,,2.600
CANADA,7303,,see below,see below,see below
CANADA,730300,,1.590,,1.590
CANADA,7304,,see below,see below,see below
CANADA,73041100,,3.050,,3.050
CANADA,730419,(C),1.340,,1.340
CANADA,73042200,,3.050,,3.050
CANADA,73042300,(C),1.340,,1.340
CANADA,73042400,,3.050,,3.050
CANADA,730429,(C),1.340,,1.340
CANADA,730431,(C),1.340,,1.340
CANADA,730439,(C),1.340,,1.340
CANADA,73044100,,3.050,,3.050
CANADA,730449,,3.050,,3.050
CANADA,730451,(F),1.340,,1.340
CANADA,730459,(C)/(F),1.340,,1.340
CANADA,73049000,(C),1.340,,1.340
CANADA,7305,(C),1.510,,1.510
CANADA,7306,,see below,see below,see below
CANADA,73061100,,3.290,,3.290
CANADA,73061900,(C),1.510,,1.510
CANADA,73062100,,3.290,,3.290
CANADA,73062900,(C),1.510,,1.510
CANADA,73063012,(C),1.510,,1.510
CANADA,73063018,(C),1.440,,1.440
CANADA,73063041,(C),1.510,,1.510
CANADA,73063049,(C),1.510,,1.510
CANADA,73063072,(C),1.510,,1.510
CANADA,73063077,(C),1.510,,1.510
CANADA,73063080,(C),1.510,,1.510
CANADA,73064020,,3.290,,3.290
CANADA,73064080,,3.210,,3.210
CANADA,73065021,(F),1.580,,1.580
CANADA,73065029,(F),1.510,,1.510
CANADA,73065080,(F),1.580,,1.580
CANADA,73066110,,3.290,,3.290
CANADA,73066192,(C),1.510,,1.510
CANADA,73066199,(C),1.510,,1.510
CANADA,73066910,,3.290,,3.290
CANADA,73066990,(C),1.510,,1.510
CANADA,73069000,(C),1.510,,1.510
CANADA,7307,,see below,see below,see below
CANADA,730711,,1.110,,1.110
CANADA,73071910,,1.110,,1.110
CANADA,73071990,(C),1.330,,1.330
CANADA,73072100,,2.660,,2.660
CANADA,730722,,2.660,,2.660
CANADA,730723,,2.660,,2.660
CANADA,730729,,2.660,,2.660
CANADA,73079100,(C),1.330,,1.330
CANADA,730792,(C),1.330,,1.330
CANADA,730793,(C),1.330,,1.330
CANADA,730799,(C),1.330,,1.330
CANADA,7308,(C),2.910,,2.910
CANADA,7309,(C),3.180,,3.180
CANADA,7310,(C),1.520,,1.520
CANADA,7311,,see below,see below,see below
CANADA,731100,(C),3.010,,3.010
CANADA,7318,,see below,see below,see below
CANADA,73181100,(C),1.330,,1.330
CANADA,73181210,,3.050,,3.050
CANADA,73181290,(C),1.330,,1.330
CANADA,73181300,(C),1.330,,1.330
CANADA,73181410,,3.050,,3.050
CANADA,73181491,(C),1.330,,1.330
CANADA,73181499,(C),1.330,,1.330
CANADA,731815,(C),2.480,,2.480
CANADA,731816,(C),2.910,,2.910
CANADA,73181900,(C),1.330,,1.330
CANADA,73182100,(C),1.330,,1.330
CANADA,73182200,(C),1.740,,1.740
CANADA,73182300,(C),1.610,,1.610
CANADA,73182400,(C),1.330,,1.330
CANADA,73182900,(C),1.330,,1.330
CANADA,7326,,see below,see below,see below
CANADA,73261100,(C),1.330,,1.330
CANADA,732619,(C),1.330,,1.330
CANADA,73262000,(C),1.330,,1.330
CANADA,73269030,(C),1.330,,1.330
CANADA,73269040,(C),1.330,,1.330
CANADA,73269050,(C),1.330,,1.330
CANADA,73269060,(C),1.330,,1.330
CANADA,73269092,(C),1.330,,1.330
CANADA,73269094,(C),1.330,,1.330
CANADA,73269096,(C),1.330,,1.330
CANADA,73269098,(C),1.510,,1.510
CHILE,2523100090,(A),0.870,0.050,0.920
CHILE,25232900,,0.940,0.070,1.010
CHILE,2523900090,(A),0.900,0.070,0.970
CHILE,28080000,,1.850,0.060,1.900
CHILE,28142000,,0.680,0.050,0.730
CHILE,28342100,,1.640,0.080,1.730
CHILE,3102,,see below,see below,see below
CHILE,31021012,,0.510,0.040,0.550
CHILE,31021015,,0.840,0.040,0.880
CHILE,31021019,,1.530,0.140,1.660
CHILE,31021090,,1.500,0.130,1.630
CHILE,31022100,,0.660,0.100,0.760
CHILE,31022900,,1.170,0.110,1.280
CHILE,31023010,,1.250,0.090,1.340
CHILE,31023090,,1.920,0.130,2.060
CHILE,31024010,,1.660,0.120,1.780
CHILE,31024090,,1.660,0.120,1.780
CHILE,31025000,,2.880,0.090,2.970
CHILE,31026000,,1.610,0.120,1.730
CHILE,31028000,,1.340,0.100,1.450
CHILE,31029000,,1.480,0.120,1.600
CHILE,3105,,see below,see below,see below
CHILE,31051000,,0.700,0.100,0.800
CHILE,31052010,,0.840,0.120,0.960
CHILE,31052090,,0.570,0.090,0.660
CHILE,31053000,,0.530,0.070,0.600
CHILE,31054000,,0.340,0.060,0.400
CHILE,31055100,,1.140,0.150,1.290
CHILE,31055900,,0.610,0.120,0.730
CHILE,31059020,,1.100,0.090,1.200
CHILE,31059080,,0.570,0.060,0.630
CHILE,7601,(L),0.360,,0.360
CHILE,7603,(L),0.470,,0.470
CHILE,76041010,(L),0.700,,0.700
CHILE,76041090,(L),0.710,,0.710
CHILE,76042100,(L),0.710,,0.710
CHILE,76042910,(L),0.700,,0.700
CHILE,76042990,(L),0.710,,0.710
CHILE,7605,(L),0.700,,0.700
CHILE,7606,(L),1.150,,1.150
CHILE,7607,(L),1.150,,1.150
CHILE,7608,(L),0.710,,0.710
CHILE,76090000,(L),0.710,,0.710
CHILE,76101000,(L),0.710,,0.710
CHILE,761090,(L),0.710,,0.710
CHILE,76109010,(L),0.710,,0.710
CHILE,76109090,(L),0.710,,0.710
CHILE,76110000,(L),1.150,,1.150
CHILE,7612,(L),1.150,,1.150
CHILE,76130000,(L),1.150,,1.150
CHILE,7614,(L),0.700,,0.700
CHILE,76161000,(L),1.150,,1.150
CHILE,76169100,(L),1.150,,1.150
CHILE,76169910,(L),0.470,,0.470
CHILE,76169990,(L),1.150,,1.150
CHILE,28041000,,10.820,,10.820
CHILE,26011200,,0.060,0.030,0.100
CHILE,7201,,1.960,,1.960
CHILE,720211,,1.690,,1.690
CHILE,720241,,2.350,,2.350
CHILE,7205,(C)/(F),1.970,,1.970
CHILE,7206,,see below,see below,see below
CHILE,72061000,(C),2.050,,2.050
CHILE,72069000,(C),2.050,,2.050
CHILE,7207,,see below,see below,see below
CHILE,72071111,(C),2.050,,2.050
CHILE,72071114,(C),2.050,,2.050
CHILE,72071116,(C),2.050,,2.050
CHILE,72071190,(C),2.050,,2.050
CHILE,72071210,(C),2.050,,2.050
CHILE,72071290,(C),2.050,,2.050
CHILE,72071912,(C),2.050,,2.050
CHILE,72071919,(C),2.050,,2.050
CHILE,72071980,(C),2.050,,2.050
CHILE,72072011,(C),2.050,,2.050
CHILE,72072015,(C),2.050,,2.050
CHILE,72072017,(C),2.050,,2.050
CHILE,72072019,(C),2.050,,2.050
CHILE,72072032,(C),2.050,,2.050
CHILE,72072039,(C),2.050,,2.050
CHILE,72072052,(C),2.050,,2.050
CHILE,72072059,(C),2.050,,2.050
CHILE,72072080,(C),2.050,,2.050
CHILE,7208,(C),2.050,,2.050
CHILE,7209,(C),2.050,,2.050
CHILE,7210,(C),2.050,,2.050
CHILE,7211,,see below,see below,see below
CHILE,72111300,(C),2.050,,2.050
CHILE,72111400,(C),2.050,,2.050
CHILE,72111900,(C),2.050,,2.050
CHILE,721123,(C),2.050,,2.050
CHILE,72112900,(C),2.050,,2.050
CHILE,721190,(C),2.050,,2.050
CHILE,7212,(C),2.050,,2.050
CHILE,7213,(C),2.050,,2.050
CHILE,7214,,see below,see below,see below
CHILE,72141000,(C),2.050,,2.050
CHILE,72142000,(C),2.050,,2.050
CHILE,72143000,(C),2.050,,2.050
CHILE,721491,(C),2.050,,2.050
CHILE,721499,(C),2.050,,2.050
CHILE,7215,(C),2.050,,2.050
CHILE,7216,(C),2.050,,2.050
CHILE,7217,,see below,see below,see below
CHILE,721710,(C),2.050,,2.050
CHILE,721720,(C),2.050,,2.050
CHILE,721730,(C),2.050,,2.050
CHILE,721790,(C),2.050,,2.050
CHILE,7218,,see below,see below,see below
CHILE,72181000,,2.950,,2.950
CHILE,721891,,2.950,,2.950
CHILE,72189911,,2.950,,2.950
CHILE,72189919,,2.950,,2.950
CHILE,72189920,,2.950,,2.950
CHILE,72189980,,2.950,,2.950
CHILE,7219,,see below,see below,see below
CHILE,72191100,,2.950,,2.950
CHILE,721912,,2.950,,2.950
CHILE,721913,,2.950,,2.950
CHILE,721914,,2.950,,2.950
CHILE,721921,,2.950,,2.950
CHILE,721922,,2.950,,2.950
CHILE,72192300,,2.950,,2.950
CHILE,72192400,,2.950,,2.950
CHILE,72193100,,2.950,,2.950
CHILE,721932,,2.950,,2.950
CHILE,721933,,2.950,,2.950
CHILE,721934,,2.950,,2.950
CHILE,721935,,2.950,,2.950
CHILE,721990,,2.950,,2.950
CHILE,7220,,see below,see below,see below
CHILE,72201100,,2.950,,2.950
CHILE,72201200,,2.950,,2.950
CHILE,722020,,2.950,,2.950
CHILE,722090,,2.950,,2.950
CHILE,7221,,2.950,,2.950
CHILE,7222,,see below,see below,see below
CHILE,722211,,2.950,,2.950
CHILE,722219,,2.950,,2.950
CHILE,722220,,2.950,,2.950
CHILE,722230,,2.950,,2.950
CHILE,722240,,2.950,,2.950
CHILE,7223,,see below,see below,see below
CHILE,722300,,2.950,,2.950
CHILE,7224,,see below,see below,see below
CHILE,722410,(F),2.850,,2.850
CHILE,72249002,(F),2.850,,2.850
CHILE,72249003,(F),2.850,,2.850
CHILE,72249005,(F),2.850,,2.850
CHILE,72249007,(F),2.850,,2.850
CHILE,72249014,(F),2.850,,2.850
CHILE,72249018,(F),2.850,,2.850
CHILE,72249031,(F),2.850,,2.850
CHILE,72249038,(F),2.850,,2.850
CHILE,72249090,(F),2.850,,2.850
CHILE,7225,,see below,see below,see below
CHILE,72251100,(C),3.780,,3.780
CHILE,72251910,(C),2.850,,2.850
CHILE,72251990,(C),2.850,,2.850
CHILE,722530,(F),2.850,,2.850
CHILE,722540,(F),2.850,,2.850
CHILE,722550,(F),2.850,,2.850
CHILE,72259100,(F),2.850,,2.850
CHILE,72259200,(F),2.850,,2.850
CHILE,72259900,(F),2.850,,2.850
CHILE,7226,,see below,see below,see below
CHILE,72261100,(C),3.780,,3.780
CHILE,72261910,(C),2.850,,2.850
CHILE,72261980,(C),2.850,,2.850
CHILE,72262000,(F),2.850,,2.850
CHILE,722691,(F),2.850,,2.850
CHILE,72269200,(F),2.850,,2.850
CHILE,722699,(F),2.850,,2.850
CHILE,7227,(C)/(F),2.850,,2.850
CHILE,7228,,see below,see below,see below
CHILE,72281020,(F),2.850,,2.850
CHILE,72281050,(F),2.850,,2.850
CHILE,72281090,(F),2.850,,2.850
CHILE,722820,(F),2.850,,2.850
CHILE,722830,(C)/(F),2.850,,2.850
CHILE,722840,(F),2.850,,2.850
CHILE,722850,(C)/(F),2.850,,2.850
CHILE,722860,(F),2.850,,2.850
CHILE,722870,(F),2.850,,2.850
CHILE,72288000,(F),2.850,,2.850
CHILE,7229,(C)/(F),2.850,,2.850
CHILE,7301,(C),2.050,,2.050
CHILE,7302,(C),2.680,,2.680
CHILE,7303,,see below,see below,see below
CHILE,730300,,1.960,,1.960
CHILE,7304,,see below,see below,see below
CHILE,73041100,,2.950,,2.950
CHILE,730419,(C),2.050,,2.050
CHILE,73042200,,2.950,,2.950
CHILE,73042300,(C),2.050,,2.050
CHILE,73042400,,2.950,,2.950
CHILE,730429,(C),2.050,,2.050
CHILE,730431,(C),2.050,,2.050
CHILE,730439,(C),2.050,,2.050
CHILE,73044100,,2.950,,2.950
CHILE,730449,,2.950,,2.950
CHILE,730451,(F),1.990,,1.990
CHILE,730459,(C)/(F),1.990,,1.990
CHILE,73049000,(C),2.050,,2.050
CHILE,7305,(C),2.050,,2.050
CHILE,7306,,see below,see below,see below
CHILE,73061100,,2.950,,2.950
CHILE,73061900,(C),2.050,,2.050
CHILE,73062100,,2.950,,2.950
CHILE,73062900,(C),2.050,,2.050
CHILE,73063012,(C),2.050,,2.050
CHILE,73063018,(C),2.050,,2.050
CHILE,73063041,(C),2.050,,2.050
CHILE,73063049,(C),2.050,,2.050
CHILE,73063072,(C),2.050,,2.050
CHILE,73063077,(C),2.050,,2.050
CHILE,73063080,(C),2.050,,2.050
CHILE,73064020,,2.950,,2.950
CHILE,73064080,,2.950,,2.950
CHILE,73065021,(F),2.020,,2.020
CHILE,73065029,(F),2.020,,2.020
CHILE,73065080,(F),2.020,,2.020
CHILE,73066110,,2.950,,2.950
CHILE,73066192,(C),2.050,,2.050
CHILE,73066199,(C),2.050,,2.050
CHILE,73066910,,2.950,,2.950
CHILE,73066990,(C),2.050,,2.050
CHILE,73069000,(C),2.050,,2.050
CHILE,7307,,see below,see below,see below
CHILE,730711,,1.960,,1.960
CHILE,73071910,,1.960,,1.960
CHILE,73071990,(C),2.050,,2.050
CHILE,73072100,,2.310,,2.310
CHILE,730722,,2.310,,2.310
CHILE,730723,,2.310,,2.310
CHILE,730729,,2.310,,2.310
CHILE,73079100,(C),2.050,,2.050
CHILE,730792,(C),2.050,,2.050
CHILE,730793,(C),2.050,,2.050
CHILE,730799,(C),2.050,,2.050
CHILE,7308,(C),2.540,,2.540
CHILE,7309,(C),2.540,,2.540
CHILE,7310,(C),2.050,,2.050
CHILE,7311,,see below,see below,see below
CHILE,731100,(C),2.460,,2.460
CHILE,7318,,see below,see below,see below
CHILE,73181100,(C),2.050,,2.050
CHILE,73181210,,2.950,,2.950
CHILE,73181290,(C),2.050,,2.050
CHILE,73181300,(C),2.050,,2.050
CHILE,73181410,,2.950,,2.950
CHILE,73181491,(C),2.050,,2.050
CHILE,73181499,(C),2.050,,2.050
CHILE,731815,(C),2.170,,2.170
CHILE,731816,(C),2.170,,2.170
CHILE,73181900,(C),2.050,,2.050
CHILE,73182100,(C),2.050,,2.050
CHILE,73182200,(C),2.180,,2.180
CHILE,73182300,(C),2.130,,2.130
CHILE,73182400,(C),2.050,,2.050
CHILE,73182900,(C),2.050,,2.050
CHILE,7326,,see below,see below,see below
CHILE,73261100,(C),2.050,,2.050
CHILE,732619,(C),2.050,,2.050
CHILE,73262000,(C),2.050,,2.050
CHILE,73269030,(C),2.050,,2.050
CHILE,73269040,(C),2.050,,2.050
CHILE,73269050,(C),2.050,,2.050
CHILE,73269060,(C),2.050,,2.050
CHILE,73269092,(C),2.050,,2.050
CHILE,73269094,(C),2.050,,2.050
CHILE,73269096,(C),2.050,,2.050
CHILE,73269098,(C),2.050,,2.050
CHINA,2507008080,,0.210,0.110,0.320
CHINA,2523100010,(B),1.240,0.060,1.300
CHINA,2523100090,(A),1.350,0.040,1.390
CHINA,25232100,,1.250,0.140,1.390
CHINA,25232900,,1.350,0.070,1.420
CHINA,25233000,,1.980,0.200,2.180
CHINA,2523900010,(B),1.290,0.180,1.460
CHINA,2523900090,(A),1.280,0.080,1.360
CHINA,28080000,,3.020,0.060,3.080
CHINA,28141000,,4.170,0.190,4.360
CHINA,28142000,,1.250,0.060,1.310
CHINA,28342100,,2.770,0.090,2.850
CHINA,3102,,see below,see below,see below
CHINA,31021012,,0.900,0.050,0.940
CHINA,31021015,,1.490,0.050,1.540
CHINA,31021019,,2.700,0.140,2.850
CHINA,31021090,,2.640,0.140,2.780
CHINA,31022100,,1.190,0.100,1.290
CHINA,31022900,,2.010,0.120,2.130
CHINA,31023010,,2.100,0.090,2.190
CHINA,31023090,,3.230,0.140,3.370
CHINA,31024010,,2.780,0.130,2.900
CHINA,31024090,,2.780,0.130,2.900
CHINA,31025000,,4.720,0.100,4.810
CHINA,31026000,,2.710,0.120,2.830
CHINA,31028000,,2.300,0.110,2.410
CHINA,31029000,,2.560,0.130,2.690
CHINA,3105,,see below,see below,see below
CHINA,31051000,,1.200,0.100,1.310
CHINA,31052010,,1.410,0.120,1.530
CHINA,31052090,,0.960,0.090,1.050
CHINA,31053000,,0.970,0.080,1.040
CHINA,31054000,,0.610,0.060,0.670
CHINA,31055100,,1.920,0.150,2.070
CHINA,31055900,,1.100,0.140,1.240
CHINA,31059020,,1.860,0.100,1.960
CHINA,31059080,,0.960,0.060,1.020
CHINA,7601,(K),3.000,,3.000
CHINA,7603,(K),4.148,,4.148
CHINA,76041010,(K),4.881,,4.881
CHINA,76041090,(K),4.881,,4.881
CHINA,76042100,(K),4.881,,4.881
CHINA,76042910,(K),4.881,,4.881
CHINA,76042990,(K),4.881,,4.881
CHINA,7605,(K),4.881,,4.881
CHINA,7606,(K),4.120,,4.120
CHINA,7607,(K),5.559,,5.559
CHINA,7608,(K),4.896,,4.896
CHINA,76090000,(K),4.896,,4.896
CHINA,76101000,(K),4.896,,4.896
CHINA,761090,(K),4.896,,4.896
CHINA,76109010,(K),4.896,,4.896
CHINA,76109090,(K),4.896,,4.896
CHINA,76110000,(K),5.559,,5.559
CHINA,7612,(K),5.559,,5.559
CHINA,76130000,(K),5.559,,5.559
CHINA,7614,(K),4.881,,4.881
CHINA,76161000,(K),5.559,,5.559
CHINA,76169100,(K),5.559,,5.559
CHINA,76169910,(K),4.542,,4.542
CHINA,76169990,(K),5.559,,5.559
CHINA,28041000,,26.640,,26.640
CHINA,26011200,,0.200,0.060,0.260
CHINA,7201,,1.660,,1.660
CHINA,720211,,1.690,,1.690
CHINA,720219,,5.590,,5.590
CHINA,720241,,2.350,,2.350
CHINA,720249,,2.870,,2.870
CHINA,72026000,,6.150,,6.150
CHINA,7205,(C)/(F),2.802,,2.802
CHINA,7206,,see below,see below,see below
CHINA,72061000,(C),1.740,,1.740
CHINA,72069000,(C),1.740,,1.740
CHINA,7207,,see below,see below,see below
CHINA,72071111,(C),3.169,,3.169
CHINA,72071114,(C),3.169,,3.169
CHINA,72071116,(C),3.169,,3.169
CHINA,72071190,(C),3.314,,3.314
CHINA,72071210,(C),3.169,,3.169
CHINA,72071290,(C),3.314,,3.314
CHINA,72071912,(C),3.169,,3.169
CHINA,72071919,(C),3.314,,3.314
CHINA,72071980,(C),3.169,,3.169
CHINA,72072011,(C),3.169,,3.169
CHINA,72072015,(C),3.169,,3.169
CHINA,72072017,(C),3.169,,3.169
CHINA,72072019,(C),3.314,,3.314
CHINA,72072032,(C),3.169,,3.169
CHINA,72072039,(C),3.314,,3.314
CHINA,72072052,(C),3.169,,3.169
CHINA,72072059,(C),3.314,,3.314
CHINA,72072080,(C),3.169,,3.169
CHINA,7208,(C),3.187,,3.187
CHINA,7209,(C),3.205,,3.205
CHINA,7210,(C),3.205,,3.205
CHINA,7211,,see below,see below,see below
CHINA,72111300,(C),3.187,,3.187
CHINA,72111400,(C),3.187,,3.187
CHINA,72111900,(C),3.187,,3.187
CHINA,721123,(C),3.205,,3.205
CHINA,72112900,(C),3.205,,3.205
CHINA,721190,(C),3.205,,3.205
CHINA,7212,(C),3.205,,3.205
CHINA,7213,(C),3.169,,3.169
CHINA,7214,,see below,see below,see below
CHINA,72141000,(C),3.314,,3.314
CHINA,72142000,(C),3.169,,3.169
CHINA,72143000,(C),3.169,,3.169
CHINA,721491,(C),3.169,,3.169
CHINA,721499,(C),3.169,,3.169
CHINA,7215,(C),3.169,,3.169
CHINA,7216,(C),3.169,,3.169
CHINA,7217,,see below,see below,see below
CHINA,721710,(C),3.169,,3.169
CHINA,721720,(C),3.169,,3.169
CHINA,721730,(C),3.169,,3.169
CHINA,721790,(C),3.169,,3.169
CHINA,7218,,see below,see below,see below
CHINA,72181000,,5.650,,5.650
CHINA,721891,,5.580,,5.580
CHINA,72189911,,5.580,,5.580
CHINA,72189919,,5.650,,5.650
CHINA,72189920,,5.580,,5.580
CHINA,72189980,,5.650,,5.650
CHINA,7219,,see below,see below,see below
CHINA,72191100,,5.580,,5.580
CHINA,721912,,5.580,,5.580
CHINA,721913,,5.580,,5.580
CHINA,721914,,5.580,,5.580
CHINA,721921,,5.580,,5.580
CHINA,721922,,5.580,,5.580
CHINA,72192300,,5.580,,5.580
CHINA,72192400,,5.580,,5.580
CHINA,72193100,,5.590,,5.590
CHINA,721932,,5.590,,5.590
CHINA,721933,,5.590,,5.590
CHINA,721934,,5.590,,5.590
CHINA,721935,,5.590,,5.590
CHINA,721990,,5.590,,5.590
CHINA,7220,,see below,see below,see below
CHINA,72201100,,5.580,,5.580
CHINA,72201200,,5.580,,5.580
CHINA,722020,,5.590,,5.590
CHINA,722090,,5.590,,5.590
CHINA,7221,,5.590,,5.590
CHINA,7222,,see below,see below,see below
CHINA,722211,,5.590,,5.590
CHINA,722219,,5.590,,5.590
CHINA,722220,,5.590,,5.590
CHINA,722230,,5.650,,5.650
CHINA,722240,,5.590,,5.590
CHINA,7223,,see below,see below,see below
CHINA,722300,,5.590,,5.590
CHINA,7224,,see below,see below,see below
CHINA,722410,(F),6.180,,6.180
CHINA,72249002,(F),6.110,,6.110
CHINA,72249003,(F),6.110,,6.110
CHINA,72249005,(F),6.110,,6.110
CHINA,72249007,(F),6.110,,6.110
CHINA,72249014,(F),6.110,,6.110
CHINA,72249018,(F),6.180,,6.180
CHINA,72249031,(F),6.110,,6.110
CHINA,72249038,(F),6.110,,6.110
CHINA,72249090,(F),6.180,,6.180
CHINA,7225,,see below,see below,see below
CHINA,72251100,(C),8.090,,8.090
CHINA,72251910,(C),6.110,,6.110
CHINA,72251990,(C),6.120,,6.120
CHINA,722530,(F),6.110,,6.110
CHINA,722540,(F),6.110,,6.110
CHINA,722550,(F),6.120,,6.120
CHINA,72259100,(F),6.120,,6.120
CHINA,72259200,(F),6.120,,6.120
CHINA,72259900,(F),6.120,,6.120
CHINA,7226,,see below,see below,see below
CHINA,72261100,(C),8.090,,8.090
CHINA,72261910,(C),6.110,,6.110
CHINA,72261980,(C),6.120,,6.120
CHINA,72262000,(F),6.110,,6.110
CHINA,722691,(F),6.110,,6.110
CHINA,72269200,(F),6.120,,6.120
CHINA,722699,(F),6.120,,6.120
CHINA,7227,(C)/(F),6.120,,6.120
CHINA,7228,,see below,see below,see below
CHINA,72281020,(F),6.120,,6.120
CHINA,72281050,(F),6.180,,6.180
CHINA,72281090,(F),6.120,,6.120
CHINA,722820,(F),6.120,,6.120
CHINA,722830,(C)/(F),6.120,,6.120
CHINA,722840,(F),6.180,,6.180
CHINA,722850,(C)/(F),6.120,,6.120
CHINA,722860,(F),6.120,,6.120
CHINA,722870,(F),6.120,,6.120
CHINA,72288000,(F),6.120,,6.120
CHINA,7229,(C)/(F),6.120,,6.120
CHINA,7301,(C),2.275,,2.275
CHINA,7302,(C),6.205,,6.205
CHINA,7303,,see below,see below,see below
CHINA,730300,,2.191,,2.191
CHINA,7304,,see below,see below,see below
CHINA,73041100,,7.005,,7.005
CHINA,730419,(C),2.680,,2.680
CHINA,73042200,,7.005,,7.005
CHINA,73042300,(C),2.680,,2.680
CHINA,73042400,,7.005,,7.005
CHINA,730429,(C),2.680,,2.680
CHINA,730431,(C),2.680,,2.680
CHINA,730439,(C),2.680,,2.680
CHINA,73044100,,7.005,,7.005
CHINA,730449,,7.005,,7.005
CHINA,730451,(F),2.680,,2.680
CHINA,730459,(C)/(F),2.680,,2.680
CHINA,73049000,(C),2.680,,2.680
CHINA,7305,(C),2.585,,2.585
CHINA,7306,,see below,see below,see below
CHINA,73061100,,7.025,,7.025
CHINA,73061900,(C),3.565,,3.565
CHINA,73062100,,7.025,,7.025
CHINA,73062900,(C),3.565,,3.565
CHINA,73063012,(C),3.565,,3.565
CHINA,73063018,(C),3.565,,3.565
CHINA,73063041,(C),3.565,,3.565
CHINA,73063049,(C),3.565,,3.565
CHINA,73063072,(C),3.565,,3.565
CHINA,73063077,(C),3.565,,3.565
CHINA,73063080,(C),3.565,,3.565
CHINA,73064020,,7.025,,7.025
CHINA,73064080,,7.015,,7.015
CHINA,73065021,(F),3.565,,3.565
CHINA,73065029,(F),3.565,,3.565
CHINA,73065080,(F),3.565,,3.565
CHINA,73066110,,7.025,,7.025
CHINA,73066192,(C),3.565,,3.565
CHINA,73066199,(C),3.565,,3.565
CHINA,73066910,,7.025,,7.025
CHINA,73066990,(C),3.565,,3.565
CHINA,73069000,(C),3.565,,3.565
CHINA,7307,,see below,see below,see below
CHINA,730711,,3.252,,3.252
CHINA,73071910,,3.252,,3.252
CHINA,73071990,(C),3.252,,3.252
CHINA,73072100,,5.035,,5.035
CHINA,730722,,5.035,,5.035
CHINA,730723,,5.035,,5.035
CHINA,730729,,5.035,,5.035
CHINA,73079100,(C),3.252,,3.252
CHINA,730792,(C),3.252,,3.252
CHINA,730793,(C),3.252,,3.252
CHINA,730799,(C),3.252,,3.252
CHINA,7308,(C),6.035,,6.035
CHINA,7309,(C),6.655,,6.655
CHINA,7310,(C),4.312,,4.312
CHINA,7311,,see below,see below,see below
CHINA,731100,(C),6.645,,6.645
CHINA,7318,,see below,see below,see below
CHINA,73181100,(C),2.738,,2.738
CHINA,73181210,,7.005,,7.005
CHINA,73181290,(C),2.738,,2.738
CHINA,73181300,(C),2.738,,2.738
CHINA,73181410,,7.005,,7.005
CHINA,73181491,(C),2.738,,2.738
CHINA,73181499,(C),2.738,,2.738
CHINA,731815,(C),6.375,,6.375
CHINA,731816,(C),5.045,,5.045
CHINA,73181900,(C),2.738,,2.738
CHINA,73182100,(C),2.738,,2.738
CHINA,73182200,(C),4.555,,4.555
CHINA,73182300,(C),2.738,,2.738
CHINA,73182400,(C),2.738,,2.738
CHINA,73182900,(C),2.738,,2.738
CHINA,7326,,see below,see below,see below
CHINA,73261100,(C),3.076,,3.076
CHINA,732619,(C),3.076,,3.076
CHINA,73262000,(C),3.076,,3.076
CHINA,73269030,(C),3.076,,3.076
CHINA,73269040,(C),3.076,,3.076
CHINA,73269050,(C),3.076,,3.076
CHINA,73269060,(C),3.076,,3.076
CHINA,73269092,(C),3.076,,3.076
CHINA,73269094,(C),3.076,,3.076
CHINA,73269096,(C),3.076,,3.076
CHINA,73269098,(C),3.076,,3.076
COLOMBIA,2523100090,(A),1.090,0.020,1.110
COLOMBIA,25232100,,1.210,0.120,1.330
COLOMBIA,25232900,,1.090,0.030,1.120
COLOMBIA,28080000,,1.900,0.020,1.930
COLOMBIA,28141000,,2.260,0.080,2.340
COLOMBIA,28142000,,0.680,0.020,0.700
COLOMBIA,28342100,,1.680,0.030,1.720
COLOMBIA,3102,,see below,see below,see below
COLOMBIA,31021012,,0.510,0.020,0.520
COLOMBIA,31021015,,0.840,0.020,0.860
COLOMBIA,31021019,,1.530,0.050,1.580
COLOMBIA,31021090,,1.500,0.050,1.550
COLOMBIA,31022100,,0.660,0.040,0.700
COLOMBIA,31022900,,1.190,0.040,1.230
COLOMBIA,31023010,,1.280,0.030,1.310
COLOMBIA,31023090,,1.970,0.050,2.020
COLOMBIA,31024010,,1.700,0.040,1.740
COLOMBIA,31024090,,1.700,0.040,1.740
COLOMBIA,31025000,,2.970,0.040,3.010
COLOMBIA,31026000,,1.650,0.040,1.690
COLOMBIA,31028000,,1.360,0.040,1.400
COLOMBIA,31029000,,1.490,0.050,1.540
COLOMBIA,3105,,see below,see below,see below
COLOMBIA,31051000,,0.700,0.040,0.740
COLOMBIA,31052010,,0.850,0.040,0.900
COLOMBIA,31052090,,0.580,0.030,0.610
COLOMBIA,31053000,,0.530,0.030,0.560
COLOMBIA,31054000,,0.340,0.020,0.360
COLOMBIA,31055100,,1.160,0.050,1.220
COLOMBIA,31055900,,0.610,0.070,0.680
COLOMBIA,31059020,,1.130,0.030,1.160
COLOMBIA,31059080,,0.580,0.020,0.600
COLOMBIA,7601,(L),0.360,,0.360
COLOMBIA,7603,(L),1.030,,1.030
COLOMBIA,76041010,(L),1.250,,1.250
COLOMBIA,76041090,(L),1.270,,1.270
COLOMBIA,76042100,(L),1.270,,1.270
COLOMBIA,76042910,(L),1.250,,1.250
COLOMBIA,76042990,(L),1.270,,1.270
COLOMBIA,7605,(L),1.250,,1.250
COLOMBIA,7606,(L),1.710,,1.710
COLOMBIA,7607,(L),1.710,,1.710
COLOMBIA,7608,(L),1.270,,1.270
COLOMBIA,76090000,(L),1.270,,1.270
COLOMBIA,76101000,(L),1.270,,1.270
COLOMBIA,761090,(L),1.270,,1.270
COLOMBIA,76109010,(L),1.270,,1.270
COLOMBIA,76109090,(L),1.270,,1.270
COLOMBIA,76110000,(L),1.710,,1.710
COLOMBIA,7612,(L),1.710,,1.710
COLOMBIA,76130000,(L),1.710,,1.710
COLOMBIA,7614,(L),1.250,,1.250
COLOMBIA,76161000,(L),1.710,,1.710
COLOMBIA,76169100,(L),1.710,,1.710
COLOMBIA,76169910,(L),1.030,,1.030
COLOMBIA,76169990,(L),1.710,,1.710
COLOMBIA,28041000,,10.820,,10.820
COLOMBIA,26011200,,0.300,0.010,0.310
COLOMBIA,7201,,1.930,,1.930
COLOMBIA,720211,,1.690,,1.690
COLOMBIA,720241,,2.350,,2.350
COLOMBIA,72026000,,3.480,,3.480
COLOMBIA,7205,(C)/(F),2.020,,2.020
COLOMBIA,7206,,see below,see below,see below
COLOMBIA,72061000,(C),2.100,,2.100
COLOMBIA,72069000,(C),2.110,,2.110
COLOMBIA,7207,,see below,see below,see below
COLOMBIA,72071111,(C),2.110,,2.110
COLOMBIA,72071114,(C),2.110,,2.110
COLOMBIA,72071116,(C),2.110,,2.110
COLOMBIA,72071190,(C),2.100,,2.100
COLOMBIA,72071210,(C),2.110,,2.110
COLOMBIA,72071290,(C),2.100,,2.100
COLOMBIA,72071912,(C),2.110,,2.110
COLOMBIA,72071919,(C),2.100,,2.100
COLOMBIA,72071980,(C),2.110,,2.110
COLOMBIA,72072011,(C),2.110,,2.110
COLOMBIA,72072015,(C),2.110,,2.110
COLOMBIA,72072017,(C),2.110,,2.110
COLOMBIA,72072019,(C),2.100,,2.100
COLOMBIA,72072032,(C),2.110,,2.110
COLOMBIA,72072039,(C),2.100,,2.100
COLOMBIA,72072052,(C),2.110,,2.110
COLOMBIA,72072059,(C),2.100,,2.100
COLOMBIA,72072080,(C),2.110,,2.110
COLOMBIA,7208,(C),2.560,,2.560
COLOMBIA,7209,(C),2.890,,2.890
COLOMBIA,7210,(C),2.890,,2.890
COLOMBIA,7211,,see below,see below,see below
COLOMBIA,72111300,(C),2.560,,2.560
COLOMBIA,72111400,(C),2.560,,2.560
COLOMBIA,72111900,(C),2.560,,2.560
COLOMBIA,721123,(C),2.890,,2.890
COLOMBIA,72112900,(C),2.890,,2.890
COLOMBIA,721190,(C),2.890,,2.890
COLOMBIA,7212,(C),2.890,,2.890
COLOMBIA,7213,(C),2.110,,2.110
COLOMBIA,7214,,see below,see below,see below
COLOMBIA,72141000,(C),2.100,,2.100
COLOMBIA,72142000,(C),2.110,,2.110
COLOMBIA,72143000,(C),2.110,,2.110
COLOMBIA,721491,(C),2.110,,2.110
COLOMBIA,721499,(C),2.110,,2.110
COLOMBIA,7215,(C),2.110,,2.110
COLOMBIA,7216,(C),2.110,,2.110
COLOMBIA,7217,,see below,see below,see below
COLOMBIA,721710,(C),2.110,,2.110
COLOMBIA,721720,(C),2.110,,2.110
COLOMBIA,721730,(C),2.110,,2.110
COLOMBIA,721790,(C),2.110,,2.110
COLOMBIA,7218,,see below,see below,see below
COLOMBIA,72181000,,3.070,,3.070
COLOMBIA,721891,,3.820,,3.820
COLOMBIA,72189911,,3.820,,3.820
COLOMBIA,72189919,,3.070,,3.070
COLOMBIA,72189920,,3.820,,3.820
COLOMBIA,72189980,,3.070,,3.070
COLOMBIA,7219,,see below,see below,see below
COLOMBIA,72191100,,3.820,,3.820
COLOMBIA,721912,,3.820,,3.820
COLOMBIA,721913,,3.820,,3.820
COLOMBIA,721914,,3.820,,3.820
COLOMBIA,721921,,3.820,,3.820
COLOMBIA,721922,,3.820,,3.820
COLOMBIA,72192300,,3.820,,3.820
COLOMBIA,72192400,,3.820,,3.820
COLOMBIA,72193100,,4.150,,4.150
COLOMBIA,721932,,4.150,,4.150
COLOMBIA,721933,,4.150,,4.150
COLOMBIA,721934,,4.150,,4.150
COLOMBIA,721935,,4.150,,4.150
COLOMBIA,721990,,4.150,,4.150
COLOMBIA,7220,,see below,see below,see below
COLOMBIA,72201100,,3.820,,3.820
COLOMBIA,72201200,,3.820,,3.820
COLOMBIA,722020,,4.150,,4.150
COLOMBIA,722090,,4.150,,4.150
COLOMBIA,7221,,3.080,,3.080
COLOMBIA,7222,,see below,see below,see below
COLOMBIA,722211,,3.080,,3.080
COLOMBIA,722219,,3.080,,3.080
COLOMBIA,722220,,3.080,,3.080
COLOMBIA,722230,,3.070,,3.070
COLOMBIA,722240,,3.080,,3.080
COLOMBIA,7223,,see below,see below,see below
COLOMBIA,722300,,3.080,,3.080
COLOMBIA,7224,,see below,see below,see below
COLOMBIA,722410,(F),3.430,,3.430
COLOMBIA,72249002,(F),4.180,,4.180
COLOMBIA,72249003,(F),4.180,,4.180
COLOMBIA,72249005,(F),4.180,,4.180
COLOMBIA,72249007,(F),4.180,,4.180
COLOMBIA,72249014,(F),4.180,,4.180
COLOMBIA,72249018,(F),3.430,,3.430
COLOMBIA,72249031,(F),4.180,,4.180
COLOMBIA,72249038,(F),4.180,,4.180
COLOMBIA,72249090,(F),3.430,,3.430
COLOMBIA,7225,,see below,see below,see below
COLOMBIA,72251100,(C),5.300,,5.300
COLOMBIA,72251910,(C),4.180,,4.180
COLOMBIA,72251990,(C),4.520,,4.520
COLOMBIA,722530,(F),4.180,,4.180
COLOMBIA,722540,(F),4.180,,4.180
COLOMBIA,722550,(F),4.520,,4.520
COLOMBIA,72259100,(F),4.520,,4.520
COLOMBIA,72259200,(F),4.520,,4.520
COLOMBIA,72259900,(F),4.520,,4.520
COLOMBIA,7226,,see below,see below,see below
COLOMBIA,72261100,(C),5.300,,5.300
COLOMBIA,72261910,(C),4.180,,4.180
COLOMBIA,72261980,(C),4.520,,4.520
COLOMBIA,72262000,(F),4.180,,4.180
COLOMBIA,722691,(F),4.180,,4.180
COLOMBIA,72269200,(F),4.520,,4.520
COLOMBIA,722699,(F),4.520,,4.520
COLOMBIA,7227,(C)/(F),3.440,,3.440
COLOMBIA,7228,,see below,see below,see below
COLOMBIA,72281020,(F),3.440,,3.440
COLOMBIA,72281050,(F),3.430,,3.430
COLOMBIA,72281090,(F),3.440,,3.440
COLOMBIA,722820,(F),3.440,,3.440
COLOMBIA,722830,(C)/(F),3.440,,3.440
COLOMBIA,722840,(F),3.430,,3.430
COLOMBIA,722850,(C)/(F),3.440,,3.440
COLOMBIA,722860,(F),3.440,,3.440
COLOMBIA,722870,(F),3.440,,3.440
COLOMBIA,72288000,(F),3.440,,3.440
COLOMBIA,7229,(C)/(F),3.440,,3.440
COLOMBIA,7301,(C),2.890,,2.890
COLOMBIA,7302,(C),2.730,,2.730
COLOMBIA,7303,,see below,see below,see below
COLOMBIA,730300,,1.950,,1.950
COLOMBIA,7304,,see below,see below,see below
COLOMBIA,73041100,,3.080,,3.080
COLOMBIA,730419,(C),2.110,,2.110
COLOMBIA,73042200,,3.080,,3.080
COLOMBIA,73042300,(C),2.110,,2.110
COLOMBIA,73042400,,3.080,,3.080
COLOMBIA,730429,(C),2.110,,2.110
COLOMBIA,730431,(C),2.110,,2.110
COLOMBIA,730439,(C),2.110,,2.110
COLOMBIA,73044100,,3.080,,3.080
COLOMBIA,730449,,3.080,,3.080
COLOMBIA,730451,(F),2.050,,2.050
COLOMBIA,730459,(C)/(F),2.050,,2.050
COLOMBIA,73049000,(C),2.110,,2.110
COLOMBIA,7305,(C),2.890,,2.890
COLOMBIA,7306,,see below,see below,see below
COLOMBIA,73061100,,4.150,,4.150
COLOMBIA,73061900,(C),2.890,,2.890
COLOMBIA,73062100,,4.150,,4.150
COLOMBIA,73062900,(C),2.890,,2.890
COLOMBIA,73063012,(C),2.890,,2.890
COLOMBIA,73063018,(C),2.560,,2.560
COLOMBIA,73063041,(C),2.890,,2.890
COLOMBIA,73063049,(C),2.890,,2.890
COLOMBIA,73063072,(C),2.890,,2.890
COLOMBIA,73063077,(C),2.890,,2.890
COLOMBIA,73063080,(C),2.890,,2.890
COLOMBIA,73064020,,4.150,,4.150
COLOMBIA,73064080,,3.820,,3.820
COLOMBIA,73065021,(F),3.120,,3.120
COLOMBIA,73065029,(F),2.790,,2.790
COLOMBIA,73065080,(F),3.120,,3.120
COLOMBIA,73066110,,4.150,,4.150
COLOMBIA,73066192,(C),2.890,,2.890
COLOMBIA,73066199,(C),2.890,,2.890
COLOMBIA,73066910,,4.150,,4.150
COLOMBIA,73066990,(C),2.890,,2.890
COLOMBIA,73069000,(C),2.890,,2.890
COLOMBIA,7307,,see below,see below,see below
COLOMBIA,730711,,1.940,,1.940
COLOMBIA,73071910,,1.940,,1.940
COLOMBIA,73071990,(C),2.100,,2.100
COLOMBIA,73072100,,2.730,,2.730
COLOMBIA,730722,,2.730,,2.730
COLOMBIA,730723,,2.730,,2.730
COLOMBIA,730729,,2.730,,2.730
COLOMBIA,73079100,(C),2.110,,2.110
COLOMBIA,730792,(C),2.110,,2.110
COLOMBIA,730793,(C),2.110,,2.110
COLOMBIA,730799,(C),2.110,,2.110
COLOMBIA,7308,(C),3.580,,3.580
COLOMBIA,7309,(C),3.760,,3.760
COLOMBIA,7310,(C),2.890,,2.890
COLOMBIA,7311,,see below,see below,see below
COLOMBIA,731100,(C),2.990,,2.990
COLOMBIA,7318,,see below,see below,see below
COLOMBIA,73181100,(C),2.110,,2.110
COLOMBIA,73181210,,3.080,,3.080
COLOMBIA,73181290,(C),2.110,,2.110
COLOMBIA,73181300,(C),2.110,,2.110
COLOMBIA,73181410,,3.080,,3.080
COLOMBIA,73181491,(C),2.110,,2.110
COLOMBIA,73181499,(C),2.110,,2.110
COLOMBIA,731815,(C),2.680,,2.680
COLOMBIA,731816,(C),2.950,,2.950
COLOMBIA,73181900,(C),2.110,,2.110
COLOMBIA,73182100,(C),2.110,,2.110
COLOMBIA,73182200,(C),2.210,,2.210
COLOMBIA,73182300,(C),2.160,,2.160
COLOMBIA,73182400,(C),2.110,,2.110
COLOMBIA,73182900,(C),2.110,,2.110
COLOMBIA,7326,,see below,see below,see below
COLOMBIA,73261100,(C),2.100,,2.100
COLOMBIA,732619,(C),2.100,,2.100
COLOMBIA,73262000,(C),2.110,,2.110
COLOMBIA,73269030,(C),2.110,,2.110
COLOMBIA,73269040,(C),2.110,,2.110
COLOMBIA,73269050,(C),2.110,,2.110
COLOMBIA,73269060,(C),2.110,,2.110
COLOMBIA,73269092,(C),2.100,,2.100
COLOMBIA,73269094,(C),2.100,,2.100
COLOMBIA,73269096,(C),2.100,,2.100
COLOMBIA,73269098,(C),2.890,,2.890
CONGO,2523100090,(A),0.850,0.040,0.890
CONGO,25232900,,0.850,0.070,0.930
CONGO,2523900090,(A),0.820,0.070,0.890
CONGO,28041000,,10.820,,10.820
"CONGO, DEMOCRATIC REPUBLIC OF",2523100090,(A),1.240,0.000,1.250
"CONGO, DEMOCRATIC REPUBLIC OF",25232900,,1.240,0.010,1.250
COSTA RICA,2523100090,(A),0.850,0.000,0.850
COSTA RICA,25232900,,0.850,0.000,0.860
COSTA RICA,2523900090,(A),0.810,0.010,0.820
COSTA RICA,28080000,,1.820,0.030,1.850
COSTA RICA,28142000,,0.680,0.030,0.710
COSTA RICA,28342100,,1.630,0.050,1.670
COSTA RICA,3102,,see below,see below,see below
COSTA RICA,31021012,,0.510,0.030,0.530
COSTA RICA,31021015,,0.840,0.030,0.870
COSTA RICA,31021019,,1.530,0.080,1.610
COSTA RICA,31021090,,1.500,0.080,1.570
COSTA RICA,31022100,,0.660,0.060,0.720
COSTA RICA,31022900,,1.160,0.060,1.230
COSTA RICA,31023010,,1.240,0.050,1.290
COSTA RICA,31023090,,1.900,0.070,1.980
COSTA RICA,31024010,,1.650,0.070,1.710
COSTA RICA,31024090,,1.650,0.070,1.710
COSTA RICA,31025000,,2.840,0.050,2.890
COSTA RICA,31026000,,1.600,0.060,1.660
COSTA RICA,31028000,,1.340,0.060,1.400
COSTA RICA,31029000,,1.470,0.070,1.550
COSTA RICA,3105,,see below,see below,see below
COSTA RICA,31051000,,0.690,0.060,0.750
COSTA RICA,31052010,,0.830,0.070,0.900
COSTA RICA,31052090,,0.570,0.050,0.620
COSTA RICA,31053000,,0.530,0.040,0.570
COSTA RICA,31054000,,0.340,0.030,0.370
COSTA RICA,31055100,,1.130,0.080,1.210
COSTA RICA,31055900,,0.610,0.080,0.690
COSTA RICA,31059020,,1.100,0.050,1.150
COSTA RICA,31059080,,0.560,0.040,0.600
COSTA RICA,7601,(L),0.360,,0.360
COSTA RICA,7603,(L),1.410,,1.410
COSTA RICA,76041010,(L),1.630,,1.630
COSTA RICA,76041090,(L),1.650,,1.650
COSTA RICA,76042100,(L),1.650,,1.650
COSTA RICA,76042910,(L),1.630,,1.630
COSTA RICA,76042990,(L),1.650,,1.650
COSTA RICA,7605,(L),1.630,,1.630
COSTA RICA,7606,(L),2.090,,2.090
COSTA RICA,7607,(L),2.090,,2.090
COSTA RICA,7608,(L),1.650,,1.650
COSTA RICA,76090000,(L),1.650,,1.650
COSTA RICA,76101000,(L),1.650,,1.650
COSTA RICA,761090,(L),1.650,,1.650
COSTA RICA,76109010,(L),1.650,,1.650
COSTA RICA,76109090,(L),1.650,,1.650
COSTA RICA,76110000,(L),2.090,,2.090
COSTA RICA,7612,(L),2.090,,2.090
COSTA RICA,76130000,(L),2.090,,2.090
COSTA RICA,7614,(L),1.630,,1.630
COSTA RICA,76161000,(L),2.090,,2.090
COSTA RICA,76169100,(L),2.090,,2.090
COSTA RICA,76169910,(L),1.410,,1.410
COSTA RICA,76169990,(L),2.090,,2.090
COSTA RICA,28041000,,10.820,,10.820
CUBA,2523100010,(B),1.320,0.070,1.400
CUBA,2523100090,(A),1.090,0.050,1.140
CUBA,25232100,,1.320,0.160,1.480
CUBA,25232900,,1.090,0.090,1.180
CUBA,28080000,,1.820,0.060,1.880
CUBA,28142000,,0.680,0.060,0.740
CUBA,28342100,,1.620,0.090,1.710
CUBA,3102,,see below,see below,see below
CUBA,31021012,,0.490,0.050,0.530
CUBA,31021015,,0.810,0.050,0.850
CUBA,31021019,,1.460,0.140,1.600
CUBA,31021090,,1.430,0.140,1.570
CUBA,31022100,,0.650,0.100,0.750
CUBA,31022900,,1.150,0.120,1.260
CUBA,31023010,,1.230,0.090,1.320
CUBA,31023090,,1.890,0.140,2.030
CUBA,31024010,,1.620,0.120,1.750
CUBA,31024090,,1.620,0.120,1.750
CUBA,31025000,,2.840,0.090,2.940
CUBA,31026000,,1.590,0.120,1.710
CUBA,31028000,,1.310,0.110,1.420
CUBA,31029000,,1.430,0.130,1.560
CUBA,3105,,see below,see below,see below
CUBA,31051000,,0.680,0.100,0.790
CUBA,31052010,,0.820,0.120,0.940
CUBA,31052090,,0.560,0.090,0.650
CUBA,31053000,,0.530,0.080,0.600
CUBA,31054000,,0.330,0.060,0.400
CUBA,31055100,,1.110,0.150,1.270
CUBA,31055900,,0.600,0.120,0.720
CUBA,31059020,,1.090,0.090,1.180
CUBA,31059080,,0.560,0.060,0.620
CUBA,28041000,,10.820,,10.820
CURAÇAO,28041000,,10.820,,10.820
DOMINICAN REPUBLIC,2523100090,(A),1.030,0.050,1.070
DOMINICAN REPUBLIC,25232100,,1.210,0.150,1.360
DOMINICAN REPUBLIC,25232900,,1.040,0.080,1.120
DOMINICAN REPUBLIC,2523900010,(B),1.260,0.190,1.450
DOMINICAN REPUBLIC,2523900090,(A),0.990,0.080,1.070
DOMINICAN REPUBLIC,28080000,,1.800,0.050,1.850
DOMINICAN REPUBLIC,28142000,,0.680,0.050,0.730
DOMINICAN REPUBLIC,28342100,,1.610,0.080,1.690
DOMINICAN REPUBLIC,3102,,see below,see below,see below
DOMINICAN REPUBLIC,31021012,,0.510,0.040,0.550
DOMINICAN REPUBLIC,31021015,,0.840,0.040,0.880
DOMINICAN REPUBLIC,31021019,,1.530,0.120,1.650
DOMINICAN REPUBLIC,31021090,,1.500,0.120,1.620
DOMINICAN REPUBLIC,31022100,,0.660,0.090,0.750
DOMINICAN REPUBLIC,31022900,,1.160,0.100,1.260
DOMINICAN REPUBLIC,31023010,,1.230,0.080,1.300
DOMINICAN REPUBLIC,31023090,,1.880,0.120,2.000
DOMINICAN REPUBLIC,31024010,,1.630,0.110,1.740
DOMINICAN REPUBLIC,31024090,,1.630,0.110,1.740
DOMINICAN REPUBLIC,31025000,,2.800,0.080,2.880
DOMINICAN REPUBLIC,31026000,,1.580,0.110,1.690
DOMINICAN REPUBLIC,31028000,,1.330,0.100,1.420
DOMINICAN REPUBLIC,31029000,,1.470,0.110,1.580
DOMINICAN REPUBLIC,3105,,see below,see below,see below
DOMINICAN REPUBLIC,31051000,,0.690,0.090,0.780
DOMINICAN REPUBLIC,31052010,,0.820,0.110,0.930
DOMINICAN REPUBLIC,31052090,,0.560,0.080,0.640
DOMINICAN REPUBLIC,31053000,,0.530,0.070,0.600
DOMINICAN REPUBLIC,31054000,,0.340,0.050,0.390
DOMINICAN REPUBLIC,31055100,,1.120,0.140,1.260
DOMINICAN REPUBLIC,31055900,,0.610,0.110,0.720
DOMINICAN REPUBLIC,31059020,,1.080,0.080,1.170
DOMINICAN REPUBLIC,31059080,,0.560,0.060,0.620
DOMINICAN REPUBLIC,28041000,,10.820,,10.820
DOMINICAN REPUBLIC,72026000,,3.480,,3.480
ECUADOR,2523100090,(A),1.090,0.010,1.110
ECUADOR,25232900,,1.090,0.020,1.110
ECUADOR,2523900090,(A),1.040,0.030,1.070
ECUADOR,28080000,,1.880,0.020,1.910
ECUADOR,28142000,,0.680,0.020,0.700
ECUADOR,28342100,,1.670,0.040,1.700
ECUADOR,3102,,see below,see below,see below
ECUADOR,31021012,,0.510,0.020,0.530
ECUADOR,31021015,,0.840,0.020,0.860
ECUADOR,31021019,,1.530,0.060,1.590
ECUADOR,31021090,,1.500,0.060,1.560
ECUADOR,31022100,,0.660,0.050,0.710
ECUADOR,31022900,,1.180,0.060,1.240
ECUADOR,31023010,,1.270,0.040,1.310
ECUADOR,31023090,,1.950,0.060,2.010
ECUADOR,31024010,,1.680,0.060,1.740
ECUADOR,31024090,,1.680,0.060,1.740
ECUADOR,31025000,,2.940,0.040,2.980
ECUADOR,31026000,,1.640,0.060,1.690
ECUADOR,31028000,,1.360,0.050,1.410
ECUADOR,31029000,,1.490,0.060,1.550
ECUADOR,3105,,see below,see below,see below
ECUADOR,31051000,,0.700,0.050,0.750
ECUADOR,31052010,,0.850,0.060,0.910
ECUADOR,31052090,,0.580,0.050,0.620
ECUADOR,31053000,,0.530,0.040,0.570
ECUADOR,31054000,,0.340,0.030,0.370
ECUADOR,31055100,,1.160,0.080,1.230
ECUADOR,31055900,,0.610,0.080,0.690
ECUADOR,31059020,,1.120,0.040,1.160
ECUADOR,31059080,,0.580,0.030,0.610
ECUADOR,7601,(L),0.360,,0.360
ECUADOR,7603,(L),1.970,,1.970
ECUADOR,76041010,(L),2.190,,2.190
ECUADOR,76041090,(L),2.210,,2.210
ECUADOR,76042100,(L),2.210,,2.210
ECUADOR,76042910,(L),2.190,,2.190
ECUADOR,76042990,(L),2.210,,2.210
ECUADOR,7605,(L),2.190,,2.190
ECUADOR,7606,(L),2.650,,2.650
ECUADOR,7607,(L),2.650,,2.650
ECUADOR,7608,(L),2.210,,2.210
ECUADOR,76090000,(L),2.210,,2.210
ECUADOR,76101000,(L),2.210,,2.210
ECUADOR,761090,(L),2.210,,2.210
ECUADOR,76109010,(L),2.210,,2.210
ECUADOR,76109090,(L),2.210,,2.210
ECUADOR,76110000,(L),2.650,,2.650
ECUADOR,7612,(L),2.650,,2.650
ECUADOR,76130000,(L),2.650,,2.650
ECUADOR,7614,(L),2.190,,2.190
ECUADOR,76161000,(L),2.650,,2.650
ECUADOR,76169100,(L),2.650,,2.650
ECUADOR,76169910,(L),1.970,,1.970
ECUADOR,76169990,(L),2.650,,2.650
ECUADOR,28041000,,10.820,,10.820
ECUADOR,720211,,1.690,,1.690
EGYPT,2523100010,(B),1.290,0.040,1.330
EGYPT,2523100090,(A),1.240,0.030,1.270
EGYPT,25232100,,1.250,0.130,1.390
EGYPT,25232900,,1.240,0.050,1.290
EGYPT,2523900010,(B),1.300,0.160,1.450
EGYPT,2523900090,(A),1.180,0.060,1.240
EGYPT,28080000,,2.460,0.030,2.490
EGYPT,28141000,,1.960,0.100,2.050
EGYPT,28142000,,0.590,0.030,0.620
EGYPT,28342100,,1.990,0.050,2.040
EGYPT,3102,,see below,see below,see below
EGYPT,31021012,,0.440,0.020,0.460
EGYPT,31021015,,0.720,0.020,0.750
EGYPT,31021019,,1.320,0.080,1.390
EGYPT,31021090,,1.290,0.070,1.360
EGYPT,31022100,,0.570,0.060,0.630
EGYPT,31022900,,1.280,0.060,1.340
EGYPT,31023010,,1.510,0.050,1.560
EGYPT,31023090,,2.320,0.080,2.390
EGYPT,31024010,,1.980,0.070,2.050
EGYPT,31024090,,1.980,0.070,2.050
EGYPT,31025000,,3.840,0.050,3.890
EGYPT,31026000,,1.940,0.070,2.010
EGYPT,31028000,,1.450,0.060,1.510
EGYPT,31029000,,1.490,0.070,1.560
EGYPT,3105,,see below,see below,see below
EGYPT,31051000,,0.740,0.060,0.800
EGYPT,31052010,,0.970,0.070,1.040
EGYPT,31052090,,0.660,0.050,0.710
EGYPT,31053000,,0.460,0.040,0.500
EGYPT,31054000,,0.290,0.040,0.330
EGYPT,31055100,,1.340,0.090,1.430
EGYPT,31055900,,0.530,0.080,0.620
EGYPT,31059020,,1.310,0.050,1.360
EGYPT,31059080,,0.670,0.040,0.710
EGYPT,7601,(K),1.870,,1.870
EGYPT,7603,(K),2.698,,2.698
EGYPT,76041010,(K),2.997,,2.997
EGYPT,76041090,(K),3.025,,3.025
EGYPT,76042100,(K),3.025,,3.025
EGYPT,76042910,(K),2.997,,2.997
EGYPT,76042990,(K),3.025,,3.025
EGYPT,7605,(K),2.997,,2.997
EGYPT,7606,(K),3.624,,3.624
EGYPT,7607,(K),3.624,,3.624
EGYPT,7608,(K),3.025,,3.025
EGYPT,76090000,(K),3.025,,3.025
EGYPT,76101000,(K),3.025,,3.025
EGYPT,761090,(K),3.025,,3.025
EGYPT,76109010,(K),3.025,,3.025
EGYPT,76109090,(K),3.025,,3.025
EGYPT,76110000,(K),3.624,,3.624
EGYPT,7612,(K),3.624,,3.624
EGYPT,76130000,(K),3.624,,3.624
EGYPT,7614,(K),2.997,,2.997
EGYPT,76161000,(K),3.624,,3.624
EGYPT,76169100,(K),3.624,,3.624
EGYPT,76169910,(K),2.698,,2.698
EGYPT,76169990,(K),3.624,,3.624
EGYPT,28041000,,10.820,,10.820
EGYPT,720211,,1.690,,1.690
EGYPT,720241,,2.350,,2.350
EGYPT,72026000,,3.480,,3.480
EL SALVADOR,2523100090,(A),0.870,0.040,0.910
EL SALVADOR,25232900,,0.870,0.070,0.940
EL SALVADOR,2523900090,(A),0.830,0.080,0.910
EL SALVADOR,28080000,,1.820,0.050,1.870
EL SALVADOR,28142000,,0.680,0.040,0.730
EL SALVADOR,28342100,,1.620,0.070,1.690
EL SALVADOR,3102,,see below,see below,see below
EL SALVADOR,31021012,,0.490,0.040,0.520
EL SALVADOR,31021015,,0.800,0.040,0.840
EL SALVADOR,31021019,,1.460,0.120,1.580
EL SALVADOR,31021090,,1.430,0.110,1.540
EL SALVADOR,31022100,,0.650,0.080,0.730
EL SALVADOR,31022900,,1.150,0.090,1.240
EL SALVADOR,31023010,,1.230,0.070,1.300
EL SALVADOR,31023090,,1.890,0.110,2.000
EL SALVADOR,31024010,,1.620,0.100,1.720
EL SALVADOR,31024090,,1.620,0.100,1.720
EL SALVADOR,31025000,,2.850,0.080,2.920
EL SALVADOR,31026000,,1.590,0.100,1.680
EL SALVADOR,31028000,,1.310,0.090,1.400
EL SALVADOR,31029000,,1.430,0.100,1.540
EL SALVADOR,3105,,see below,see below,see below
EL SALVADOR,31051000,,0.680,0.080,0.770
EL SALVADOR,31052010,,0.820,0.100,0.920
EL SALVADOR,31052090,,0.560,0.080,0.630
EL SALVADOR,31053000,,0.530,0.060,0.590
EL SALVADOR,31054000,,0.330,0.050,0.380
EL SALVADOR,31055100,,1.110,0.120,1.240
EL SALVADOR,31055900,,0.600,0.100,0.700
EL SALVADOR,31059020,,1.090,0.080,1.160
EL SALVADOR,31059080,,0.560,0.050,0.610
EL SALVADOR,7601,(L),0.360,,0.360
EL SALVADOR,7603,(L),1.980,,1.980
EL SALVADOR,76041010,(L),2.200,,2.200
EL SALVADOR,76041090,(L),2.220,,2.220
EL SALVADOR,76042100,(L),2.220,,2.220
EL SALVADOR,76042910,(L),2.200,,2.200
EL SALVADOR,76042990,(L),2.220,,2.220
EL SALVADOR,7605,(L),2.200,,2.200
EL SALVADOR,7606,(L),2.660,,2.660
EL SALVADOR,7607,(L),2.660,,2.660
EL SALVADOR,7608,(L),2.220,,2.220
EL SALVADOR,76090000,(L),2.220,,2.220
EL SALVADOR,76101000,(L),2.220,,2.220
EL SALVADOR,761090,(L),2.220,,2.220
EL SALVADOR,76109010,(L),2.220,,2.220
EL SALVADOR,76109090,(L),2.220,,2.220
EL SALVADOR,76110000,(L),2.660,,2.660
EL SALVADOR,7612,(L),2.660,,2.660
EL SALVADOR,76130000,(L),2.660,,2.660
EL SALVADOR,7614,(L),2.200,,2.200
EL SALVADOR,76161000,(L),2.660,,2.660
EL SALVADOR,76169100,(L),2.660,,2.660
EL SALVADOR,76169910,(L),1.980,,1.980
EL SALVADOR,76169990,(L),2.660,,2.660
EL SALVADOR,28041000,,10.820,,10.820
EQUATORIAL GUINEA,28041000,,10.820,,10.820
ERITREA,2523100090,(A),0.850,0.060,0.910
ERITREA,25232900,,0.850,0.110,0.960
ERITREA,28041000,,10.820,,10.820
ESWATINI,25232900,,1.170,0.080,1.250
ESWATINI,2523900090,(A),1.120,0.080,1.200
ETHIOPIA,2523100090,(A),0.850,0.000,0.850
ETHIOPIA,25232900,,0.850,0.000,0.850
ETHIOPIA,28080000,,1.830,0.050,1.880
ETHIOPIA,28142000,,0.830,0.050,0.880
ETHIOPIA,28342100,,1.720,0.070,1.800
ETHIOPIA,3102,,see below,see below,see below
ETHIOPIA,31021012,,0.600,0.040,0.640
ETHIOPIA,31021015,,1.000,0.040,1.030
ETHIOPIA,31021019,,1.810,0.120,1.930
ETHIOPIA,31021090,,1.770,0.120,1.890
ETHIOPIA,31022100,,0.790,0.070,0.860
ETHIOPIA,31022900,,1.280,0.080,1.370
ETHIOPIA,31023010,,1.310,0.060,1.380
ETHIOPIA,31023090,,2.020,0.100,2.120
ETHIOPIA,31024010,,1.740,0.090,1.830
ETHIOPIA,31024090,,1.740,0.090,1.830
ETHIOPIA,31025000,,2.860,0.080,2.940
ETHIOPIA,31026000,,1.690,0.090,1.780
ETHIOPIA,31028000,,1.480,0.080,1.560
ETHIOPIA,31029000,,1.670,0.100,1.770
ETHIOPIA,3105,,see below,see below,see below
ETHIOPIA,31051000,,0.770,0.070,0.840
ETHIOPIA,31052010,,0.890,0.080,0.970
ETHIOPIA,31052090,,0.600,0.060,0.660
ETHIOPIA,31053000,,0.640,0.060,0.700
ETHIOPIA,31054000,,0.400,0.040,0.450
ETHIOPIA,31055100,,1.200,0.100,1.300
ETHIOPIA,31055900,,0.720,0.100,0.820
ETHIOPIA,31059020,,1.170,0.070,1.230
ETHIOPIA,31059080,,0.600,0.040,0.640
GABON,2523100090,(A),1.240,0.040,1.280
GABON,25232900,,1.130,0.060,1.190
GABON,2523900090,(A),1.070,0.060,1.140
GABON,28041000,,10.820,,10.820
GEORGIA,2523100090,(A),1.360,0.010,1.360
GEORGIA,25232900,,1.190,0.020,1.200
GEORGIA,28080000,,2.780,0.010,2.780
GEORGIA,28141000,,2.160,0.030,2.190
GEORGIA,28142000,,0.650,0.010,0.660
GEORGIA,28342100,,2.240,0.020,2.250
GEORGIA,3102,,see below,see below,see below
GEORGIA,31021012,,0.490,0.010,0.500
GEORGIA,31021015,,0.810,0.010,0.820
GEORGIA,31021019,,1.470,0.030,1.500
GEORGIA,31021090,,1.440,0.030,1.470
GEORGIA,31022100,,0.640,0.040,0.670
GEORGIA,31022900,,1.430,0.040,1.470
GEORGIA,31023010,,1.690,0.030,1.720
GEORGIA,31023090,,2.600,0.040,2.640
GEORGIA,31024010,,2.230,0.040,2.270
GEORGIA,31024090,,2.230,0.040,2.270
GEORGIA,31025000,,4.330,0.010,4.340
GEORGIA,31026000,,2.180,0.040,2.220
GEORGIA,31028000,,1.630,0.030,1.660
GEORGIA,31029000,,1.660,0.040,1.700
GEORGIA,3105,,see below,see below,see below
GEORGIA,31051000,,0.820,0.040,0.860
GEORGIA,31052010,,1.090,0.050,1.140
GEORGIA,31052090,,0.740,0.040,0.780
GEORGIA,31053000,,0.510,0.020,0.530
GEORGIA,31054000,,0.320,0.020,0.350
GEORGIA,31055100,,1.500,0.060,1.570
GEORGIA,31055900,,0.590,0.060,0.650
GEORGIA,31059020,,1.470,0.030,1.500
GEORGIA,31059080,,0.750,0.030,0.780
GEORGIA,720211,,1.690,,1.690
GEORGIA,720241,,2.350,,2.350
GEORGIA,72026000,,3.480,,3.480
GHANA,2507008080,,0.180,0.100,0.280
GHANA,2523100090,(A),0.850,0.030,0.880
GHANA,25232900,,1.050,0.050,1.100
GHANA,2523900090,(A),1.000,0.050,1.060
GHANA,28080000,,1.800,0.050,1.850
GHANA,28142000,,0.700,0.040,0.750
GHANA,28342100,,1.630,0.060,1.690
GHANA,3102,,see below,see below,see below
GHANA,31021012,,1.190,0.030,1.220
GHANA,31021015,,1.970,0.030,2.000
GHANA,31021019,,3.570,0.100,3.680
GHANA,31021090,,3.500,0.100,3.600
GHANA,31022100,,0.680,0.060,0.750
GHANA,31022900,,1.180,0.080,1.250
GHANA,31023010,,1.240,0.060,1.300
GHANA,31023090,,1.910,0.090,2.000
GHANA,31024010,,1.650,0.080,1.730
GHANA,31024090,,1.650,0.080,1.730
GHANA,31025000,,2.810,0.070,2.890
GHANA,31026000,,1.600,0.080,1.680
GHANA,31028000,,2.000,0.080,2.080
GHANA,31029000,,2.530,0.090,2.620
GHANA,3105,,see below,see below,see below
GHANA,31051000,,0.700,0.060,0.770
GHANA,31052010,,0.840,0.070,0.910
GHANA,31052090,,0.570,0.050,0.620
GHANA,31053000,,0.550,0.050,0.600
GHANA,31054000,,0.350,0.040,0.390
GHANA,31055100,,1.130,0.090,1.220
GHANA,31055900,,0.630,0.090,0.720
GHANA,31059020,,1.100,0.060,1.160
GHANA,31059080,,0.570,0.040,0.610
GHANA,7601,(K),1.700,,1.700
GHANA,7603,(K),1.810,,1.810
GHANA,76041010,(K),2.030,,2.030
GHANA,76041090,(K),2.050,,2.050
GHANA,76042100,(K),2.050,,2.050
GHANA,76042910,(K),2.030,,2.030
GHANA,76042990,(K),2.050,,2.050
GHANA,7605,(K),2.030,,2.030
GHANA,7606,(K),2.490,,2.490
GHANA,7607,(K),2.490,,2.490
GHANA,7608,(K),2.050,,2.050
GHANA,76090000,(K),2.050,,2.050
GHANA,76101000,(K),2.050,,2.050
GHANA,761090,(K),2.050,,2.050
GHANA,76109010,(K),2.050,,2.050
GHANA,76109090,(K),2.050,,2.050
GHANA,76110000,(K),2.490,,2.490
GHANA,7612,(K),2.490,,2.490
GHANA,76130000,(K),2.490,,2.490
GHANA,7614,(K),2.030,,2.030
GHANA,76161000,(K),2.490,,2.490
GHANA,76169100,(K),2.490,,2.490
GHANA,76169910,(K),1.810,,1.810
GHANA,76169990,(K),2.490,,2.490
GHANA,28041000,,10.820,,10.820
GUATEMALA,2523100090,(A),0.870,0.070,0.940
GUATEMALA,25232900,,0.870,0.110,0.980
GUATEMALA,2523900090,(A),0.830,0.120,0.950
GUATEMALA,28080000,,1.820,0.080,1.890
GUATEMALA,28142000,,0.680,0.070,0.750
GUATEMALA,28342100,,1.620,0.110,1.730
GUATEMALA,3102,,see below,see below,see below
GUATEMALA,31021012,,0.510,0.060,0.570
GUATEMALA,31021015,,0.840,0.060,0.900
GUATEMALA,31021019,,1.530,0.180,1.710
GUATEMALA,31021090,,1.500,0.180,1.670
GUATEMALA,31022100,,0.660,0.130,0.790
GUATEMALA,31022900,,1.160,0.150,1.310
GUATEMALA,31023010,,1.240,0.110,1.350
GUATEMALA,31023090,,1.900,0.170,2.070
GUATEMALA,31024010,,1.640,0.160,1.800
GUATEMALA,31024090,,1.640,0.160,1.800
GUATEMALA,31025000,,2.830,0.120,2.950
GUATEMALA,31026000,,1.590,0.150,1.740
GUATEMALA,31028000,,1.330,0.140,1.470
GUATEMALA,31029000,,1.470,0.160,1.640
GUATEMALA,3105,,see below,see below,see below
GUATEMALA,31051000,,0.690,0.130,0.820
GUATEMALA,31052010,,0.830,0.160,0.990
GUATEMALA,31052090,,0.560,0.120,0.680
GUATEMALA,31053000,,0.530,0.100,0.630
GUATEMALA,31054000,,0.340,0.080,0.420
GUATEMALA,31055100,,1.130,0.200,1.320
GUATEMALA,31055900,,0.610,0.150,0.760
GUATEMALA,31059020,,1.090,0.120,1.210
GUATEMALA,31059080,,0.560,0.080,0.650
GUATEMALA,7601,(L),0.360,,0.360
GUATEMALA,7603,(L),1.980,,1.980
GUATEMALA,76041010,(L),2.200,,2.200
GUATEMALA,76041090,(L),2.220,,2.220
GUATEMALA,76042100,(L),2.220,,2.220
GUATEMALA,76042910,(L),2.200,,2.200
GUATEMALA,76042990,(L),2.220,,2.220
GUATEMALA,7605,(L),2.200,,2.200
GUATEMALA,7606,(L),2.660,,2.660
GUATEMALA,7607,(L),2.660,,2.660
GUATEMALA,7608,(L),2.220,,2.220
GUATEMALA,76090000,(L),2.220,,2.220
GUATEMALA,76101000,(L),2.220,,2.220
GUATEMALA,761090,(L),2.220,,2.220
GUATEMALA,76109010,(L),2.220,,2.220
GUATEMALA,76109090,(L),2.220,,2.220
GUATEMALA,76110000,(L),2.660,,2.660
GUATEMALA,7612,(L),2.660,,2.660
GUATEMALA,76130000,(L),2.660,,2.660
GUATEMALA,7614,(L),2.200,,2.200
GUATEMALA,76161000,(L),2.660,,2.660
GUATEMALA,76169100,(L),2.660,,2.660
GUATEMALA,76169910,(L),1.980,,1.980
GUATEMALA,76169990,(L),2.660,,2.660
GUATEMALA,28041000,,10.820,,10.820
GUATEMALA,72026000,,3.480,,3.480
HAITI,2523100090,(A),1.090,0.060,1.160
HAITI,25232900,,1.110,0.100,1.200
HAITI,2523900090,(A),1.050,0.100,1.150
HONDURAS,2523100090,(A),0.870,0.040,0.910
HONDURAS,25232900,,0.880,0.070,0.940
HONDURAS,2523900090,(A),0.840,0.070,0.910
HONDURAS,28080000,,1.800,0.040,1.850
HONDURAS,28142000,,0.680,0.040,0.720
HONDURAS,28342100,,1.620,0.060,1.680
HONDURAS,3102,,see below,see below,see below
HONDURAS,31021012,,1.500,0.040,1.540
HONDURAS,31021015,,2.490,0.040,2.530
HONDURAS,31021019,,4.530,0.110,4.640
HONDURAS,31021090,,4.430,0.100,4.530
HONDURAS,31022100,,0.660,0.080,0.740
HONDURAS,31022900,,1.160,0.090,1.250
HONDURAS,31023010,,1.230,0.070,1.300
HONDURAS,31023090,,1.890,0.100,1.990
HONDURAS,31024010,,1.630,0.100,1.730
HONDURAS,31024090,,1.630,0.100,1.730
HONDURAS,31025000,,2.810,0.070,2.880
HONDURAS,31026000,,1.590,0.090,1.680
HONDURAS,31028000,,2.310,0.080,2.390
HONDURAS,31029000,,3.010,0.100,3.110
HONDURAS,3105,,see below,see below,see below
HONDURAS,31051000,,0.690,0.080,0.770
HONDURAS,31052010,,0.830,0.090,0.920
HONDURAS,31052090,,0.560,0.070,0.630
HONDURAS,31053000,,0.530,0.060,0.590
HONDURAS,31054000,,0.340,0.050,0.380
HONDURAS,31055100,,1.120,0.120,1.240
HONDURAS,31055900,,0.610,0.100,0.710
HONDURAS,31059020,,1.090,0.070,1.160
HONDURAS,31059080,,0.560,0.050,0.610
HONG KONG,2523100090,(A),0.870,0.050,0.910
HONG KONG,25232900,,0.900,0.080,0.980
HONG KONG,2523900090,(A),0.860,0.080,0.940
INDIA,2523100010,(B),1.350,0.070,1.410
INDIA,2523100090,(A),1.390,0.050,1.440
INDIA,25232100,,1.330,0.140,1.470
INDIA,25232900,,1.390,0.090,1.480
INDIA,25233000,,2.050,0.240,2.290
INDIA,28080000,,1.940,0.070,2.010
INDIA,28141000,,3.060,0.220,3.280
INDIA,28142000,,0.920,0.070,0.990
INDIA,28342100,,1.860,0.100,1.960
INDIA,3102,,see below,see below,see below
INDIA,31021012,,0.680,0.060,0.740
INDIA,31021015,,1.130,0.060,1.180
INDIA,31021019,,2.050,0.170,2.220
INDIA,31021090,,2.000,0.160,2.170
INDIA,31022100,,0.890,0.120,1.010
INDIA,31022900,,1.410,0.140,1.550
INDIA,31023010,,1.420,0.110,1.520
INDIA,31023090,,2.180,0.160,2.340
INDIA,31024010,,1.890,0.150,2.040
INDIA,31024090,,1.890,0.150,2.040
INDIA,31025000,,3.030,0.110,3.140
INDIA,31026000,,1.830,0.140,1.970
INDIA,31028000,,1.620,0.130,1.750
INDIA,31029000,,1.850,0.150,2.010
INDIA,3105,,see below,see below,see below
INDIA,31051000,,0.850,0.120,0.980
INDIA,31052010,,0.970,0.150,1.120
INDIA,31052090,,0.660,0.110,0.770
INDIA,31053000,,0.720,0.090,0.810
INDIA,31054000,,0.450,0.070,0.530
INDIA,31055100,,1.310,0.180,1.490
INDIA,31055900,,0.820,0.150,0.970
INDIA,31059020,,1.270,0.110,1.380
INDIA,31059080,,0.660,0.080,0.730
INDIA,7601,(K),1.870,,1.870
INDIA,7603,(K),3.071,,3.071
INDIA,76041010,(K),3.413,,3.413
INDIA,76041090,(K),3.444,,3.444
INDIA,76042100,(K),3.444,,3.444
INDIA,76042910,(K),3.413,,3.413
INDIA,76042990,(K),3.444,,3.444
INDIA,7605,(K),2.594,,2.594
INDIA,7606,(K),4.126,,4.126
INDIA,7607,(K),4.126,,4.126
INDIA,7608,(K),3.444,,3.444
INDIA,76090000,(K),3.444,,3.444
INDIA,76101000,(K),3.444,,3.444
INDIA,761090,(K),3.444,,3.444
INDIA,76109010,(K),3.444,,3.444
INDIA,76109090,(K),3.444,,3.444
INDIA,76110000,(K),4.126,,4.126
INDIA,7612,(K),4.126,,4.126
INDIA,76130000,(K),4.126,,4.126
INDIA,7614,(K),3.413,,3.413
INDIA,76161000,(K),4.126,,4.126
INDIA,76169100,(K),4.126,,4.126
INDIA,76169910,(K),3.071,,3.071
INDIA,76169990,(K),4.126,,4.126
INDIA,28041000,,14.030,,14.030
INDIA,26011200,,0.290,0.050,0.340
INDIA,7201,,2.530,,2.530
INDIA,720211,,1.690,,1.690
INDIA,720219,,5.590,,5.590
INDIA,720241,,2.350,,2.350
INDIA,72026000,,3.480,,3.480
INDIA,7203,,4.200,,4.200
INDIA,7205,(C)/(F),2.540,,2.540
INDIA,7206,,see below,see below,see below
INDIA,72061000,(C),2.640,,2.640
INDIA,72069000,(C),2.640,,2.640
INDIA,7207,,see below,see below,see below
INDIA,72071111,(C),4.270,,4.270
INDIA,72071114,(C),4.270,,4.270
INDIA,72071116,(C),4.270,,4.270
INDIA,72071190,(C),4.320,,4.320
INDIA,72071210,(C),4.270,,4.270
INDIA,72071290,(C),4.320,,4.320
INDIA,72071912,(C),4.270,,4.270
INDIA,72071919,(C),4.320,,4.320
INDIA,72071980,(C),4.270,,4.270
INDIA,72072011,(C),4.270,,4.270
INDIA,72072015,(C),4.270,,4.270
INDIA,72072017,(C),4.270,,4.270
INDIA,72072019,(C),4.320,,4.320
INDIA,72072032,(C),4.270,,4.270
INDIA,72072039,(C),4.320,,4.320
INDIA,72072052,(C),4.270,,4.270
INDIA,72072059,(C),4.320,,4.320
INDIA,72072080,(C),4.270,,4.270
INDIA,7208,(C),4.280,,4.280
INDIA,7209,(C),4.280,,4.280
INDIA,7210,(C),4.280,,4.280
INDIA,7211,,see below,see below,see below
INDIA,72111300,(C),4.280,,4.280
INDIA,72111400,(C),4.280,,4.280
INDIA,72111900,(C),4.280,,4.280
INDIA,721123,(C),4.280,,4.280
INDIA,72112900,(C),4.280,,4.280
INDIA,721190,(C),4.280,,4.280
INDIA,7212,(C),4.280,,4.280
INDIA,7213,(C),4.270,,4.270
INDIA,7214,,see below,see below,see below
INDIA,72141000,(C),4.320,,4.320
INDIA,72142000,(C),4.270,,4.270
INDIA,72143000,(C),4.270,,4.270
INDIA,721491,(C),4.270,,4.270
INDIA,721499,(C),4.270,,4.270
INDIA,7215,(C),4.270,,4.270
INDIA,7216,(C),4.270,,4.270
INDIA,7217,,see below,see below,see below
INDIA,721710,(C),4.270,,4.270
INDIA,721720,(C),4.270,,4.270
INDIA,721730,(C),4.270,,4.270
INDIA,721790,(C),4.270,,4.270
INDIA,7218,,see below,see below,see below
INDIA,72181000,,6.530,,6.530
INDIA,721891,,6.490,,6.490
INDIA,72189911,,6.490,,6.490
INDIA,72189919,,6.530,,6.530
INDIA,72189920,,6.490,,6.490
INDIA,72189980,,6.530,,6.530
INDIA,7219,,see below,see below,see below
INDIA,72191100,,6.490,,6.490
INDIA,721912,,6.490,,6.490
INDIA,721913,,6.490,,6.490
INDIA,721914,,6.490,,6.490
INDIA,721921,,6.490,,6.490
INDIA,721922,,6.490,,6.490
INDIA,72192300,,6.490,,6.490
INDIA,72192400,,6.490,,6.490
INDIA,72193100,,6.500,,6.500
INDIA,721932,,6.500,,6.500
INDIA,721933,,6.500,,6.500
INDIA,721934,,6.500,,6.500
INDIA,721935,,6.500,,6.500
INDIA,721990,,6.500,,6.500
INDIA,7220,,see below,see below,see below
INDIA,72201100,,6.490,,6.490
INDIA,72201200,,6.490,,6.490
INDIA,722020,,6.500,,6.500
INDIA,722090,,6.500,,6.500
INDIA,7221,,6.480,,6.480
INDIA,7222,,see below,see below,see below
INDIA,722211,,6.480,,6.480
INDIA,722219,,6.480,,6.480
INDIA,722220,,6.480,,6.480
INDIA,722230,,6.530,,6.530
INDIA,722240,,6.480,,6.480
INDIA,7223,,see below,see below,see below
INDIA,722300,,6.480,,6.480
INDIA,7224,,see below,see below,see below
INDIA,722410,(F),7.350,,7.350
INDIA,72249002,(F),7.320,,7.320
INDIA,72249003,(F),7.320,,7.320
INDIA,72249005,(F),7.320,,7.320
INDIA,72249007,(F),7.320,,7.320
INDIA,72249014,(F),7.320,,7.320
INDIA,72249018,(F),7.350,,7.350
INDIA,72249031,(F),7.320,,7.320
INDIA,72249038,(F),7.320,,7.320
INDIA,72249090,(F),7.350,,7.350
INDIA,7225,,see below,see below,see below
INDIA,72251100,(C),8.580,,8.580
INDIA,72251910,(C),7.320,,7.320
INDIA,72251990,(C),7.320,,7.320
INDIA,722530,(F),7.320,,7.320
INDIA,722540,(F),7.320,,7.320
INDIA,722550,(F),7.320,,7.320
INDIA,72259100,(F),7.320,,7.320
INDIA,72259200,(F),7.320,,7.320
INDIA,72259900,(F),7.320,,7.320
INDIA,7226,,see below,see below,see below
INDIA,72261100,(C),8.580,,8.580
INDIA,72261910,(C),7.320,,7.320
INDIA,72261980,(C),7.320,,7.320
INDIA,72262000,(F),7.320,,7.320
INDIA,722691,(F),7.320,,7.320
INDIA,72269200,(F),7.320,,7.320
INDIA,722699,(F),7.320,,7.320
INDIA,7227,(C)/(F),7.300,,7.300
INDIA,7228,,see below,see below,see below
INDIA,72281020,(F),7.300,,7.300
INDIA,72281050,(F),7.350,,7.350
INDIA,72281090,(F),7.300,,7.300
INDIA,722820,(F),7.300,,7.300
INDIA,722830,(C)/(F),7.300,,7.300
INDIA,722840,(F),7.350,,7.350
INDIA,722850,(C)/(F),7.300,,7.300
INDIA,722860,(F),7.300,,7.300
INDIA,722870,(F),7.300,,7.300
INDIA,72288000,(F),7.300,,7.300
INDIA,7229,(C)/(F),7.300,,7.300
INDIA,7301,(C),4.300,,4.300
INDIA,7302,(C),5.450,,5.450
INDIA,7303,,see below,see below,see below
INDIA,730300,,2.840,,2.840
INDIA,7304,,see below,see below,see below
INDIA,73041100,,6.490,,6.490
INDIA,730419,(C),4.320,,4.320
INDIA,73042200,,6.490,,6.490
INDIA,73042300,(C),4.320,,4.320
INDIA,73042400,,6.490,,6.490
INDIA,730429,(C),4.320,,4.320
INDIA,730431,(C),4.320,,4.320
INDIA,730439,(C),4.320,,4.320
INDIA,73044100,,6.490,,6.490
INDIA,730449,,6.490,,6.490
INDIA,730451,(F),4.320,,4.320
INDIA,730459,(C)/(F),4.320,,4.320
INDIA,73049000,(C),4.320,,4.320
INDIA,7305,(C),4.320,,4.320
INDIA,7306,,see below,see below,see below
INDIA,73061100,,6.500,,6.500
INDIA,73061900,(C),4.320,,4.320
INDIA,73062100,,6.500,,6.500
INDIA,73062900,(C),4.320,,4.320
INDIA,73063012,(C),4.320,,4.320
INDIA,73063018,(C),4.320,,4.320
INDIA,73063041,(C),4.320,,4.320
INDIA,73063049,(C),4.320,,4.320
INDIA,73063072,(C),4.320,,4.320
INDIA,73063077,(C),4.320,,4.320
INDIA,73063080,(C),4.320,,4.320
INDIA,73064020,,6.500,,6.500
INDIA,73064080,,6.490,,6.490
INDIA,73065021,(F),4.330,,4.330
INDIA,73065029,(F),4.320,,4.320
INDIA,73065080,(F),4.330,,4.330
INDIA,73066110,,6.500,,6.500
INDIA,73066192,(C),4.320,,4.320
INDIA,73066199,(C),4.320,,4.320
INDIA,73066910,,6.500,,6.500
INDIA,73066990,(C),4.320,,4.320
INDIA,73069000,(C),4.320,,4.320
INDIA,7307,,see below,see below,see below
INDIA,730711,,3.859,,3.859
INDIA,73071910,,3.859,,3.859
INDIA,73071990,(C),4.320,,4.320
INDIA,73072100,,4.810,,4.810
INDIA,730722,,4.810,,4.810
INDIA,730723,,4.810,,4.810
INDIA,730729,,4.810,,4.810
INDIA,73079100,(C),4.280,,4.280
INDIA,730792,(C),4.280,,4.280
INDIA,730793,(C),4.280,,4.280
INDIA,730799,(C),4.280,,4.280
INDIA,7308,(C),5.930,,5.930
INDIA,7309,(C),6.650,,6.650
INDIA,7310,(C),4.310,,4.310
INDIA,7311,,see below,see below,see below
INDIA,731100,(C),6.640,,6.640
INDIA,7318,,see below,see below,see below
INDIA,73181100,(C),4.270,,4.270
INDIA,73181210,,5.770,,5.770
INDIA,73181290,(C),4.270,,4.270
INDIA,73181300,(C),4.270,,4.270
INDIA,73181410,,5.770,,5.770
INDIA,73181491,(C),4.270,,4.270
INDIA,73181499,(C),4.270,,4.270
INDIA,731815,(C),5.720,,5.720
INDIA,731816,(C),5.140,,5.140
INDIA,73181900,(C),4.270,,4.270
INDIA,73182100,(C),4.270,,4.270
INDIA,73182200,(C),5.140,,5.140
INDIA,73182300,(C),4.280,,4.280
INDIA,73182400,(C),4.270,,4.270
INDIA,73182900,(C),4.270,,4.270
INDIA,7326,,see below,see below,see below
INDIA,73261100,(C),4.910,,4.910
INDIA,732619,(C),4.910,,4.910
INDIA,73262000,(C),4.910,,4.910
INDIA,73269030,(C),4.910,,4.910
INDIA,73269040,(C),4.910,,4.910
INDIA,73269050,(C),4.910,,4.910
INDIA,73269060,(C),4.910,,4.910
INDIA,73269092,(C),4.910,,4.910
INDIA,73269094,(C),4.910,,4.910
INDIA,73269096,(C),4.910,,4.910
INDIA,73269098,(C),4.910,,4.910
INDONESIA,28080000,,2.060,0.070,2.130
INDONESIA,28141000,,2.050,0.230,2.280
INDONESIA,28142000,,0.620,0.070,0.680
INDONESIA,28342100,,1.740,0.110,1.860
INDONESIA,3102,,see below,see below,see below
INDONESIA,31021012,,0.460,0.060,0.520
INDONESIA,31021015,,0.770,0.060,0.830
INDONESIA,31021019,,1.400,0.180,1.580
INDONESIA,31021090,,1.370,0.180,1.540
INDONESIA,31022100,,0.600,0.140,0.740
INDONESIA,31022900,,1.180,0.150,1.330
INDONESIA,31023010,,1.320,0.120,1.440
INDONESIA,31023090,,2.040,0.180,2.220
INDONESIA,31024010,,1.760,0.160,1.920
INDONESIA,31024090,,1.760,0.160,1.920
INDONESIA,31025000,,3.220,0.120,3.330
INDONESIA,31026000,,1.710,0.160,1.870
INDONESIA,31028000,,1.350,0.140,1.490
INDONESIA,31029000,,1.440,0.170,1.610
INDONESIA,3105,,see below,see below,see below
INDONESIA,31051000,,0.690,0.140,0.830
INDONESIA,31052010,,0.870,0.160,1.040
INDONESIA,31052090,,0.600,0.130,0.720
INDONESIA,31053000,,0.480,0.100,0.580
INDONESIA,31054000,,0.310,0.080,0.390
INDONESIA,31055100,,1.200,0.200,1.400
INDONESIA,31055900,,0.560,0.150,0.710
INDONESIA,31059020,,1.160,0.120,1.280
INDONESIA,31059080,,0.600,0.090,0.680
INDONESIA,7601,(K),1.700,,1.700
INDONESIA,7603,(K),1.830,,1.830
INDONESIA,76041010,(K),2.060,,2.060
INDONESIA,76041090,(K),2.070,,2.070
INDONESIA,76042100,(K),2.070,,2.070
INDONESIA,76042910,(K),2.060,,2.060
INDONESIA,76042990,(K),2.070,,2.070
INDONESIA,7605,(K),2.060,,2.060
INDONESIA,7606,(K),2.510,,2.510
INDONESIA,7607,(K),2.510,,2.510
INDONESIA,7608,(K),2.070,,2.070
INDONESIA,76090000,(K),2.070,,2.070
INDONESIA,76101000,(K),2.070,,2.070
INDONESIA,761090,(K),2.070,,2.070
INDONESIA,76109010,(K),2.070,,2.070
INDONESIA,76109090,(K),2.070,,2.070
INDONESIA,76110000,(K),2.510,,2.510
INDONESIA,7612,(K),2.510,,2.510
INDONESIA,76130000,(K),2.510,,2.510
INDONESIA,7614,(K),2.060,,2.060
INDONESIA,76161000,(K),2.510,,2.510
INDONESIA,76169100,(K),2.510,,2.510
INDONESIA,76169910,(K),1.830,,1.830
INDONESIA,76169990,(K),2.510,,2.510
INDONESIA,28041000,,10.820,,10.820
INDONESIA,7201,,7.920,,7.920
INDONESIA,720211,,1.690,,1.690
INDONESIA,72026000,,6.150,,6.150
INDONESIA,7205,(C)/(F),7.900,,7.900
INDONESIA,7206,,see below,see below,see below
INDONESIA,72061000,(C),8.210,,8.210
INDONESIA,72069000,(C),8.210,,8.210
INDONESIA,7207,,see below,see below,see below
INDONESIA,72071111,(C),8.230,,8.230
INDONESIA,72071114,(C),8.230,,8.230
INDONESIA,72071116,(C),8.230,,8.230
INDONESIA,72071190,(C),8.210,,8.210
INDONESIA,72071210,(C),8.230,,8.230
INDONESIA,72071290,(C),8.210,,8.210
INDONESIA,72071912,(C),8.230,,8.230
INDONESIA,72071919,(C),8.210,,8.210
INDONESIA,72071980,(C),8.230,,8.230
INDONESIA,72072011,(C),8.230,,8.230
INDONESIA,72072015,(C),8.230,,8.230
INDONESIA,72072017,(C),8.230,,8.230
INDONESIA,72072019,(C),8.210,,8.210
INDONESIA,72072032,(C),8.230,,8.230
INDONESIA,72072039,(C),8.210,,8.210
INDONESIA,72072052,(C),8.230,,8.230
INDONESIA,72072059,(C),8.210,,8.210
INDONESIA,72072080,(C),8.230,,8.230
INDONESIA,7208,(C),8.230,,8.230
INDONESIA,7209,(C),8.250,,8.250
INDONESIA,7210,(C),8.250,,8.250
INDONESIA,7211,,see below,see below,see below
INDONESIA,72111300,(C),8.230,,8.230
INDONESIA,72111400,(C),8.230,,8.230
INDONESIA,72111900,(C),8.230,,8.230
INDONESIA,721123,(C),8.250,,8.250
INDONESIA,72112900,(C),8.250,,8.250
INDONESIA,721190,(C),8.250,,8.250
INDONESIA,7212,(C),8.250,,8.250
INDONESIA,7213,(C),8.230,,8.230
INDONESIA,7214,,see below,see below,see below
INDONESIA,72141000,(C),8.210,,8.210
INDONESIA,72142000,(C),8.230,,8.230
INDONESIA,72143000,(C),8.230,,8.230
INDONESIA,721491,(C),8.230,,8.230
INDONESIA,721499,(C),8.230,,8.230
INDONESIA,7215,(C),8.230,,8.230
INDONESIA,7216,(C),8.230,,8.230
INDONESIA,7217,,see below,see below,see below
INDONESIA,721710,(C),8.230,,8.230
INDONESIA,721720,(C),8.230,,8.230
INDONESIA,721730,(C),8.230,,8.230
INDONESIA,721790,(C),8.230,,8.230
INDONESIA,7218,,see below,see below,see below
INDONESIA,72181000,,8.630,,8.630
INDONESIA,721891,,8.670,,8.670
INDONESIA,72189911,,8.670,,8.670
INDONESIA,72189919,,8.630,,8.630
INDONESIA,72189920,,8.670,,8.670
INDONESIA,72189980,,8.630,,8.630
INDONESIA,7219,,see below,see below,see below
INDONESIA,72191100,,8.670,,8.670
INDONESIA,721912,,8.670,,8.670
INDONESIA,721913,,8.670,,8.670
INDONESIA,721914,,8.670,,8.670
INDONESIA,721921,,8.670,,8.670
INDONESIA,721922,,8.670,,8.670
INDONESIA,72192300,,8.670,,8.670
INDONESIA,72192400,,8.670,,8.670
INDONESIA,72193100,,8.690,,8.690
INDONESIA,721932,,8.690,,8.690
INDONESIA,721933,,8.690,,8.690
INDONESIA,721934,,8.690,,8.690
INDONESIA,721935,,8.690,,8.690
INDONESIA,721990,,8.690,,8.690
INDONESIA,7220,,see below,see below,see below
INDONESIA,72201100,,8.670,,8.670
INDONESIA,72201200,,8.670,,8.670
INDONESIA,722020,,8.690,,8.690
INDONESIA,722090,,8.690,,8.690
INDONESIA,7221,,8.690,,8.690
INDONESIA,7222,,see below,see below,see below
INDONESIA,722211,,8.690,,8.690
INDONESIA,722219,,8.690,,8.690
INDONESIA,722220,,8.690,,8.690
INDONESIA,722230,,8.630,,8.630
INDONESIA,722240,,8.690,,8.690
INDONESIA,7223,,see below,see below,see below
INDONESIA,722300,,8.690,,8.690
INDONESIA,7224,,see below,see below,see below
INDONESIA,722410,(F),9.960,,9.960
INDONESIA,72249002,(F),10.000,,10.000
INDONESIA,72249003,(F),10.000,,10.000
INDONESIA,72249005,(F),10.000,,10.000
INDONESIA,72249007,(F),10.000,,10.000
INDONESIA,72249014,(F),10.000,,10.000
INDONESIA,72249018,(F),9.960,,9.960
INDONESIA,72249031,(F),10.000,,10.000
INDONESIA,72249038,(F),10.000,,10.000
INDONESIA,72249090,(F),9.960,,9.960
INDONESIA,7225,,see below,see below,see below
INDONESIA,72251100,(C),13.240,,13.240
INDONESIA,72251910,(C),10.000,,10.000
INDONESIA,72251990,(C),10.020,,10.020
INDONESIA,722530,(F),10.000,,10.000
INDONESIA,722540,(F),10.000,,10.000
INDONESIA,722550,(F),10.020,,10.020
INDONESIA,72259100,(F),10.020,,10.020
INDONESIA,72259200,(F),10.020,,10.020
INDONESIA,72259900,(F),10.020,,10.020
INDONESIA,7226,,see below,see below,see below
INDONESIA,72261100,(C),13.240,,13.240
INDONESIA,72261910,(C),10.000,,10.000
INDONESIA,72261980,(C),10.020,,10.020
INDONESIA,72262000,(F),10.000,,10.000
INDONESIA,722691,(F),10.000,,10.000
INDONESIA,72269200,(F),10.020,,10.020
INDONESIA,722699,(F),10.020,,10.020
INDONESIA,7227,(C)/(F),10.020,,10.020
INDONESIA,7228,,see below,see below,see below
INDONESIA,72281020,(F),10.020,,10.020
INDONESIA,72281050,(F),9.960,,9.960
INDONESIA,72281090,(F),10.020,,10.020
INDONESIA,722820,(F),10.020,,10.020
INDONESIA,722830,(C)/(F),10.020,,10.020
INDONESIA,722840,(F),9.960,,9.960
INDONESIA,722850,(C)/(F),10.020,,10.020
INDONESIA,722860,(F),10.020,,10.020
INDONESIA,722870,(F),10.020,,10.020
INDONESIA,72288000,(F),10.020,,10.020
INDONESIA,7229,(C)/(F),10.020,,10.020
INDONESIA,7301,(C),8.250,,8.250
INDONESIA,7302,(C),8.210,,8.210
INDONESIA,7303,,see below,see below,see below
INDONESIA,730300,,7.890,,7.890
INDONESIA,7304,,see below,see below,see below
INDONESIA,73041100,,8.630,,8.630
INDONESIA,730419,(C),8.210,,8.210
INDONESIA,73042200,,8.630,,8.630
INDONESIA,73042300,(C),8.210,,8.210
INDONESIA,73042400,,8.630,,8.630
INDONESIA,730429,(C),8.210,,8.210
INDONESIA,730431,(C),8.210,,8.210
INDONESIA,730439,(C),8.210,,8.210
INDONESIA,73044100,,8.630,,8.630
INDONESIA,730449,,8.630,,8.630
INDONESIA,730451,(F),7.860,,7.860
INDONESIA,730459,(C)/(F),7.860,,7.860
INDONESIA,73049000,(C),8.210,,8.210
INDONESIA,7305,(C),8.250,,8.250
INDONESIA,7306,,see below,see below,see below
INDONESIA,73061100,,8.690,,8.690
INDONESIA,73061900,(C),8.250,,8.250
INDONESIA,73062100,,8.690,,8.690
INDONESIA,73062900,(C),8.250,,8.250
INDONESIA,73063012,(C),8.250,,8.250
INDONESIA,73063018,(C),8.230,,8.230
INDONESIA,73063041,(C),8.250,,8.250
INDONESIA,73063049,(C),8.250,,8.250
INDONESIA,73063072,(C),8.250,,8.250
INDONESIA,73063077,(C),8.250,,8.250
INDONESIA,73063080,(C),8.250,,8.250
INDONESIA,73064020,,8.690,,8.690
INDONESIA,73064080,,8.670,,8.670
INDONESIA,73065021,(F),7.960,,7.960
INDONESIA,73065029,(F),7.940,,7.940
INDONESIA,73065080,(F),7.960,,7.960
INDONESIA,73066110,,8.690,,8.690
INDONESIA,73066192,(C),8.250,,8.250
INDONESIA,73066199,(C),8.250,,8.250
INDONESIA,73066910,,8.690,,8.690
INDONESIA,73066990,(C),8.250,,8.250
INDONESIA,73069000,(C),8.250,,8.250
INDONESIA,7307,,see below,see below,see below
INDONESIA,730711,,7.890,,7.890
INDONESIA,73071910,,7.890,,7.890
INDONESIA,73071990,(C),8.210,,8.210
INDONESIA,73072100,,7.940,,7.940
INDONESIA,730722,,7.940,,7.940
INDONESIA,730723,,7.940,,7.940
INDONESIA,730729,,7.940,,7.940
INDONESIA,73079100,(C),8.210,,8.210
INDONESIA,730792,(C),8.210,,8.210
INDONESIA,730793,(C),8.210,,8.210
INDONESIA,730799,(C),8.210,,8.210
INDONESIA,7308,(C),8.250,,8.250
INDONESIA,7309,(C),10.010,,10.010
INDONESIA,7310,(C),8.250,,8.250
INDONESIA,7311,,see below,see below,see below
INDONESIA,731100,(C),9.980,,9.980
INDONESIA,7318,,see below,see below,see below
INDONESIA,73181100,(C),8.230,,8.230
INDONESIA,73181210,,8.650,,8.650
INDONESIA,73181290,(C),8.230,,8.230
INDONESIA,73181300,(C),8.230,,8.230
INDONESIA,73181410,,8.650,,8.650
INDONESIA,73181491,(C),8.230,,8.230
INDONESIA,73181499,(C),8.230,,8.230
INDONESIA,731815,(C),8.230,,8.230
INDONESIA,731816,(C),8.540,,8.540
INDONESIA,73181900,(C),8.230,,8.230
INDONESIA,73182100,(C),8.230,,8.230
INDONESIA,73182200,(C),8.540,,8.540
INDONESIA,73182300,(C),8.230,,8.230
INDONESIA,73182400,(C),8.230,,8.230
INDONESIA,73182900,(C),8.230,,8.230
INDONESIA,7326,,see below,see below,see below
INDONESIA,73261100,(C),8.210,,8.210
INDONESIA,732619,(C),8.210,,8.210
INDONESIA,73262000,(C),8.230,,8.230
INDONESIA,73269030,(C),8.230,,8.230
INDONESIA,73269040,(C),8.230,,8.230
INDONESIA,73269050,(C),8.230,,8.230
INDONESIA,73269060,(C),8.230,,8.230
INDONESIA,73269092,(C),8.210,,8.210
INDONESIA,73269094,(C),8.210,,8.210
INDONESIA,73269096,(C),8.210,,8.210
INDONESIA,73269098,(C),8.250,,8.250
"IRAN, ISLAMIC REPUBLIC OF",2523100010,(B),1.320,0.050,1.380
"IRAN, ISLAMIC REPUBLIC OF",25232100,,1.320,0.140,1.460
"IRAN, ISLAMIC REPUBLIC OF",2523900010,(B),1.350,0.180,1.530
"IRAN, ISLAMIC REPUBLIC OF",28080000,,2.450,0.040,2.490
"IRAN, ISLAMIC REPUBLIC OF",28141000,,1.960,0.120,2.080
"IRAN, ISLAMIC REPUBLIC OF",28142000,,0.590,0.040,0.620
"IRAN, ISLAMIC REPUBLIC OF",28342100,,1.980,0.060,2.040
"IRAN, ISLAMIC REPUBLIC OF",3102,,see below,see below,see below
"IRAN, ISLAMIC REPUBLIC OF",31021012,,0.450,0.030,0.480
"IRAN, ISLAMIC REPUBLIC OF",31021015,,0.740,0.030,0.780
"IRAN, ISLAMIC REPUBLIC OF",31021019,,1.350,0.100,1.450
"IRAN, ISLAMIC REPUBLIC OF",31021090,,1.320,0.100,1.420
"IRAN, ISLAMIC REPUBLIC OF",31022100,,0.580,0.080,0.660
"IRAN, ISLAMIC REPUBLIC OF",31022900,,1.280,0.080,1.370
"IRAN, ISLAMIC REPUBLIC OF",31023010,,1.500,0.060,1.570
"IRAN, ISLAMIC REPUBLIC OF",31023090,,2.310,0.100,2.410
"IRAN, ISLAMIC REPUBLIC OF",31024010,,1.990,0.090,2.080
"IRAN, ISLAMIC REPUBLIC OF",31024090,,1.990,0.090,2.080
"IRAN, ISLAMIC REPUBLIC OF",31025000,,3.820,0.060,3.880
"IRAN, ISLAMIC REPUBLIC OF",31026000,,1.940,0.090,2.030
"IRAN, ISLAMIC REPUBLIC OF",31028000,,1.460,0.080,1.540
"IRAN, ISLAMIC REPUBLIC OF",31029000,,1.510,0.090,1.600
"IRAN, ISLAMIC REPUBLIC OF",3105,,see below,see below,see below
"IRAN, ISLAMIC REPUBLIC OF",31051000,,0.740,0.080,0.820
"IRAN, ISLAMIC REPUBLIC OF",31052010,,0.980,0.090,1.070
"IRAN, ISLAMIC REPUBLIC OF",31052090,,0.660,0.070,0.730
"IRAN, ISLAMIC REPUBLIC OF",31053000,,0.460,0.060,0.520
"IRAN, ISLAMIC REPUBLIC OF",31054000,,0.300,0.040,0.340
"IRAN, ISLAMIC REPUBLIC OF",31055100,,1.340,0.120,1.460
"IRAN, ISLAMIC REPUBLIC OF",31055900,,0.540,0.100,0.640
"IRAN, ISLAMIC REPUBLIC OF",31059020,,1.310,0.070,1.380
"IRAN, ISLAMIC REPUBLIC OF",31059080,,0.670,0.050,0.720
"IRAN, ISLAMIC REPUBLIC OF",7601,(K),1.700,,1.700
"IRAN, ISLAMIC REPUBLIC OF",7603,(K),1.810,,1.810
"IRAN, ISLAMIC REPUBLIC OF",76041010,(K),2.030,,2.030
"IRAN, ISLAMIC REPUBLIC OF",76041090,(K),2.050,,2.050
"IRAN, ISLAMIC REPUBLIC OF",76042100,(K),2.050,,2.050
"IRAN, ISLAMIC REPUBLIC OF",76042910,(K),2.030,,2.030
"IRAN, ISLAMIC REPUBLIC OF",76042990,(K),2.050,,2.050
"IRAN, ISLAMIC REPUBLIC OF",7605,(K),2.030,,2.030
"IRAN, ISLAMIC REPUBLIC OF",7606,(K),2.490,,2.490
"IRAN, ISLAMIC REPUBLIC OF",7607,(K),2.490,,2.490
"IRAN, ISLAMIC REPUBLIC OF",7608,(K),2.050,,2.050
"IRAN, ISLAMIC REPUBLIC OF",76090000,(K),2.050,,2.050
"IRAN, ISLAMIC REPUBLIC OF",76101000,(K),2.050,,2.050
"IRAN, ISLAMIC REPUBLIC OF",761090,(K),2.050,,2.050
"IRAN, ISLAMIC REPUBLIC OF",76109010,(K),2.050,,2.050
"IRAN, ISLAMIC REPUBLIC OF",76109090,(K),2.050,,2.050
"IRAN, ISLAMIC REPUBLIC OF",76110000,(K),2.490,,2.490
"IRAN, ISLAMIC REPUBLIC OF",7612,(K),2.490,,2.490
"IRAN, ISLAMIC REPUBLIC OF",76130000,(K),2.490,,2.490
"IRAN, ISLAMIC REPUBLIC OF",7614,(K),2.030,,2.030
"IRAN, ISLAMIC REPUBLIC OF",76161000,(K),2.490,,2.490
"IRAN, ISLAMIC REPUBLIC OF",76169100,(K),2.490,,2.490
"IRAN, ISLAMIC REPUBLIC OF",76169910,(K),1.810,,1.810
"IRAN, ISLAMIC REPUBLIC OF",76169990,(K),2.490,,2.490
"IRAN, ISLAMIC REPUBLIC OF",28041000,,14.030,,14.030
"IRAN, ISLAMIC REPUBLIC OF",7201,,1.860,,1.860
"IRAN, ISLAMIC REPUBLIC OF",720211,,1.690,,1.690
"IRAN, ISLAMIC REPUBLIC OF",720241,,2.350,,2.350
"IRAN, ISLAMIC REPUBLIC OF",7205,(C)/(F),1.870,,1.870
"IRAN, ISLAMIC REPUBLIC OF",7206,,see below,see below,see below
"IRAN, ISLAMIC REPUBLIC OF",72061000,(C),1.940,,1.940
"IRAN, ISLAMIC REPUBLIC OF",72069000,(C),1.940,,1.940
"IRAN, ISLAMIC REPUBLIC OF",7207,,see below,see below,see below
"IRAN, ISLAMIC REPUBLIC OF",72071111,(C),1.940,,1.940
"IRAN, ISLAMIC REPUBLIC OF",72071114,(C),1.940,,1.940
"IRAN, ISLAMIC REPUBLIC OF",72071116,(C),1.940,,1.940
"IRAN, ISLAMIC REPUBLIC OF",72071190,(C),1.940,,1.940
"IRAN, ISLAMIC REPUBLIC OF",72071210,(C),1.940,,1.940
"IRAN, ISLAMIC REPUBLIC OF",72071290,(C),1.940,,1.940
"IRAN, ISLAMIC REPUBLIC OF",72071912,(C),1.940,,1.940
"IRAN, ISLAMIC REPUBLIC OF",72071919,(C),1.940,,1.940
"IRAN, ISLAMIC REPUBLIC OF",72071980,(C),1.940,,1.940
"IRAN, ISLAMIC REPUBLIC OF",72072011,(C),1.940,,1.940
"IRAN, ISLAMIC REPUBLIC OF",72072015,(C),1.940,,1.940
"IRAN, ISLAMIC REPUBLIC OF",72072017,(C),1.940,,1.940
"IRAN, ISLAMIC REPUBLIC OF",72072019,(C),1.940,,1.940
"IRAN, ISLAMIC REPUBLIC OF",72072032,(C),1.940,,1.940
"IRAN, ISLAMIC REPUBLIC OF",72072039,(C),1.940,,1.940
"IRAN, ISLAMIC REPUBLIC OF",72072052,(C),1.940,,1.940
"IRAN, ISLAMIC REPUBLIC OF",72072059,(C),1.940,,1.940
"IRAN, ISLAMIC REPUBLIC OF",72072080,(C),1.940,,1.940
"IRAN, ISLAMIC REPUBLIC OF",7208,(C),1.940,,1.940
"IRAN, ISLAMIC REPUBLIC OF",7209,(C),1.940,,1.940
"IRAN, ISLAMIC REPUBLIC OF",7210,(C),1.940,,1.940
"IRAN, ISLAMIC REPUBLIC OF",7211,,see below,see below,see below
"IRAN, ISLAMIC REPUBLIC OF",72111300,(C),1.940,,1.940
"IRAN, ISLAMIC REPUBLIC OF",72111400,(C),1.940,,1.940
"IRAN, ISLAMIC REPUBLIC OF",72111900,(C),1.940,,1.940
"IRAN, ISLAMIC REPUBLIC OF",721123,(C),1.940,,1.940
"IRAN, ISLAMIC REPUBLIC OF",72112900,(C),1.940,,1.940
"IRAN, ISLAMIC REPUBLIC OF",721190,(C),1.940,,1.940
"IRAN, ISLAMIC REPUBLIC OF",7212,(C),1.940,,1.940
"IRAN, ISLAMIC REPUBLIC OF",7213,(C),1.940,,1.940
"IRAN, ISLAMIC REPUBLIC OF",7214,,see below,see below,see below
"IRAN, ISLAMIC REPUBLIC OF",72141000,(C),1.940,,1.940
"IRAN, ISLAMIC REPUBLIC OF",72142000,(C),1.940,,1.940
"IRAN, ISLAMIC REPUBLIC OF",72143000,(C),1.940,,1.940
"IRAN, ISLAMIC REPUBLIC OF",721491,(C),1.940,,1.940
"IRAN, ISLAMIC REPUBLIC OF",721499,(C),1.940,,1.940
"IRAN, ISLAMIC REPUBLIC OF",7215,(C),1.940,,1.940
"IRAN, ISLAMIC REPUBLIC OF",7216,(C),1.940,,1.940
"IRAN, ISLAMIC REPUBLIC OF",7217,,see below,see below,see below
"IRAN, ISLAMIC REPUBLIC OF",721710,(C),1.940,,1.940
"IRAN, ISLAMIC REPUBLIC OF",721720,(C),1.940,,1.940
"IRAN, ISLAMIC REPUBLIC OF",721730,(C),1.940,,1.940
"IRAN, ISLAMIC REPUBLIC OF",721790,(C),1.940,,1.940
"IRAN, ISLAMIC REPUBLIC OF",7218,,see below,see below,see below
"IRAN, ISLAMIC REPUBLIC OF",72181000,,3.200,,3.200
"IRAN, ISLAMIC REPUBLIC OF",721891,,3.200,,3.200
"IRAN, ISLAMIC REPUBLIC OF",72189911,,3.200,,3.200
"IRAN, ISLAMIC REPUBLIC OF",72189919,,3.200,,3.200
"IRAN, ISLAMIC REPUBLIC OF",72189920,,3.200,,3.200
"IRAN, ISLAMIC REPUBLIC OF",72189980,,3.200,,3.200
"IRAN, ISLAMIC REPUBLIC OF",7219,,see below,see below,see below
"IRAN, ISLAMIC REPUBLIC OF",72191100,,3.200,,3.200
"IRAN, ISLAMIC REPUBLIC OF",721912,,3.200,,3.200
"IRAN, ISLAMIC REPUBLIC OF",721913,,3.200,,3.200
"IRAN, ISLAMIC REPUBLIC OF",721914,,3.200,,3.200
"IRAN, ISLAMIC REPUBLIC OF",721921,,3.200,,3.200
"IRAN, ISLAMIC REPUBLIC OF",721922,,3.200,,3.200
"IRAN, ISLAMIC REPUBLIC OF",72192300,,3.200,,3.200
"IRAN, ISLAMIC REPUBLIC OF",72192400,,3.200,,3.200
"IRAN, ISLAMIC REPUBLIC OF",72193100,,3.200,,3.200
"IRAN, ISLAMIC REPUBLIC OF",721932,,3.200,,3.200
"IRAN, ISLAMIC REPUBLIC OF",721933,,3.200,,3.200
"IRAN, ISLAMIC REPUBLIC OF",721934,,3.200,,3.200
"IRAN, ISLAMIC REPUBLIC OF",721935,,3.200,,3.200
"IRAN, ISLAMIC REPUBLIC OF",721990,,3.200,,3.200
"IRAN, ISLAMIC REPUBLIC OF",7220,,see below,see below,see below
"IRAN, ISLAMIC REPUBLIC OF",72201100,,3.200,,3.200
"IRAN, ISLAMIC REPUBLIC OF",72201200,,3.200,,3.200
"IRAN, ISLAMIC REPUBLIC OF",722020,,3.200,,3.200
"IRAN, ISLAMIC REPUBLIC OF",722090,,3.200,,3.200
"IRAN, ISLAMIC REPUBLIC OF",7221,,3.200,,3.200
"IRAN, ISLAMIC REPUBLIC OF",7222,,see below,see below,see below
"IRAN, ISLAMIC REPUBLIC OF",722211,,3.200,,3.200
"IRAN, ISLAMIC REPUBLIC OF",722219,,3.200,,3.200
"IRAN, ISLAMIC REPUBLIC OF",722220,,3.200,,3.200
"IRAN, ISLAMIC REPUBLIC OF",722230,,3.200,,3.200
"IRAN, ISLAMIC REPUBLIC OF",722240,,3.200,,3.200
"IRAN, ISLAMIC REPUBLIC OF",7223,,see below,see below,see below
"IRAN, ISLAMIC REPUBLIC OF",722300,,3.200,,3.200
"IRAN, ISLAMIC REPUBLIC OF",7224,,see below,see below,see below
"IRAN, ISLAMIC REPUBLIC OF",722410,(F),3.000,,3.000
"IRAN, ISLAMIC REPUBLIC OF",72249002,(F),3.000,,3.000
"IRAN, ISLAMIC REPUBLIC OF",72249003,(F),3.000,,3.000
"IRAN, ISLAMIC REPUBLIC OF",72249005,(F),3.000,,3.000
"IRAN, ISLAMIC REPUBLIC OF",72249007,(F),3.000,,3.000
"IRAN, ISLAMIC REPUBLIC OF",72249014,(F),3.000,,3.000
"IRAN, ISLAMIC REPUBLIC OF",72249018,(F),3.000,,3.000
"IRAN, ISLAMIC REPUBLIC OF",72249031,(F),3.000,,3.000
"IRAN, ISLAMIC REPUBLIC OF",72249038,(F),3.000,,3.000
"IRAN, ISLAMIC REPUBLIC OF",72249090,(F),3.000,,3.000
"IRAN, ISLAMIC REPUBLIC OF",7225,,see below,see below,see below
"IRAN, ISLAMIC REPUBLIC OF",72251100,(C),3.980,,3.980
"IRAN, ISLAMIC REPUBLIC OF",72251910,(C),3.000,,3.000
"IRAN, ISLAMIC REPUBLIC OF",72251990,(C),3.000,,3.000
"IRAN, ISLAMIC REPUBLIC OF",722530,(F),3.000,,3.000
"IRAN, ISLAMIC REPUBLIC OF",722540,(F),3.000,,3.000
"IRAN, ISLAMIC REPUBLIC OF",722550,(F),3.000,,3.000
"IRAN, ISLAMIC REPUBLIC OF",72259100,(F),3.000,,3.000
"IRAN, ISLAMIC REPUBLIC OF",72259200,(F),3.000,,3.000
"IRAN, ISLAMIC REPUBLIC OF",72259900,(F),3.000,,3.000
"IRAN, ISLAMIC REPUBLIC OF",7226,,see below,see below,see below
"IRAN, ISLAMIC REPUBLIC OF",72261100,(C),3.980,,3.980
"IRAN, ISLAMIC REPUBLIC OF",72261910,(C),3.000,,3.000
"IRAN, ISLAMIC REPUBLIC OF",72261980,(C),3.000,,3.000
"IRAN, ISLAMIC REPUBLIC OF",72262000,(F),3.000,,3.000
"IRAN, ISLAMIC REPUBLIC OF",722691,(F),3.000,,3.000
"IRAN, ISLAMIC REPUBLIC OF",72269200,(F),3.000,,3.000
"IRAN, ISLAMIC REPUBLIC OF",722699,(F),3.000,,3.000
"IRAN, ISLAMIC REPUBLIC OF",7227,(C)/(F),3.000,,3.000
"IRAN, ISLAMIC REPUBLIC OF",7228,,see below,see below,see below
"IRAN, ISLAMIC REPUBLIC OF",72281020,(F),3.000,,3.000
"IRAN, ISLAMIC REPUBLIC OF",72281050,(F),3.000,,3.000
"IRAN, ISLAMIC REPUBLIC OF",72281090,(F),3.000,,3.000
"IRAN, ISLAMIC REPUBLIC OF",722820,(F),3.000,,3.000
"IRAN, ISLAMIC REPUBLIC OF",722830,(C)/(F),3.000,,3.000
"IRAN, ISLAMIC REPUBLIC OF",722840,(F),3.000,,3.000
"IRAN, ISLAMIC REPUBLIC OF",722850,(C)/(F),3.000,,3.000
"IRAN, ISLAMIC REPUBLIC OF",722860,(F),3.000,,3.000
"IRAN, ISLAMIC REPUBLIC OF",722870,(F),3.000,,3.000
"IRAN, ISLAMIC REPUBLIC OF",72288000,(F),3.000,,3.000
"IRAN, ISLAMIC REPUBLIC OF",7229,(C)/(F),3.000,,3.000
"IRAN, ISLAMIC REPUBLIC OF",7301,(C),1.940,,1.940
"IRAN, ISLAMIC REPUBLIC OF",7302,(C),2.790,,2.790
"IRAN, ISLAMIC REPUBLIC OF",7303,,see below,see below,see below
"IRAN, ISLAMIC REPUBLIC OF",730300,,1.860,,1.860
"IRAN, ISLAMIC REPUBLIC OF",7304,,see below,see below,see below
"IRAN, ISLAMIC REPUBLIC OF",73041100,,3.200,,3.200
"IRAN, ISLAMIC REPUBLIC OF",730419,(C),1.940,,1.940
"IRAN, ISLAMIC REPUBLIC OF",73042200,,3.200,,3.200
"IRAN, ISLAMIC REPUBLIC OF",73042300,(C),1.940,,1.940
"IRAN, ISLAMIC REPUBLIC OF",73042400,,3.200,,3.200
"IRAN, ISLAMIC REPUBLIC OF",730429,(C),1.940,,1.940
"IRAN, ISLAMIC REPUBLIC OF",730431,(C),1.940,,1.940
"IRAN, ISLAMIC REPUBLIC OF",730439,(C),1.940,,1.940
"IRAN, ISLAMIC REPUBLIC OF",73044100,,3.200,,3.200
"IRAN, ISLAMIC REPUBLIC OF",730449,,3.200,,3.200
"IRAN, ISLAMIC REPUBLIC OF",730451,(F),1.900,,1.900
"IRAN, ISLAMIC REPUBLIC OF",730459,(C)/(F),1.900,,1.900
"IRAN, ISLAMIC REPUBLIC OF",73049000,(C),1.940,,1.940
"IRAN, ISLAMIC REPUBLIC OF",7305,(C),1.940,,1.940
"IRAN, ISLAMIC REPUBLIC OF",7306,,see below,see below,see below
"IRAN, ISLAMIC REPUBLIC OF",73061100,,3.200,,3.200
"IRAN, ISLAMIC REPUBLIC OF",73061900,(C),1.940,,1.940
"IRAN, ISLAMIC REPUBLIC OF",73062100,,3.200,,3.200
"IRAN, ISLAMIC REPUBLIC OF",73062900,(C),1.940,,1.940
"IRAN, ISLAMIC REPUBLIC OF",73063012,(C),1.940,,1.940
"IRAN, ISLAMIC REPUBLIC OF",73063018,(C),1.940,,1.940
"IRAN, ISLAMIC REPUBLIC OF",73063041,(C),1.940,,1.940
"IRAN, ISLAMIC REPUBLIC OF",73063049,(C),1.940,,1.940
"IRAN, ISLAMIC REPUBLIC OF",73063072,(C),1.940,,1.940
"IRAN, ISLAMIC REPUBLIC OF",73063077,(C),1.940,,1.940
"IRAN, ISLAMIC REPUBLIC OF",73063080,(C),1.940,,1.940
"IRAN, ISLAMIC REPUBLIC OF",73064020,,3.200,,3.200
"IRAN, ISLAMIC REPUBLIC OF",73064080,,3.200,,3.200
"IRAN, ISLAMIC REPUBLIC OF",73065021,(F),1.940,,1.940
"IRAN, ISLAMIC REPUBLIC OF",73065029,(F),1.940,,1.940
"IRAN, ISLAMIC REPUBLIC OF",73065080,(F),1.940,,1.940
"IRAN, ISLAMIC REPUBLIC OF",73066110,,3.200,,3.200
"IRAN, ISLAMIC REPUBLIC OF",73066192,(C),1.940,,1.940
"IRAN, ISLAMIC REPUBLIC OF",73066199,(C),1.940,,1.940
"IRAN, ISLAMIC REPUBLIC OF",73066910,,3.200,,3.200
"IRAN, ISLAMIC REPUBLIC OF",73066990,(C),1.940,,1.940
"IRAN, ISLAMIC REPUBLIC OF",73069000,(C),1.940,,1.940
"IRAN, ISLAMIC REPUBLIC OF",7307,,see below,see below,see below
"IRAN, ISLAMIC REPUBLIC OF",730711,,1.860,,1.860
"IRAN, ISLAMIC REPUBLIC OF",73071910,,1.860,,1.860
"IRAN, ISLAMIC REPUBLIC OF",73071990,(C),1.940,,1.940
"IRAN, ISLAMIC REPUBLIC OF",73072100,,1.950,,1.950
"IRAN, ISLAMIC REPUBLIC OF",730722,,1.950,,1.950
"IRAN, ISLAMIC REPUBLIC OF",730723,,1.950,,1.950
"IRAN, ISLAMIC REPUBLIC OF",730729,,1.950,,1.950
"IRAN, ISLAMIC REPUBLIC OF",73079100,(C),1.940,,1.940
"IRAN, ISLAMIC REPUBLIC OF",730792,(C),1.940,,1.940
"IRAN, ISLAMIC REPUBLIC OF",730793,(C),1.940,,1.940
"IRAN, ISLAMIC REPUBLIC OF",730799,(C),1.940,,1.940
"IRAN, ISLAMIC REPUBLIC OF",7308,(C),2.550,,2.550
"IRAN, ISLAMIC REPUBLIC OF",7309,(C),2.550,,2.550
"IRAN, ISLAMIC REPUBLIC OF",7310,(C),1.940,,1.940
"IRAN, ISLAMIC REPUBLIC OF",7311,,see below,see below,see below
"IRAN, ISLAMIC REPUBLIC OF",731100,(C),2.380,,2.380
"IRAN, ISLAMIC REPUBLIC OF",7318,,see below,see below,see below
"IRAN, ISLAMIC REPUBLIC OF",73181100,(C),1.940,,1.940
"IRAN, ISLAMIC REPUBLIC OF",73181210,,3.200,,3.200
"IRAN, ISLAMIC REPUBLIC OF",73181290,(C),1.940,,1.940
"IRAN, ISLAMIC REPUBLIC OF",73181300,(C),1.940,,1.940
"IRAN, ISLAMIC REPUBLIC OF",73181410,,3.200,,3.200
"IRAN, ISLAMIC REPUBLIC OF",73181491,(C),1.940,,1.940
"IRAN, ISLAMIC REPUBLIC OF",73181499,(C),1.940,,1.940
"IRAN, ISLAMIC REPUBLIC OF",731815,(C),2.110,,2.110
"IRAN, ISLAMIC REPUBLIC OF",731816,(C),2.030,,2.030
"IRAN, ISLAMIC REPUBLIC OF",73181900,(C),1.940,,1.940
"IRAN, ISLAMIC REPUBLIC OF",73182100,(C),1.940,,1.940
"IRAN, ISLAMIC REPUBLIC OF",73182200,(C),2.040,,2.040
"IRAN, ISLAMIC REPUBLIC OF",73182300,(C),2.000,,2.000
"IRAN, ISLAMIC REPUBLIC OF",73182400,(C),1.940,,1.940
"IRAN, ISLAMIC REPUBLIC OF",73182900,(C),1.940,,1.940
"IRAN, ISLAMIC REPUBLIC OF",7326,,see below,see below,see below
"IRAN, ISLAMIC REPUBLIC OF",73261100,(C),1.940,,1.940
"IRAN, ISLAMIC REPUBLIC OF",732619,(C),1.940,,1.940
"IRAN, ISLAMIC REPUBLIC OF",73262000,(C),1.940,,1.940
"IRAN, ISLAMIC REPUBLIC OF",73269030,(C),1.940,,1.940
"IRAN, ISLAMIC REPUBLIC OF",73269040,(C),1.940,,1.940
"IRAN, ISLAMIC REPUBLIC OF",73269050,(C),1.940,,1.940
"IRAN, ISLAMIC REPUBLIC OF",73269060,(C),1.940,,1.940
"IRAN, ISLAMIC REPUBLIC OF",73269092,(C),1.940,,1.940
"IRAN, ISLAMIC REPUBLIC OF",73269094,(C),1.940,,1.940
"IRAN, ISLAMIC REPUBLIC OF",73269096,(C),1.940,,1.940
"IRAN, ISLAMIC REPUBLIC OF",73269098,(C),1.940,,1.940
IRAQ,2523100090,(A),1.280,0.050,1.330
IRAQ,25232900,,1.260,0.090,1.350
IRAQ,2523900090,(A),1.190,0.090,1.290
IRAQ,28080000,,2.460,0.050,2.520
IRAQ,28141000,,1.960,0.160,2.120
IRAQ,28142000,,0.590,0.050,0.640
IRAQ,28342100,,1.990,0.080,2.070
IRAQ,3102,,see below,see below,see below
IRAQ,31021012,,0.450,0.040,0.490
IRAQ,31021015,,0.740,0.040,0.780
IRAQ,31021019,,1.340,0.130,1.470
IRAQ,31021090,,1.320,0.120,1.440
IRAQ,31022100,,0.580,0.100,0.680
IRAQ,31022900,,1.280,0.110,1.390
IRAQ,31023010,,1.510,0.080,1.590
IRAQ,31023090,,2.330,0.130,2.450
IRAQ,31024010,,2.000,0.120,2.110
IRAQ,31024090,,2.000,0.120,2.110
IRAQ,31025000,,3.850,0.080,3.930
IRAQ,31026000,,1.950,0.110,2.060
IRAQ,31028000,,1.460,0.100,1.560
IRAQ,31029000,,1.510,0.120,1.620
IRAQ,3105,,see below,see below,see below
IRAQ,31051000,,0.740,0.100,0.840
IRAQ,31052010,,0.980,0.120,1.100
IRAQ,31052090,,0.660,0.090,0.760
IRAQ,31053000,,0.460,0.070,0.540
IRAQ,31054000,,0.300,0.060,0.350
IRAQ,31055100,,1.350,0.150,1.500
IRAQ,31055900,,0.540,0.120,0.660
IRAQ,31059020,,1.310,0.090,1.400
IRAQ,31059080,,0.670,0.060,0.740
IRAQ,28041000,,10.820,,10.820
ISRAEL,2523100090,(A),1.280,0.030,1.310
ISRAEL,25232900,,1.260,0.060,1.320
ISRAEL,2523900090,(A),1.200,0.070,1.260
ISRAEL,28080000,,2.530,0.030,2.560
ISRAEL,28142000,,0.610,0.030,0.640
ISRAEL,28342100,,2.040,0.050,2.080
ISRAEL,3102,,see below,see below,see below
ISRAEL,31021012,,0.430,0.030,0.450
ISRAEL,31021015,,0.710,0.030,0.730
ISRAEL,31021019,,1.280,0.080,1.360
ISRAEL,31021090,,1.250,0.080,1.330
ISRAEL,31022100,,0.580,0.060,0.640
ISRAEL,31022900,,1.300,0.070,1.370
ISRAEL,31023010,,1.540,0.050,1.590
ISRAEL,31023090,,2.370,0.080,2.440
ISRAEL,31024010,,2.010,0.070,2.080
ISRAEL,31024090,,2.010,0.070,2.080
ISRAEL,31025000,,3.940,0.050,3.990
ISRAEL,31026000,,1.980,0.070,2.050
ISRAEL,31028000,,1.470,0.060,1.530
ISRAEL,31029000,,1.480,0.070,1.560
ISRAEL,3105,,see below,see below,see below
ISRAEL,31051000,,0.750,0.060,0.810
ISRAEL,31052010,,0.980,0.070,1.060
ISRAEL,31052090,,0.660,0.060,0.720
ISRAEL,31053000,,0.480,0.040,0.520
ISRAEL,31054000,,0.300,0.040,0.340
ISRAEL,31055100,,1.350,0.090,1.440
ISRAEL,31055900,,0.540,0.080,0.620
ISRAEL,31059020,,1.340,0.060,1.390
ISRAEL,31059080,,0.680,0.040,0.720
ISRAEL,7601,(L),0.360,,0.360
ISRAEL,7603,(L),0.620,,0.620
ISRAEL,76041010,(L),0.840,,0.840
ISRAEL,76041090,(L),0.860,,0.860
ISRAEL,76042100,(L),0.860,,0.860
ISRAEL,76042910,(L),0.840,,0.840
ISRAEL,76042990,(L),0.860,,0.860
ISRAEL,7605,(L),0.840,,0.840
ISRAEL,7606,(L),1.300,,1.300
ISRAEL,7607,(L),1.300,,1.300
ISRAEL,7608,(L),0.860,,0.860
ISRAEL,76090000,(L),0.860,,0.860
ISRAEL,76101000,(L),0.860,,0.860
ISRAEL,761090,(L),0.860,,0.860
ISRAEL,76109010,(L),0.860,,0.860
ISRAEL,76109090,(L),0.860,,0.860
ISRAEL,76110000,(L),1.300,,1.300
ISRAEL,7612,(L),1.300,,1.300
ISRAEL,76130000,(L),1.300,,1.300
ISRAEL,7614,(L),0.840,,0.840
ISRAEL,76161000,(L),1.300,,1.300
ISRAEL,76169100,(L),1.300,,1.300
ISRAEL,76169910,(L),0.620,,0.620
ISRAEL,76169990,(L),1.300,,1.300
ISRAEL,28041000,,10.820,,10.820
ISRAEL,720211,,1.690,,1.690
ISRAEL,720241,,2.350,,2.350
ISRAEL,72026000,,3.480,,3.480
IVORY COAST,25232900,,1.130,0.050,1.180
IVORY COAST,28080000,,1.760,0.050,1.800
IVORY COAST,28142000,,0.670,0.040,0.710
IVORY COAST,28342100,,1.580,0.060,1.640
IVORY COAST,3102,,see below,see below,see below
IVORY COAST,31021012,,0.500,0.030,0.540
IVORY COAST,31021015,,0.830,0.030,0.860
IVORY COAST,31021019,,1.510,0.100,1.610
IVORY COAST,31021090,,1.480,0.100,1.580
IVORY COAST,31022100,,0.650,0.070,0.720
IVORY COAST,31022900,,1.140,0.080,1.210
IVORY COAST,31023010,,1.200,0.060,1.260
IVORY COAST,31023090,,1.850,0.090,1.940
IVORY COAST,31024010,,1.600,0.080,1.680
IVORY COAST,31024090,,1.600,0.080,1.680
IVORY COAST,31025000,,2.740,0.070,2.810
IVORY COAST,31026000,,1.550,0.080,1.630
IVORY COAST,31028000,,1.300,0.080,1.380
IVORY COAST,31029000,,1.440,0.090,1.540
IVORY COAST,3105,,see below,see below,see below
IVORY COAST,31051000,,0.680,0.070,0.750
IVORY COAST,31052010,,0.810,0.080,0.890
IVORY COAST,31052090,,0.550,0.060,0.610
IVORY COAST,31053000,,0.520,0.050,0.580
IVORY COAST,31054000,,0.330,0.040,0.370
IVORY COAST,31055100,,1.100,0.100,1.200
IVORY COAST,31055900,,0.600,0.090,0.700
IVORY COAST,31059020,,1.060,0.060,1.130
IVORY COAST,31059080,,0.550,0.040,0.590
IVORY COAST,28041000,,10.820,,10.820
JAMAICA,2523100090,(A),1.090,0.050,1.130
JAMAICA,25232900,,1.090,0.080,1.170
JAMAICA,2523900090,(A),1.030,0.090,1.120
JAMAICA,28041000,,10.820,,10.820
JAPAN,2523100090,(A),0.820,0.030,0.850
JAPAN,25232900,,0.830,0.060,0.890
JAPAN,25233000,,1.800,0.150,1.940
JAPAN,2523900090,(A),0.790,0.060,0.850
JAPAN,28080000,,2.130,0.060,2.190
JAPAN,28141000,,2.050,0.140,2.190
JAPAN,28142000,,0.620,0.040,0.660
JAPAN,28342100,,1.790,0.080,1.870
JAPAN,3102,,see below,see below,see below
JAPAN,31021012,,0.470,0.040,0.500
JAPAN,31021015,,0.770,0.040,0.810
JAPAN,31021019,,1.410,0.110,1.520
JAPAN,31021090,,1.380,0.110,1.480
JAPAN,31022100,,0.610,0.080,0.690
JAPAN,31022900,,1.210,0.090,1.300
JAPAN,31023010,,1.360,0.080,1.440
JAPAN,31023090,,2.100,0.120,2.210
JAPAN,31024010,,1.810,0.110,1.910
JAPAN,31024090,,1.810,0.110,1.910
JAPAN,31025000,,3.330,0.090,3.420
JAPAN,31026000,,1.760,0.100,1.860
JAPAN,31028000,,1.380,0.090,1.470
JAPAN,31029000,,1.470,0.100,1.570
JAPAN,3105,,see below,see below,see below
JAPAN,31051000,,0.710,0.080,0.790
JAPAN,31052010,,0.900,0.100,1.000
JAPAN,31052090,,0.610,0.080,0.690
JAPAN,31053000,,0.480,0.060,0.540
JAPAN,31054000,,0.310,0.050,0.360
JAPAN,31055100,,1.230,0.120,1.350
JAPAN,31055900,,0.560,0.100,0.660
JAPAN,31059020,,1.190,0.080,1.270
JAPAN,31059080,,0.610,0.050,0.670
JAPAN,7601,(L),0.360,,0.360
JAPAN,7603,(L),1.050,,1.050
JAPAN,76041010,(L),1.280,,1.280
JAPAN,76041090,(L),1.290,,1.290
JAPAN,76042100,(L),1.290,,1.290
JAPAN,76042910,(L),1.280,,1.280
JAPAN,76042990,(L),1.290,,1.290
JAPAN,7605,(L),1.280,,1.280
JAPAN,7606,(L),1.730,,1.730
JAPAN,7607,(L),1.730,,1.730
JAPAN,7608,(L),1.290,,1.290
JAPAN,76090000,(L),1.290,,1.290
JAPAN,76101000,(L),1.290,,1.290
JAPAN,761090,(L),1.290,,1.290
JAPAN,76109010,(L),1.290,,1.290
JAPAN,76109090,(L),1.290,,1.290
JAPAN,76110000,(L),1.730,,1.730
JAPAN,7612,(L),1.730,,1.730
JAPAN,76130000,(L),1.730,,1.730
JAPAN,7614,(L),1.280,,1.280
JAPAN,76161000,(L),1.730,,1.730
JAPAN,76169100,(L),1.730,,1.730
JAPAN,76169910,(L),1.050,,1.050
JAPAN,76169990,(L),1.730,,1.730
JAPAN,28041000,,14.030,,14.030
JAPAN,26011200,,0.160,0.040,0.200
JAPAN,7201,,1.960,,1.960
JAPAN,720211,,1.690,,1.690
JAPAN,720219,,5.590,,5.590
JAPAN,720241,,2.350,,2.350
JAPAN,72026000,,3.480,,3.480
JAPAN,7205,(C)/(F),1.990,,1.990
JAPAN,7206,,see below,see below,see below
JAPAN,72061000,(C),2.070,,2.070
JAPAN,72069000,(C),2.070,,2.070
JAPAN,7207,,see below,see below,see below
JAPAN,72071111,(C),2.100,,2.100
JAPAN,72071114,(C),2.100,,2.100
JAPAN,72071116,(C),2.100,,2.100
JAPAN,72071190,(C),2.310,,2.310
JAPAN,72071210,(C),2.100,,2.100
JAPAN,72071290,(C),2.310,,2.310
JAPAN,72071912,(C),2.100,,2.100
JAPAN,72071919,(C),2.310,,2.310
JAPAN,72071980,(C),2.100,,2.100
JAPAN,72072011,(C),2.100,,2.100
JAPAN,72072015,(C),2.100,,2.100
JAPAN,72072017,(C),2.100,,2.100
JAPAN,72072019,(C),2.310,,2.310
JAPAN,72072032,(C),2.100,,2.100
JAPAN,72072039,(C),2.310,,2.310
JAPAN,72072052,(C),2.100,,2.100
JAPAN,72072059,(C),2.310,,2.310
JAPAN,72072080,(C),2.100,,2.100
JAPAN,7208,(C),2.100,,2.100
JAPAN,7209,(C),2.143,,2.143
JAPAN,7210,(C),2.130,,2.130
JAPAN,7211,,see below,see below,see below
JAPAN,72111300,(C),2.100,,2.100
JAPAN,72111400,(C),2.100,,2.100
JAPAN,72111900,(C),2.100,,2.100
JAPAN,721123,(C),2.130,,2.130
JAPAN,72112900,(C),2.130,,2.130
JAPAN,721190,(C),2.130,,2.130
JAPAN,7212,(C),2.130,,2.130
JAPAN,7213,(C),2.100,,2.100
JAPAN,7214,,see below,see below,see below
JAPAN,72141000,(C),2.310,,2.310
JAPAN,72142000,(C),2.100,,2.100
JAPAN,72143000,(C),2.100,,2.100
JAPAN,721491,(C),2.100,,2.100
JAPAN,721499,(C),2.100,,2.100
JAPAN,7215,(C),2.100,,2.100
JAPAN,7216,(C),2.100,,2.100
JAPAN,7217,,see below,see below,see below
JAPAN,721710,(C),2.100,,2.100
JAPAN,721720,(C),2.100,,2.100
JAPAN,721730,(C),2.100,,2.100
JAPAN,721790,(C),2.100,,2.100
JAPAN,7218,,see below,see below,see below
JAPAN,72181000,,3.520,,3.520
JAPAN,721891,,3.330,,3.330
JAPAN,72189911,,3.330,,3.330
JAPAN,72189919,,3.520,,3.520
JAPAN,72189920,,3.330,,3.330
JAPAN,72189980,,3.520,,3.520
JAPAN,7219,,see below,see below,see below
JAPAN,72191100,,3.330,,3.330
JAPAN,721912,,3.330,,3.330
JAPAN,721913,,3.330,,3.330
JAPAN,721914,,3.330,,3.330
JAPAN,721921,,3.330,,3.330
JAPAN,721922,,3.330,,3.330
JAPAN,72192300,,3.330,,3.330
JAPAN,72192400,,3.330,,3.330
JAPAN,72193100,,3.360,,3.360
JAPAN,721932,,3.360,,3.360
JAPAN,721933,,3.360,,3.360
JAPAN,721934,,3.360,,3.360
JAPAN,721935,,3.360,,3.360
JAPAN,721990,,3.360,,3.360
JAPAN,7220,,see below,see below,see below
JAPAN,72201100,,3.330,,3.330
JAPAN,72201200,,3.330,,3.330
JAPAN,722020,,3.360,,3.360
JAPAN,722090,,3.360,,3.360
JAPAN,7221,,3.360,,3.360
JAPAN,7222,,see below,see below,see below
JAPAN,722211,,3.360,,3.360
JAPAN,722219,,3.360,,3.360
JAPAN,722220,,3.360,,3.360
JAPAN,722230,,3.520,,3.520
JAPAN,722240,,3.360,,3.360
JAPAN,7223,,see below,see below,see below
JAPAN,722300,,3.370,,3.370
JAPAN,7224,,see below,see below,see below
JAPAN,722410,(F),3.690,,3.690
JAPAN,72249002,(F),3.500,,3.500
JAPAN,72249003,(F),3.500,,3.500
JAPAN,72249005,(F),3.500,,3.500
JAPAN,72249007,(F),3.500,,3.500
JAPAN,72249014,(F),3.500,,3.500
JAPAN,72249018,(F),3.690,,3.690
JAPAN,72249031,(F),3.500,,3.500
JAPAN,72249038,(F),3.500,,3.500
JAPAN,72249090,(F),3.690,,3.690
JAPAN,7225,,see below,see below,see below
JAPAN,72251100,(C),4.620,,4.620
JAPAN,72251910,(C),3.500,,3.500
JAPAN,72251990,(C),3.530,,3.530
JAPAN,722530,(F),3.500,,3.500
JAPAN,722540,(F),3.500,,3.500
JAPAN,722550,(F),3.530,,3.530
JAPAN,72259100,(F),3.530,,3.530
JAPAN,72259200,(F),3.530,,3.530
JAPAN,72259900,(F),3.530,,3.530
JAPAN,7226,,see below,see below,see below
JAPAN,72261100,(C),4.620,,4.620
JAPAN,72261910,(C),3.500,,3.500
JAPAN,72261980,(C),3.530,,3.530
JAPAN,72262000,(F),3.500,,3.500
JAPAN,722691,(F),3.500,,3.500
JAPAN,72269200,(F),3.530,,3.530
JAPAN,722699,(F),3.530,,3.530
JAPAN,7227,(C)/(F),3.530,,3.530
JAPAN,7228,,see below,see below,see below
JAPAN,72281020,(F),3.530,,3.530
JAPAN,72281050,(F),3.690,,3.690
JAPAN,72281090,(F),3.530,,3.530
JAPAN,722820,(F),3.530,,3.530
JAPAN,722830,(C)/(F),3.530,,3.530
JAPAN,722840,(F),3.690,,3.690
JAPAN,722850,(C)/(F),3.530,,3.530
JAPAN,722860,(F),3.530,,3.530
JAPAN,722870,(F),3.530,,3.530
JAPAN,72288000,(F),3.530,,3.530
JAPAN,7229,(C)/(F),3.530,,3.530
JAPAN,7301,(C),2.130,,2.130
JAPAN,7302,(C),2.950,,2.950
JAPAN,7303,,see below,see below,see below
JAPAN,730300,,2.150,,2.150
JAPAN,7304,,see below,see below,see below
JAPAN,73041100,,3.320,,3.320
JAPAN,730419,(C),2.110,,2.110
JAPAN,73042200,,3.320,,3.320
JAPAN,73042300,(C),2.110,,2.110
JAPAN,73042400,,3.320,,3.320
JAPAN,730429,(C),2.110,,2.110
JAPAN,730431,(C),2.110,,2.110
JAPAN,730439,(C),2.110,,2.110
JAPAN,73044100,,3.320,,3.320
JAPAN,730449,,3.320,,3.320
JAPAN,730451,(F),2.080,,2.080
JAPAN,730459,(C)/(F),2.080,,2.080
JAPAN,73049000,(C),2.110,,2.110
JAPAN,7305,(C),2.130,,2.130
JAPAN,7306,,see below,see below,see below
JAPAN,73061100,,3.360,,3.360
JAPAN,73061900,(C),2.130,,2.130
JAPAN,73062100,,3.360,,3.360
JAPAN,73062900,(C),2.130,,2.130
JAPAN,73063012,(C),2.130,,2.130
JAPAN,73063018,(C),2.100,,2.100
JAPAN,73063041,(C),2.130,,2.130
JAPAN,73063049,(C),2.130,,2.130
JAPAN,73063072,(C),2.130,,2.130
JAPAN,73063077,(C),2.130,,2.130
JAPAN,73063080,(C),2.130,,2.130
JAPAN,73064020,,3.360,,3.360
JAPAN,73064080,,3.330,,3.330
JAPAN,73065021,(F),2.140,,2.140
JAPAN,73065029,(F),2.110,,2.110
JAPAN,73065080,(F),2.140,,2.140
JAPAN,73066110,,3.360,,3.360
JAPAN,73066192,(C),2.130,,2.130
JAPAN,73066199,(C),2.130,,2.130
JAPAN,73066910,,3.360,,3.360
JAPAN,73066990,(C),2.130,,2.130
JAPAN,73069000,(C),2.130,,2.130
JAPAN,7307,,see below,see below,see below
JAPAN,730711,,2.220,,2.220
JAPAN,73071910,,2.220,,2.220
JAPAN,73071990,(C),2.310,,2.310
JAPAN,73072100,,2.860,,2.860
JAPAN,730722,,2.860,,2.860
JAPAN,730723,,2.860,,2.860
JAPAN,730729,,2.860,,2.860
JAPAN,73079100,(C),2.110,,2.110
JAPAN,730792,(C),2.110,,2.110
JAPAN,730793,(C),2.110,,2.110
JAPAN,730799,(C),2.110,,2.110
JAPAN,7308,(C),2.950,,2.950
JAPAN,7309,(C),3.160,,3.160
JAPAN,7310,(C),2.130,,2.130
JAPAN,7311,,see below,see below,see below
JAPAN,731100,(C),3.130,,3.130
JAPAN,7318,,see below,see below,see below
JAPAN,73181100,(C),2.100,,2.100
JAPAN,73181210,,3.300,,3.300
JAPAN,73181290,(C),2.100,,2.100
JAPAN,73181300,(C),2.100,,2.100
JAPAN,73181410,,3.300,,3.300
JAPAN,73181491,(C),2.100,,2.100
JAPAN,73181499,(C),2.100,,2.100
JAPAN,731815,(C),2.800,,2.800
JAPAN,731816,(C),3.060,,3.060
JAPAN,73181900,(C),2.100,,2.100
JAPAN,73182100,(C),2.100,,2.100
JAPAN,73182200,(C),2.280,,2.280
JAPAN,73182300,(C),2.220,,2.220
JAPAN,73182400,(C),2.100,,2.100
JAPAN,73182900,(C),2.100,,2.100
JAPAN,7326,,see below,see below,see below
JAPAN,73261100,(C),2.310,,2.310
JAPAN,732619,(C),2.310,,2.310
JAPAN,73262000,(C),2.100,,2.100
JAPAN,73269030,(C),2.100,,2.100
JAPAN,73269040,(C),2.100,,2.100
JAPAN,73269050,(C),2.100,,2.100
JAPAN,73269060,(C),2.100,,2.100
JAPAN,73269092,(C),2.310,,2.310
JAPAN,73269094,(C),2.310,,2.310
JAPAN,73269096,(C),2.310,,2.310
JAPAN,73269098,(C),2.130,,2.130
JORDAN,2523100010,(B),1.290,0.040,1.330
JORDAN,25232100,,1.270,0.140,1.410
JORDAN,28080000,,2.490,0.040,2.520
JORDAN,28142000,,0.610,0.030,0.650
JORDAN,28342100,,2.020,0.050,2.070
JORDAN,3102,,see below,see below,see below
JORDAN,31021012,,0.460,0.030,0.490
JORDAN,31021015,,0.760,0.030,0.780
JORDAN,31021019,,1.370,0.090,1.460
JORDAN,31021090,,1.340,0.080,1.430
JORDAN,31022100,,0.600,0.060,0.660
JORDAN,31022900,,1.310,0.070,1.380
JORDAN,31023010,,1.530,0.060,1.580
JORDAN,31023090,,2.350,0.080,2.440
JORDAN,31024010,,2.020,0.080,2.090
JORDAN,31024090,,2.020,0.080,2.090
JORDAN,31025000,,3.880,0.060,3.940
JORDAN,31026000,,1.970,0.070,2.050
JORDAN,31028000,,1.490,0.070,1.550
JORDAN,31029000,,1.530,0.080,1.610
JORDAN,3105,,see below,see below,see below
JORDAN,31051000,,0.760,0.070,0.820
JORDAN,31052010,,0.990,0.080,1.070
JORDAN,31052090,,0.670,0.060,0.730
JORDAN,31053000,,0.480,0.050,0.530
JORDAN,31054000,,0.310,0.040,0.340
JORDAN,31055100,,1.360,0.100,1.460
JORDAN,31055900,,0.550,0.090,0.640
JORDAN,31059020,,1.330,0.060,1.390
JORDAN,31059080,,0.680,0.040,0.720
JORDAN,7601,(L),0.360,,0.360
JORDAN,7603,(L),0.470,,0.470
JORDAN,76041010,(L),0.700,,0.700
JORDAN,76041090,(L),0.710,,0.710
JORDAN,76042100,(L),0.710,,0.710
JORDAN,76042910,(L),0.700,,0.700
JORDAN,76042990,(L),0.710,,0.710
JORDAN,7605,(L),0.700,,0.700
JORDAN,7606,(L),1.150,,1.150
JORDAN,7607,(L),1.150,,1.150
JORDAN,7608,(L),0.710,,0.710
JORDAN,76090000,(L),0.710,,0.710
JORDAN,76101000,(L),0.710,,0.710
JORDAN,761090,(L),0.710,,0.710
JORDAN,76109010,(L),0.710,,0.710
JORDAN,76109090,(L),0.710,,0.710
JORDAN,76110000,(L),1.150,,1.150
JORDAN,7612,(L),1.150,,1.150
JORDAN,76130000,(L),1.150,,1.150
JORDAN,7614,(L),0.700,,0.700
JORDAN,76161000,(L),1.150,,1.150
JORDAN,76169100,(L),1.150,,1.150
JORDAN,76169910,(L),0.470,,0.470
JORDAN,76169990,(L),1.150,,1.150
JORDAN,28041000,,14.030,,14.030
JORDAN,720211,,1.690,,1.690
JORDAN,720241,,2.350,,2.350
JORDAN,72026000,,3.480,,3.480
KAZAKHSTAN,2523100090,(A),1.350,0.040,1.390
KAZAKHSTAN,25232900,,1.350,0.070,1.420
KAZAKHSTAN,2523900090,(A),1.280,0.070,1.350
KAZAKHSTAN,28080000,,2.730,0.040,2.770
KAZAKHSTAN,28141000,,2.160,0.140,2.300
KAZAKHSTAN,28142000,,0.650,0.040,0.690
KAZAKHSTAN,28342100,,2.200,0.070,2.270
KAZAKHSTAN,3102,,see below,see below,see below
KAZAKHSTAN,31021012,,0.490,0.040,0.520
KAZAKHSTAN,31021015,,0.810,0.040,0.840
KAZAKHSTAN,31021019,,1.470,0.110,1.580
KAZAKHSTAN,31021090,,1.440,0.110,1.540
KAZAKHSTAN,31022100,,0.640,0.080,0.720
KAZAKHSTAN,31022900,,1.420,0.090,1.510
KAZAKHSTAN,31023010,,1.670,0.070,1.740
KAZAKHSTAN,31023090,,2.570,0.110,2.670
KAZAKHSTAN,31024010,,2.200,0.100,2.300
KAZAKHSTAN,31024090,,2.200,0.100,2.300
KAZAKHSTAN,31025000,,4.260,0.070,4.330
KAZAKHSTAN,31026000,,2.150,0.090,2.250
KAZAKHSTAN,31028000,,1.610,0.080,1.700
KAZAKHSTAN,31029000,,1.650,0.100,1.750
KAZAKHSTAN,3105,,see below,see below,see below
KAZAKHSTAN,31051000,,0.820,0.080,0.900
KAZAKHSTAN,31052010,,1.080,0.100,1.180
KAZAKHSTAN,31052090,,0.730,0.080,0.800
KAZAKHSTAN,31053000,,0.510,0.060,0.570
KAZAKHSTAN,31054000,,0.320,0.050,0.370
KAZAKHSTAN,31055100,,1.480,0.120,1.600
KAZAKHSTAN,31055900,,0.590,0.100,0.690
KAZAKHSTAN,31059020,,1.450,0.070,1.520
KAZAKHSTAN,31059080,,0.740,0.050,0.790
KAZAKHSTAN,7601,(K),1.870,,1.870
KAZAKHSTAN,7603,(K),1.990,,1.990
KAZAKHSTAN,76041010,(K),2.210,,2.210
KAZAKHSTAN,76041090,(K),2.230,,2.230
KAZAKHSTAN,76042100,(K),2.230,,2.230
KAZAKHSTAN,76042910,(K),2.210,,2.210
KAZAKHSTAN,76042990,(K),2.230,,2.230
KAZAKHSTAN,7605,(K),2.210,,2.210
KAZAKHSTAN,7606,(K),2.670,,2.670
KAZAKHSTAN,7607,(K),2.670,,2.670
KAZAKHSTAN,7608,(K),2.230,,2.230
KAZAKHSTAN,76090000,(K),2.230,,2.230
KAZAKHSTAN,76101000,(K),2.230,,2.230
KAZAKHSTAN,761090,(K),2.230,,2.230
KAZAKHSTAN,76109010,(K),2.230,,2.230
KAZAKHSTAN,76109090,(K),2.230,,2.230
KAZAKHSTAN,76110000,(K),2.670,,2.670
KAZAKHSTAN,7612,(K),2.670,,2.670
KAZAKHSTAN,76130000,(K),2.670,,2.670
KAZAKHSTAN,7614,(K),2.210,,2.210
KAZAKHSTAN,76161000,(K),2.670,,2.670
KAZAKHSTAN,76169100,(K),2.670,,2.670
KAZAKHSTAN,76169910,(K),1.990,,1.990
KAZAKHSTAN,76169990,(K),2.670,,2.670
KAZAKHSTAN,28041000,,10.820,,10.820
KAZAKHSTAN,26011200,,0.170,0.170,0.340
KAZAKHSTAN,7201,,4.960,,4.960
KAZAKHSTAN,720211,,1.690,,1.690
KAZAKHSTAN,720241,,2.350,,2.350
KAZAKHSTAN,720249,,2.870,,2.870
KAZAKHSTAN,72026000,,3.480,,3.480
KAZAKHSTAN,7205,(C)/(F),4.990,,4.990
KAZAKHSTAN,7206,,see below,see below,see below
KAZAKHSTAN,72061000,(C),5.180,,5.180
KAZAKHSTAN,72069000,(C),5.180,,5.180
KAZAKHSTAN,7207,,see below,see below,see below
KAZAKHSTAN,72071111,(C),5.180,,5.180
KAZAKHSTAN,72071114,(C),5.180,,5.180
KAZAKHSTAN,72071116,(C),5.180,,5.180
KAZAKHSTAN,72071190,(C),5.180,,5.180
KAZAKHSTAN,72071210,(C),5.180,,5.180
KAZAKHSTAN,72071290,(C),5.180,,5.180
KAZAKHSTAN,72071912,(C),5.180,,5.180
KAZAKHSTAN,72071919,(C),5.180,,5.180
KAZAKHSTAN,72071980,(C),5.180,,5.180
KAZAKHSTAN,72072011,(C),5.180,,5.180
KAZAKHSTAN,72072015,(C),5.180,,5.180
KAZAKHSTAN,72072017,(C),5.180,,5.180
KAZAKHSTAN,72072019,(C),5.180,,5.180
KAZAKHSTAN,72072032,(C),5.180,,5.180
KAZAKHSTAN,72072039,(C),5.180,,5.180
KAZAKHSTAN,72072052,(C),5.180,,5.180
KAZAKHSTAN,72072059,(C),5.180,,5.180
KAZAKHSTAN,72072080,(C),5.180,,5.180
KAZAKHSTAN,7208,(C),5.290,,5.290
KAZAKHSTAN,7209,(C),5.360,,5.360
KAZAKHSTAN,7210,(C),5.360,,5.360
KAZAKHSTAN,7211,,see below,see below,see below
KAZAKHSTAN,72111300,(C),5.290,,5.290
KAZAKHSTAN,72111400,(C),5.290,,5.290
KAZAKHSTAN,72111900,(C),5.290,,5.290
KAZAKHSTAN,721123,(C),5.360,,5.360
KAZAKHSTAN,72112900,(C),5.360,,5.360
KAZAKHSTAN,721190,(C),5.360,,5.360
KAZAKHSTAN,7212,(C),5.360,,5.360
KAZAKHSTAN,7213,(C),5.180,,5.180
KAZAKHSTAN,7214,,see below,see below,see below
KAZAKHSTAN,72141000,(C),5.180,,5.180
KAZAKHSTAN,72142000,(C),5.180,,5.180
KAZAKHSTAN,72143000,(C),5.180,,5.180
KAZAKHSTAN,721491,(C),5.180,,5.180
KAZAKHSTAN,721499,(C),5.180,,5.180
KAZAKHSTAN,7215,(C),5.180,,5.180
KAZAKHSTAN,7216,(C),5.180,,5.180
KAZAKHSTAN,7217,,see below,see below,see below
KAZAKHSTAN,721710,(C),5.180,,5.180
KAZAKHSTAN,721720,(C),5.180,,5.180
KAZAKHSTAN,721730,(C),5.180,,5.180
KAZAKHSTAN,721790,(C),5.180,,5.180
KAZAKHSTAN,7218,,see below,see below,see below
KAZAKHSTAN,72181000,,4.600,,4.600
KAZAKHSTAN,721891,,4.780,,4.780
KAZAKHSTAN,72189911,,4.780,,4.780
KAZAKHSTAN,72189919,,4.600,,4.600
KAZAKHSTAN,72189920,,4.780,,4.780
KAZAKHSTAN,72189980,,4.600,,4.600
KAZAKHSTAN,7219,,see below,see below,see below
KAZAKHSTAN,72191100,,4.780,,4.780
KAZAKHSTAN,721912,,4.780,,4.780
KAZAKHSTAN,721913,,4.780,,4.780
KAZAKHSTAN,721914,,4.780,,4.780
KAZAKHSTAN,721921,,4.780,,4.780
KAZAKHSTAN,721922,,4.780,,4.780
KAZAKHSTAN,72192300,,4.780,,4.780
KAZAKHSTAN,72192400,,4.780,,4.780
KAZAKHSTAN,72193100,,4.860,,4.860
KAZAKHSTAN,721932,,4.860,,4.860
KAZAKHSTAN,721933,,4.860,,4.860
KAZAKHSTAN,721934,,4.860,,4.860
KAZAKHSTAN,721935,,4.860,,4.860
KAZAKHSTAN,721990,,4.860,,4.860
KAZAKHSTAN,7220,,see below,see below,see below
KAZAKHSTAN,72201100,,4.780,,4.780
KAZAKHSTAN,72201200,,4.780,,4.780
KAZAKHSTAN,722020,,4.860,,4.860
KAZAKHSTAN,722090,,4.860,,4.860
KAZAKHSTAN,7221,,4.610,,4.610
KAZAKHSTAN,7222,,see below,see below,see below
KAZAKHSTAN,722211,,4.610,,4.610
KAZAKHSTAN,722219,,4.610,,4.610
KAZAKHSTAN,722220,,4.610,,4.610
KAZAKHSTAN,722230,,4.600,,4.600
KAZAKHSTAN,722240,,4.610,,4.610
KAZAKHSTAN,7223,,see below,see below,see below
KAZAKHSTAN,722300,,4.610,,4.610
KAZAKHSTAN,7224,,see below,see below,see below
KAZAKHSTAN,722410,(F),5.170,,5.170
KAZAKHSTAN,72249002,(F),5.340,,5.340
KAZAKHSTAN,72249003,(F),5.340,,5.340
KAZAKHSTAN,72249005,(F),5.340,,5.340
KAZAKHSTAN,72249007,(F),5.340,,5.340
KAZAKHSTAN,72249014,(F),5.340,,5.340
KAZAKHSTAN,72249018,(F),5.170,,5.170
KAZAKHSTAN,72249031,(F),5.340,,5.340
KAZAKHSTAN,72249038,(F),5.340,,5.340
KAZAKHSTAN,72249090,(F),5.170,,5.170
KAZAKHSTAN,7225,,see below,see below,see below
KAZAKHSTAN,72251100,(C),6.780,,6.780
KAZAKHSTAN,72251910,(C),5.340,,5.340
KAZAKHSTAN,72251990,(C),5.420,,5.420
KAZAKHSTAN,722530,(F),5.340,,5.340
KAZAKHSTAN,722540,(F),5.340,,5.340
KAZAKHSTAN,722550,(F),5.420,,5.420
KAZAKHSTAN,72259100,(F),5.420,,5.420
KAZAKHSTAN,72259200,(F),5.420,,5.420
KAZAKHSTAN,72259900,(F),5.420,,5.420
KAZAKHSTAN,7226,,see below,see below,see below
KAZAKHSTAN,72261100,(C),6.780,,6.780
KAZAKHSTAN,72261910,(C),5.340,,5.340
KAZAKHSTAN,72261980,(C),5.420,,5.420
KAZAKHSTAN,72262000,(F),5.340,,5.340
KAZAKHSTAN,722691,(F),5.340,,5.340
KAZAKHSTAN,72269200,(F),5.420,,5.420
KAZAKHSTAN,722699,(F),5.420,,5.420
KAZAKHSTAN,7227,(C)/(F),5.170,,5.170
KAZAKHSTAN,7228,,see below,see below,see below
KAZAKHSTAN,72281020,(F),5.170,,5.170
KAZAKHSTAN,72281050,(F),5.170,,5.170
KAZAKHSTAN,72281090,(F),5.170,,5.170
KAZAKHSTAN,722820,(F),5.170,,5.170
KAZAKHSTAN,722830,(C)/(F),5.170,,5.170
KAZAKHSTAN,722840,(F),5.170,,5.170
KAZAKHSTAN,722850,(C)/(F),5.170,,5.170
KAZAKHSTAN,722860,(F),5.170,,5.170
KAZAKHSTAN,722870,(F),5.170,,5.170
KAZAKHSTAN,72288000,(F),5.170,,5.170
KAZAKHSTAN,7229,(C)/(F),5.170,,5.170
KAZAKHSTAN,7301,(C),5.360,,5.360
KAZAKHSTAN,7302,(C),5.180,,5.180
KAZAKHSTAN,7303,,see below,see below,see below
KAZAKHSTAN,730300,,4.960,,4.960
KAZAKHSTAN,7304,,see below,see below,see below
KAZAKHSTAN,73041100,,4.610,,4.610
KAZAKHSTAN,730419,(C),5.180,,5.180
KAZAKHSTAN,73042200,,4.610,,4.610
KAZAKHSTAN,73042300,(C),5.180,,5.180
KAZAKHSTAN,73042400,,4.610,,4.610
KAZAKHSTAN,730429,(C),5.180,,5.180
KAZAKHSTAN,730431,(C),5.180,,5.180
KAZAKHSTAN,730439,(C),5.180,,5.180
KAZAKHSTAN,73044100,,4.610,,4.610
KAZAKHSTAN,730449,,4.610,,4.610
KAZAKHSTAN,730451,(F),5.120,,5.120
KAZAKHSTAN,730459,(C)/(F),5.120,,5.120
KAZAKHSTAN,73049000,(C),5.180,,5.180
KAZAKHSTAN,7305,(C),5.360,,5.360
KAZAKHSTAN,7306,,see below,see below,see below
KAZAKHSTAN,73061100,,4.860,,4.860
KAZAKHSTAN,73061900,(C),5.360,,5.360
KAZAKHSTAN,73062100,,4.860,,4.860
KAZAKHSTAN,73062900,(C),5.360,,5.360
KAZAKHSTAN,73063012,(C),5.360,,5.360
KAZAKHSTAN,73063018,(C),5.290,,5.290
KAZAKHSTAN,73063041,(C),5.360,,5.360
KAZAKHSTAN,73063049,(C),5.360,,5.360
KAZAKHSTAN,73063072,(C),5.360,,5.360
KAZAKHSTAN,73063077,(C),5.360,,5.360
KAZAKHSTAN,73063080,(C),5.360,,5.360
KAZAKHSTAN,73064020,,4.860,,4.860
KAZAKHSTAN,73064080,,4.780,,4.780
KAZAKHSTAN,73065021,(F),5.420,,5.420
KAZAKHSTAN,73065029,(F),5.340,,5.340
KAZAKHSTAN,73065080,(F),5.420,,5.420
KAZAKHSTAN,73066110,,4.860,,4.860
KAZAKHSTAN,73066192,(C),5.360,,5.360
KAZAKHSTAN,73066199,(C),5.360,,5.360
KAZAKHSTAN,73066910,,4.860,,4.860
KAZAKHSTAN,73066990,(C),5.360,,5.360
KAZAKHSTAN,73069000,(C),5.360,,5.360
KAZAKHSTAN,7307,,see below,see below,see below
KAZAKHSTAN,730711,,4.960,,4.960
KAZAKHSTAN,73071910,,4.960,,4.960
KAZAKHSTAN,73071990,(C),5.180,,5.180
KAZAKHSTAN,73072100,,5.150,,5.150
KAZAKHSTAN,730722,,5.150,,5.150
KAZAKHSTAN,730723,,5.150,,5.150
KAZAKHSTAN,730729,,5.150,,5.150
KAZAKHSTAN,73079100,(C),5.180,,5.180
KAZAKHSTAN,730792,(C),5.180,,5.180
KAZAKHSTAN,730793,(C),5.180,,5.180
KAZAKHSTAN,730799,(C),5.180,,5.180
KAZAKHSTAN,7308,(C),5.360,,5.360
KAZAKHSTAN,7309,(C),5.360,,5.360
KAZAKHSTAN,7310,(C),5.360,,5.360
KAZAKHSTAN,7311,,see below,see below,see below
KAZAKHSTAN,731100,(C),5.180,,5.180
KAZAKHSTAN,7318,,see below,see below,see below
KAZAKHSTAN,73181100,(C),5.180,,5.180
KAZAKHSTAN,73181210,,4.610,,4.610
KAZAKHSTAN,73181290,(C),5.180,,5.180
KAZAKHSTAN,73181300,(C),5.180,,5.180
KAZAKHSTAN,73181410,,4.610,,4.610
KAZAKHSTAN,73181491,(C),5.180,,5.180
KAZAKHSTAN,73181499,(C),5.180,,5.180
KAZAKHSTAN,731815,(C),5.180,,5.180
KAZAKHSTAN,731816,(C),5.180,,5.180
KAZAKHSTAN,73181900,(C),5.180,,5.180
KAZAKHSTAN,73182100,(C),5.180,,5.180
KAZAKHSTAN,73182200,(C),5.180,,5.180
KAZAKHSTAN,73182300,(C),5.180,,5.180
KAZAKHSTAN,73182400,(C),5.180,,5.180
KAZAKHSTAN,73182900,(C),5.180,,5.180
KAZAKHSTAN,7326,,see below,see below,see below
KAZAKHSTAN,73261100,(C),5.180,,5.180
KAZAKHSTAN,732619,(C),5.180,,5.180
KAZAKHSTAN,73262000,(C),5.180,,5.180
KAZAKHSTAN,73269030,(C),5.180,,5.180
KAZAKHSTAN,73269040,(C),5.180,,5.180
KAZAKHSTAN,73269050,(C),5.180,,5.180
KAZAKHSTAN,73269060,(C),5.180,,5.180
KAZAKHSTAN,73269092,(C),5.180,,5.180
KAZAKHSTAN,73269094,(C),5.180,,5.180
KAZAKHSTAN,73269096,(C),5.180,,5.180
KAZAKHSTAN,73269098,(C),5.360,,5.360
KENYA,28080000,,1.700,0.040,1.740
KENYA,28142000,,0.600,0.040,0.650
KENYA,28342100,,1.500,0.060,1.560
KENYA,3102,,see below,see below,see below
KENYA,31021012,,0.460,0.040,0.490
KENYA,31021015,,0.760,0.040,0.800
KENYA,31021019,,1.380,0.100,1.490
KENYA,31021090,,1.350,0.100,1.460
KENYA,31022100,,0.600,0.070,0.660
KENYA,31022900,,1.060,0.080,1.140
KENYA,31023010,,1.140,0.060,1.200
KENYA,31023090,,1.760,0.090,1.850
KENYA,31024010,,1.520,0.080,1.610
KENYA,31024090,,1.520,0.080,1.610
KENYA,31025000,,2.650,0.070,2.720
KENYA,31026000,,1.480,0.080,1.560
KENYA,31028000,,1.220,0.080,1.300
KENYA,31029000,,1.340,0.090,1.440
KENYA,3105,,see below,see below,see below
KENYA,31051000,,0.630,0.070,0.700
KENYA,31052010,,0.770,0.080,0.840
KENYA,31052090,,0.520,0.060,0.580
KENYA,31053000,,0.470,0.050,0.530
KENYA,31054000,,0.300,0.040,0.340
KENYA,31055100,,1.050,0.090,1.140
KENYA,31055900,,0.550,0.090,0.640
KENYA,31059020,,1.010,0.060,1.070
KENYA,31059080,,0.520,0.040,0.560
KENYA,7601,(L),0.360,,0.360
KENYA,7603,(L),0.800,,0.800
KENYA,76041010,(L),1.020,,1.020
KENYA,76041090,(L),1.040,,1.040
KENYA,76042100,(L),1.040,,1.040
KENYA,76042910,(L),1.020,,1.020
KENYA,76042990,(L),1.040,,1.040
KENYA,7605,(L),1.020,,1.020
KENYA,7606,(L),1.480,,1.480
KENYA,7607,(L),1.480,,1.480
KENYA,7608,(L),1.040,,1.040
KENYA,76090000,(L),1.040,,1.040
KENYA,76101000,(L),1.040,,1.040
KENYA,761090,(L),1.040,,1.040
KENYA,76109010,(L),1.040,,1.040
KENYA,76109090,(L),1.040,,1.040
KENYA,76110000,(L),1.480,,1.480
KENYA,7612,(L),1.480,,1.480
KENYA,76130000,(L),1.480,,1.480
KENYA,7614,(L),1.020,,1.020
KENYA,76161000,(L),1.480,,1.480
KENYA,76169100,(L),1.480,,1.480
KENYA,76169910,(L),0.800,,0.800
KENYA,76169990,(L),1.480,,1.480
KENYA,28041000,,10.820,,10.820
KENYA,720211,,1.690,,1.690
KENYA,720241,,2.350,,2.350
KENYA,72026000,,3.480,,3.480
KUWAIT,2523100090,(A),0.830,0.040,0.870
KUWAIT,25232900,,0.950,0.080,1.030
KUWAIT,2523900090,(A),0.910,0.080,0.990
KUWAIT,28080000,,2.450,0.070,2.510
KUWAIT,28141000,,1.960,0.140,2.100
KUWAIT,28142000,,0.590,0.040,0.630
KUWAIT,28342100,,1.980,0.080,2.070
KUWAIT,3102,,see below,see below,see below
KUWAIT,31021012,,0.450,0.040,0.490
KUWAIT,31021015,,0.740,0.040,0.780
KUWAIT,31021019,,1.350,0.110,1.460
KUWAIT,31021090,,1.320,0.110,1.430
KUWAIT,31022100,,0.580,0.080,0.670
KUWAIT,31022900,,1.280,0.100,1.380
KUWAIT,31023010,,1.500,0.080,1.590
KUWAIT,31023090,,2.310,0.130,2.440
KUWAIT,31024010,,1.990,0.120,2.100
KUWAIT,31024090,,1.990,0.120,2.100
KUWAIT,31025000,,3.820,0.100,3.920
KUWAIT,31026000,,1.940,0.110,2.050
KUWAIT,31028000,,1.460,0.090,1.560
KUWAIT,31029000,,1.510,0.110,1.620
KUWAIT,3105,,see below,see below,see below
KUWAIT,31051000,,0.740,0.090,0.830
KUWAIT,31052010,,0.980,0.110,1.090
KUWAIT,31052090,,0.660,0.080,0.750
KUWAIT,31053000,,0.460,0.060,0.520
KUWAIT,31054000,,0.300,0.050,0.350
KUWAIT,31055100,,1.340,0.140,1.480
KUWAIT,31055900,,0.540,0.110,0.650
KUWAIT,31059020,,1.310,0.090,1.390
KUWAIT,31059080,,0.670,0.060,0.730
KUWAIT,7601,(L),0.360,,0.360
KUWAIT,7603,(L),0.630,,0.630
KUWAIT,76041010,(L),0.860,,0.860
KUWAIT,76041090,(L),0.870,,0.870
KUWAIT,76042100,(L),0.870,,0.870
KUWAIT,76042910,(L),0.860,,0.860
KUWAIT,76042990,(L),0.870,,0.870
KUWAIT,7605,(L),0.860,,0.860
KUWAIT,7606,(L),1.320,,1.320
KUWAIT,7607,(L),1.320,,1.320
KUWAIT,7608,(L),0.870,,0.870
KUWAIT,76090000,(L),0.870,,0.870
KUWAIT,76101000,(L),0.870,,0.870
KUWAIT,761090,(L),0.870,,0.870
KUWAIT,76109010,(L),0.870,,0.870
KUWAIT,76109090,(L),0.870,,0.870
KUWAIT,76110000,(L),1.320,,1.320
KUWAIT,7612,(L),1.320,,1.320
KUWAIT,76130000,(L),1.320,,1.320
KUWAIT,7614,(L),0.860,,0.860
KUWAIT,76161000,(L),1.320,,1.320
KUWAIT,76169100,(L),1.320,,1.320
KUWAIT,76169910,(L),0.630,,0.630
KUWAIT,76169990,(L),1.320,,1.320
KUWAIT,28041000,,13.450,,13.450
KYRGYZSTAN,2523100090,(A),1.360,0.000,1.360
KYRGYZSTAN,25232900,,1.360,0.010,1.360
KYRGYZSTAN,2523900090,(A),1.290,0.010,1.300
KYRGYZSTAN,28080000,,2.770,0.040,2.810
KYRGYZSTAN,28142000,,0.650,0.040,0.690
KYRGYZSTAN,28342100,,2.230,0.060,2.290
KYRGYZSTAN,3102,,see below,see below,see below
KYRGYZSTAN,31021012,,0.490,0.030,0.520
KYRGYZSTAN,31021015,,0.810,0.030,0.840
KYRGYZSTAN,31021019,,1.470,0.100,1.570
KYRGYZSTAN,31021090,,1.440,0.090,1.530
KYRGYZSTAN,31022100,,0.640,0.060,0.700
KYRGYZSTAN,31022900,,1.430,0.070,1.500
KYRGYZSTAN,31023010,,1.690,0.060,1.750
KYRGYZSTAN,31023090,,2.600,0.090,2.690
KYRGYZSTAN,31024010,,2.230,0.080,2.310
KYRGYZSTAN,31024090,,2.230,0.080,2.310
KYRGYZSTAN,31025000,,4.330,0.060,4.390
KYRGYZSTAN,31026000,,2.180,0.080,2.260
KYRGYZSTAN,31028000,,1.630,0.070,1.700
KYRGYZSTAN,31029000,,1.660,0.080,1.750
KYRGYZSTAN,3105,,see below,see below,see below
KYRGYZSTAN,31051000,,0.820,0.060,0.890
KYRGYZSTAN,31052010,,1.090,0.070,1.160
KYRGYZSTAN,31052090,,0.740,0.060,0.790
KYRGYZSTAN,31053000,,0.510,0.050,0.560
KYRGYZSTAN,31054000,,0.320,0.040,0.360
KYRGYZSTAN,31055100,,1.500,0.090,1.590
KYRGYZSTAN,31055900,,0.590,0.090,0.680
KYRGYZSTAN,31059020,,1.470,0.060,1.520
KYRGYZSTAN,31059080,,0.750,0.040,0.790
KYRGYZSTAN,28041000,,10.820,,10.820
LAOS,28041000,,10.820,,10.820
LEBANON,2523100010,(B),1.290,0.070,1.360
LEBANON,2523100090,(A),0.830,0.050,0.880
LEBANON,25232100,,1.270,0.160,1.430
LEBANON,25232900,,0.830,0.100,0.930
LEBANON,2523900010,(B),1.310,0.210,1.520
LEBANON,2523900090,(A),0.790,0.100,0.890
LEBANON,28080000,,2.580,0.060,2.640
LEBANON,28142000,,0.640,0.060,0.700
LEBANON,28342100,,2.100,0.090,2.190
LEBANON,3102,,see below,see below,see below
LEBANON,31021012,,0.480,0.050,0.530
LEBANON,31021015,,0.800,0.050,0.850
LEBANON,31021019,,1.450,0.140,1.600
LEBANON,31021090,,1.420,0.140,1.560
LEBANON,31022100,,0.630,0.110,0.740
LEBANON,31022900,,1.360,0.120,1.480
LEBANON,31023010,,1.590,0.090,1.690
LEBANON,31023090,,2.450,0.140,2.590
LEBANON,31024010,,2.100,0.130,2.230
LEBANON,31024090,,2.100,0.130,2.230
LEBANON,31025000,,4.030,0.090,4.120
LEBANON,31026000,,2.060,0.120,2.180
LEBANON,31028000,,1.560,0.110,1.670
LEBANON,31029000,,1.610,0.130,1.740
LEBANON,3105,,see below,see below,see below
LEBANON,31051000,,0.790,0.110,0.900
LEBANON,31052010,,1.030,0.130,1.160
LEBANON,31052090,,0.700,0.100,0.800
LEBANON,31053000,,0.500,0.080,0.580
LEBANON,31054000,,0.320,0.060,0.380
LEBANON,31055100,,1.420,0.160,1.580
LEBANON,31055900,,0.580,0.130,0.710
LEBANON,31059020,,1.390,0.100,1.480
LEBANON,31059080,,0.710,0.070,0.780
LIBERIA,28041000,,10.820,,10.820
LIBYA,2523100090,(A),0.830,0.040,0.870
LIBYA,25232900,,0.830,0.090,0.910
LIBYA,2523900090,(A),0.790,0.090,0.880
LIBYA,28080000,,1.680,0.050,1.730
LIBYA,28141000,,2.010,0.160,2.170
LIBYA,28142000,,0.600,0.050,0.650
LIBYA,28342100,,1.490,0.080,1.560
LIBYA,3102,,see below,see below,see below
LIBYA,31021012,,0.460,0.040,0.500
LIBYA,31021015,,0.760,0.040,0.800
LIBYA,31021019,,1.380,0.120,1.500
LIBYA,31021090,,1.350,0.120,1.470
LIBYA,31022100,,0.600,0.090,0.690
LIBYA,31022900,,1.060,0.100,1.160
LIBYA,31023010,,1.130,0.080,1.210
LIBYA,31023090,,1.740,0.120,1.860
LIBYA,31024010,,1.510,0.110,1.620
LIBYA,31024090,,1.510,0.110,1.620
LIBYA,31025000,,2.620,0.080,2.700
LIBYA,31026000,,1.460,0.110,1.570
LIBYA,31028000,,1.210,0.100,1.310
LIBYA,31029000,,1.340,0.120,1.450
LIBYA,3105,,see below,see below,see below
LIBYA,31051000,,0.630,0.100,0.720
LIBYA,31052010,,0.760,0.120,0.880
LIBYA,31052090,,0.520,0.090,0.610
LIBYA,31053000,,0.470,0.070,0.540
LIBYA,31054000,,0.300,0.060,0.360
LIBYA,31055100,,1.040,0.140,1.180
LIBYA,31055900,,0.550,0.110,0.660
LIBYA,31059020,,1.000,0.090,1.090
LIBYA,31059080,,0.520,0.060,0.580
LIBYA,28041000,,10.820,,10.820
MADAGASCAR,2523100090,(A),1.240,0.050,1.290
MADAGASCAR,25232900,,1.240,0.080,1.330
MADAGASCAR,2523900090,(A),1.180,0.080,1.270
MADAGASCAR,28080000,,1.800,0.060,1.860
MADAGASCAR,28142000,,0.710,0.050,0.760
MADAGASCAR,28342100,,1.600,0.060,1.670
MADAGASCAR,3102,,see below,see below,see below
MADAGASCAR,31021012,,0.450,0.030,0.480
MADAGASCAR,31021015,,0.740,0.030,0.770
MADAGASCAR,31021019,,1.350,0.090,1.440
MADAGASCAR,31021090,,1.320,0.090,1.410
MADAGASCAR,31022100,,0.610,0.040,0.650
MADAGASCAR,31022900,,1.110,0.060,1.160
MADAGASCAR,31023010,,1.200,0.050,1.250
MADAGASCAR,31023090,,1.840,0.080,1.920
MADAGASCAR,31024010,,1.540,0.060,1.600
MADAGASCAR,31024090,,1.540,0.060,1.600
MADAGASCAR,31025000,,2.810,0.090,2.900
MADAGASCAR,31026000,,1.540,0.060,1.600
MADAGASCAR,31028000,,1.260,0.060,1.330
MADAGASCAR,31029000,,1.350,0.080,1.420
MADAGASCAR,3105,,see below,see below,see below
MADAGASCAR,31051000,,0.640,0.030,0.680
MADAGASCAR,31052010,,0.760,0.030,0.800
MADAGASCAR,31052090,,0.510,0.020,0.530
MADAGASCAR,31053000,,0.520,0.040,0.560
MADAGASCAR,31054000,,0.320,0.020,0.340
MADAGASCAR,31055100,,1.050,0.040,1.090
MADAGASCAR,31055900,,0.540,0.040,0.580
MADAGASCAR,31059020,,1.050,0.040,1.090
MADAGASCAR,31059080,,0.520,0.020,0.550
MADAGASCAR,28041000,,10.820,,10.820
MALAYSIA,2523100010,(B),1.290,0.060,1.340
MALAYSIA,2523100090,(A),0.870,0.040,0.910
MALAYSIA,25232100,,1.260,0.140,1.400
MALAYSIA,25232900,,0.870,0.070,0.950
MALAYSIA,2523900010,(B),1.290,0.180,1.470
MALAYSIA,2523900090,(A),0.830,0.080,0.910
MALAYSIA,28080000,,2.150,0.060,2.210
MALAYSIA,28141000,,2.050,0.170,2.220
MALAYSIA,28142000,,0.620,0.050,0.660
MALAYSIA,28342100,,1.810,0.080,1.890
MALAYSIA,3102,,see below,see below,see below
MALAYSIA,31021012,,0.470,0.040,0.510
MALAYSIA,31021015,,0.770,0.040,0.820
MALAYSIA,31021019,,1.410,0.130,1.540
MALAYSIA,31021090,,1.380,0.130,1.500
MALAYSIA,31022100,,0.610,0.100,0.700
MALAYSIA,31022900,,1.210,0.110,1.330
MALAYSIA,31023010,,1.370,0.090,1.460
MALAYSIA,31023090,,2.110,0.130,2.240
MALAYSIA,31024010,,1.820,0.120,1.940
MALAYSIA,31024090,,1.820,0.120,1.940
MALAYSIA,31025000,,3.360,0.090,3.450
MALAYSIA,31026000,,1.770,0.120,1.890
MALAYSIA,31028000,,1.390,0.100,1.490
MALAYSIA,31029000,,1.470,0.120,1.590
MALAYSIA,3105,,see below,see below,see below
MALAYSIA,31051000,,0.710,0.100,0.810
MALAYSIA,31052010,,0.900,0.120,1.020
MALAYSIA,31052090,,0.610,0.090,0.710
MALAYSIA,31053000,,0.480,0.070,0.560
MALAYSIA,31054000,,0.310,0.060,0.370
MALAYSIA,31055100,,1.240,0.150,1.390
MALAYSIA,31055900,,0.560,0.120,0.680
MALAYSIA,31059020,,1.200,0.090,1.290
MALAYSIA,31059080,,0.620,0.060,0.680
MALAYSIA,7601,(K),1.700,,1.700
MALAYSIA,7603,(K),2.409,,2.409
MALAYSIA,76041010,(K),2.694,,2.694
MALAYSIA,76041090,(K),2.720,,2.720
MALAYSIA,76042100,(K),2.720,,2.720
MALAYSIA,76042910,(K),2.694,,2.694
MALAYSIA,76042990,(K),2.720,,2.720
MALAYSIA,7605,(K),2.694,,2.694
MALAYSIA,7606,(K),3.289,,3.289
MALAYSIA,7607,(K),3.289,,3.289
MALAYSIA,7608,(K),2.720,,2.720
MALAYSIA,76090000,(K),2.720,,2.720
MALAYSIA,76101000,(K),2.720,,2.720
MALAYSIA,761090,(K),2.720,,2.720
MALAYSIA,76109010,(K),2.720,,2.720
MALAYSIA,76109090,(K),2.720,,2.720
MALAYSIA,76110000,(K),3.289,,3.289
MALAYSIA,7612,(K),3.289,,3.289
MALAYSIA,76130000,(K),3.289,,3.289
MALAYSIA,7614,(K),2.694,,2.694
MALAYSIA,76161000,(K),3.289,,3.289
MALAYSIA,76169100,(K),3.289,,3.289
MALAYSIA,76169910,(K),2.409,,2.409
MALAYSIA,76169990,(K),3.289,,3.289
MALAYSIA,28041000,,10.820,,10.820
MALAYSIA,720211,,1.690,,1.690
MALAYSIA,720241,,2.350,,2.350
MALAYSIA,72026000,,3.480,,3.480
MALI,2523100090,(A),0.850,0.050,0.900
MALI,25232900,,0.910,0.080,0.980
MALI,2523900090,(A),0.860,0.080,0.940
MALI,28080000,,1.740,0.050,1.790
MALI,28142000,,0.660,0.050,0.710
MALI,28342100,,1.530,0.060,1.590
MALI,3102,,see below,see below,see below
MALI,31021012,,0.500,0.040,0.540
MALI,31021015,,0.820,0.040,0.860
MALI,31021019,,1.490,0.120,1.610
MALI,31021090,,1.460,0.120,1.580
MALI,31022100,,0.570,0.040,0.610
MALI,31022900,,1.050,0.050,1.100
MALI,31023010,,1.140,0.040,1.190
MALI,31023090,,1.760,0.070,1.830
MALI,31024010,,1.470,0.060,1.530
MALI,31024090,,1.470,0.060,1.530
MALI,31025000,,2.720,0.080,2.790
MALI,31026000,,1.470,0.060,1.530
MALI,31028000,,1.270,0.070,1.350
MALI,31029000,,1.390,0.090,1.480
MALI,3105,,see below,see below,see below
MALI,31051000,,0.610,0.030,0.640
MALI,31052010,,0.730,0.030,0.760
MALI,31052090,,0.480,0.020,0.500
MALI,31053000,,0.480,0.030,0.520
MALI,31054000,,0.290,0.020,0.320
MALI,31055100,,1.000,0.040,1.040
MALI,31055900,,0.500,0.040,0.540
MALI,31059020,,1.000,0.040,1.040
MALI,31059080,,0.500,0.020,0.520
MALI,28041000,,0.000,,0.000
MAURITANIA,25232900,,1.100,0.090,1.190
MAURITANIA,2523900090,(A),1.050,0.090,1.140
MAURITIUS,28080000,,1.690,0.050,1.740
MAURITIUS,28142000,,0.640,0.050,0.690
MAURITIUS,28342100,,1.520,0.080,1.590
MAURITIUS,3102,,see below,see below,see below
MAURITIUS,31021012,,0.480,0.040,0.520
MAURITIUS,31021015,,0.790,0.040,0.830
MAURITIUS,31021019,,1.440,0.120,1.560
MAURITIUS,31021090,,1.410,0.120,1.520
MAURITIUS,31022100,,0.630,0.090,0.720
MAURITIUS,31022900,,1.090,0.100,1.190
MAURITIUS,31023010,,1.160,0.080,1.230
MAURITIUS,31023090,,1.780,0.120,1.900
MAURITIUS,31024010,,1.530,0.110,1.640
MAURITIUS,31024090,,1.530,0.110,1.640
MAURITIUS,31025000,,2.640,0.080,2.720
MAURITIUS,31026000,,1.490,0.100,1.600
MAURITIUS,31028000,,1.250,0.100,1.340
MAURITIUS,31029000,,1.380,0.110,1.490
MAURITIUS,3105,,see below,see below,see below
MAURITIUS,31051000,,0.650,0.090,0.740
MAURITIUS,31052010,,0.780,0.110,0.890
MAURITIUS,31052090,,0.530,0.080,0.610
MAURITIUS,31053000,,0.500,0.070,0.570
MAURITIUS,31054000,,0.320,0.050,0.380
MAURITIUS,31055100,,1.060,0.140,1.190
MAURITIUS,31055900,,0.580,0.110,0.690
MAURITIUS,31059020,,1.020,0.080,1.110
MAURITIUS,31059080,,0.530,0.060,0.590
MEXICO,28080000,,1.880,0.040,1.920
MEXICO,28141000,,2.260,0.130,2.400
MEXICO,28142000,,0.680,0.040,0.720
MEXICO,28342100,,1.660,0.060,1.730
MEXICO,3102,,see below,see below,see below
MEXICO,31021012,,0.510,0.030,0.540
MEXICO,31021015,,0.840,0.030,0.870
MEXICO,31021019,,1.530,0.100,1.630
MEXICO,31021090,,1.500,0.100,1.590
MEXICO,31022100,,0.660,0.070,0.730
MEXICO,31022900,,1.180,0.080,1.260
MEXICO,31023010,,1.270,0.060,1.330
MEXICO,31023090,,1.950,0.100,2.040
MEXICO,31024010,,1.680,0.090,1.770
MEXICO,31024090,,1.680,0.090,1.770
MEXICO,31025000,,2.930,0.060,3.000
MEXICO,31026000,,1.630,0.080,1.720
MEXICO,31028000,,1.350,0.080,1.430
MEXICO,31029000,,1.490,0.090,1.580
MEXICO,3105,,see below,see below,see below
MEXICO,31051000,,0.700,0.070,0.770
MEXICO,31052010,,0.850,0.090,0.930
MEXICO,31052090,,0.580,0.070,0.640
MEXICO,31053000,,0.530,0.050,0.580
MEXICO,31054000,,0.340,0.040,0.380
MEXICO,31055100,,1.150,0.110,1.260
MEXICO,31055900,,0.610,0.100,0.710
MEXICO,31059020,,1.120,0.070,1.180
MEXICO,31059080,,0.580,0.050,0.620
MEXICO,7601,(L),0.360,,0.360
MEXICO,7603,(L),1.180,,1.180
MEXICO,76041010,(L),1.410,,1.410
MEXICO,76041090,(L),1.420,,1.420
MEXICO,76042100,(L),1.420,,1.420
MEXICO,76042910,(L),1.410,,1.410
MEXICO,76042990,(L),1.420,,1.420
MEXICO,7605,(L),1.410,,1.410
MEXICO,7606,(L),1.860,,1.860
MEXICO,7607,(L),1.860,,1.860
MEXICO,7608,(L),1.420,,1.420
MEXICO,76090000,(L),1.420,,1.420
MEXICO,76101000,(L),1.420,,1.420
MEXICO,761090,(L),1.420,,1.420
MEXICO,76109010,(L),1.420,,1.420
MEXICO,76109090,(L),1.420,,1.420
MEXICO,76110000,(L),1.860,,1.860
MEXICO,7612,(L),1.860,,1.860
MEXICO,76130000,(L),1.860,,1.860
MEXICO,7614,(L),1.410,,1.410
MEXICO,76161000,(L),1.860,,1.860
MEXICO,76169100,(L),1.860,,1.860
MEXICO,76169910,(L),1.180,,1.180
MEXICO,76169990,(L),1.860,,1.860
MEXICO,28041000,,10.820,,10.820
MEXICO,26011200,,0.120,0.010,0.130
MEXICO,7201,,2.580,,2.580
MEXICO,720211,,1.690,,1.690
MEXICO,7203,,0.580,,0.580
MEXICO,7205,(C)/(F),2.570,,2.570
MEXICO,7206,,see below,see below,see below
MEXICO,72061000,(C),2.670,,2.670
MEXICO,72069000,(C),2.670,,2.670
MEXICO,7207,,see below,see below,see below
MEXICO,72071111,(C),2.740,,2.740
MEXICO,72071114,(C),2.740,,2.740
MEXICO,72071116,(C),2.740,,2.740
MEXICO,72071190,(C),2.670,,2.670
MEXICO,72071210,(C),2.740,,2.740
MEXICO,72071290,(C),2.670,,2.670
MEXICO,72071912,(C),2.740,,2.740
MEXICO,72071919,(C),2.670,,2.670
MEXICO,72071980,(C),2.740,,2.740
MEXICO,72072011,(C),2.740,,2.740
MEXICO,72072015,(C),2.740,,2.740
MEXICO,72072017,(C),2.740,,2.740
MEXICO,72072019,(C),2.670,,2.670
MEXICO,72072032,(C),2.740,,2.740
MEXICO,72072039,(C),2.670,,2.670
MEXICO,72072052,(C),2.740,,2.740
MEXICO,72072059,(C),2.670,,2.670
MEXICO,72072080,(C),2.740,,2.740
MEXICO,7208,(C),2.750,,2.750
MEXICO,7209,(C),2.810,,2.810
MEXICO,7210,(C),2.810,,2.810
MEXICO,7211,,see below,see below,see below
MEXICO,72111300,(C),2.750,,2.750
MEXICO,72111400,(C),2.750,,2.750
MEXICO,72111900,(C),2.750,,2.750
MEXICO,721123,(C),2.810,,2.810
MEXICO,72112900,(C),2.810,,2.810
MEXICO,721190,(C),2.810,,2.810
MEXICO,7212,(C),2.810,,2.810
MEXICO,7213,(C),2.740,,2.740
MEXICO,7214,,see below,see below,see below
MEXICO,72141000,(C),2.670,,2.670
MEXICO,72142000,(C),2.740,,2.740
MEXICO,72143000,(C),2.740,,2.740
MEXICO,721491,(C),2.740,,2.740
MEXICO,721499,(C),2.740,,2.740
MEXICO,7215,(C),2.740,,2.740
MEXICO,7216,(C),2.740,,2.740
MEXICO,7217,,see below,see below,see below
MEXICO,721710,(C),2.740,,2.740
MEXICO,721720,(C),2.740,,2.740
MEXICO,721730,(C),2.740,,2.740
MEXICO,721790,(C),2.740,,2.740
MEXICO,7218,,see below,see below,see below
MEXICO,72181000,,3.110,,3.110
MEXICO,721891,,3.240,,3.240
MEXICO,72189911,,3.240,,3.240
MEXICO,72189919,,3.110,,3.110
MEXICO,72189920,,3.240,,3.240
MEXICO,72189980,,3.110,,3.110
MEXICO,7219,,see below,see below,see below
MEXICO,72191100,,3.240,,3.240
MEXICO,721912,,3.240,,3.240
MEXICO,721913,,3.240,,3.240
MEXICO,721914,,3.240,,3.240
MEXICO,721921,,3.240,,3.240
MEXICO,721922,,3.240,,3.240
MEXICO,72192300,,3.240,,3.240
MEXICO,72192400,,3.240,,3.240
MEXICO,72193100,,3.300,,3.300
MEXICO,721932,,3.300,,3.300
MEXICO,721933,,3.300,,3.300
MEXICO,721934,,3.300,,3.300
MEXICO,721935,,3.300,,3.300
MEXICO,721990,,3.300,,3.300
MEXICO,7220,,see below,see below,see below
MEXICO,72201100,,3.240,,3.240
MEXICO,72201200,,3.240,,3.240
MEXICO,722020,,3.300,,3.300
MEXICO,722090,,3.300,,3.300
MEXICO,7221,,3.310,,3.310
MEXICO,7222,,see below,see below,see below
MEXICO,722211,,3.310,,3.310
MEXICO,722219,,3.310,,3.310
MEXICO,722220,,3.310,,3.310
MEXICO,722230,,3.110,,3.110
MEXICO,722240,,3.310,,3.310
MEXICO,7223,,see below,see below,see below
MEXICO,722300,,3.310,,3.310
MEXICO,7224,,see below,see below,see below
MEXICO,722410,(F),3.520,,3.520
MEXICO,72249002,(F),3.650,,3.650
MEXICO,72249003,(F),3.650,,3.650
MEXICO,72249005,(F),3.650,,3.650
MEXICO,72249007,(F),3.650,,3.650
MEXICO,72249014,(F),3.650,,3.650
MEXICO,72249018,(F),3.520,,3.520
MEXICO,72249031,(F),3.650,,3.650
MEXICO,72249038,(F),3.650,,3.650
MEXICO,72249090,(F),3.520,,3.520
MEXICO,7225,,see below,see below,see below
MEXICO,72251100,(C),4.790,,4.790
MEXICO,72251910,(C),3.650,,3.650
MEXICO,72251990,(C),3.710,,3.710
MEXICO,722530,(F),3.650,,3.650
MEXICO,722540,(F),3.650,,3.650
MEXICO,722550,(F),3.710,,3.710
MEXICO,72259100,(F),3.710,,3.710
MEXICO,72259200,(F),3.710,,3.710
MEXICO,72259900,(F),3.710,,3.710
MEXICO,7226,,see below,see below,see below
MEXICO,72261100,(C),4.790,,4.790
MEXICO,72261910,(C),3.650,,3.650
MEXICO,72261980,(C),3.710,,3.710
MEXICO,72262000,(F),3.650,,3.650
MEXICO,722691,(F),3.650,,3.650
MEXICO,72269200,(F),3.710,,3.710
MEXICO,722699,(F),3.710,,3.710
MEXICO,7227,(C)/(F),3.710,,3.710
MEXICO,7228,,see below,see below,see below
MEXICO,72281020,(F),3.710,,3.710
MEXICO,72281050,(F),3.520,,3.520
MEXICO,72281090,(F),3.710,,3.710
MEXICO,722820,(F),3.710,,3.710
MEXICO,722830,(C)/(F),3.710,,3.710
MEXICO,722840,(F),3.520,,3.520
MEXICO,722850,(C)/(F),3.710,,3.710
MEXICO,722860,(F),3.710,,3.710
MEXICO,722870,(F),3.710,,3.710
MEXICO,72288000,(F),3.710,,3.710
MEXICO,7229,(C)/(F),3.710,,3.710
MEXICO,7301,(C),2.810,,2.810
MEXICO,7302,(C),2.960,,2.960
MEXICO,7303,,see below,see below,see below
MEXICO,730300,,2.800,,2.800
MEXICO,7304,,see below,see below,see below
MEXICO,73041100,,3.210,,3.210
MEXICO,730419,(C),2.770,,2.770
MEXICO,73042200,,3.210,,3.210
MEXICO,73042300,(C),2.770,,2.770
MEXICO,73042400,,3.210,,3.210
MEXICO,730429,(C),2.770,,2.770
MEXICO,730431,(C),2.770,,2.770
MEXICO,730439,(C),2.770,,2.770
MEXICO,73044100,,3.210,,3.210
MEXICO,730449,,3.210,,3.210
MEXICO,730451,(F),2.660,,2.660
MEXICO,730459,(C)/(F),2.660,,2.660
MEXICO,73049000,(C),2.770,,2.770
MEXICO,7305,(C),2.810,,2.810
MEXICO,7306,,see below,see below,see below
MEXICO,73061100,,3.300,,3.300
MEXICO,73061900,(C),2.810,,2.810
MEXICO,73062100,,3.300,,3.300
MEXICO,73062900,(C),2.810,,2.810
MEXICO,73063012,(C),2.810,,2.810
MEXICO,73063018,(C),2.750,,2.750
MEXICO,73063041,(C),2.810,,2.810
MEXICO,73063049,(C),2.810,,2.810
MEXICO,73063072,(C),2.810,,2.810
MEXICO,73063077,(C),2.810,,2.810
MEXICO,73063080,(C),2.810,,2.810
MEXICO,73064020,,3.300,,3.300
MEXICO,73064080,,3.240,,3.240
MEXICO,73065021,(F),2.760,,2.760
MEXICO,73065029,(F),2.700,,2.700
MEXICO,73065080,(F),2.760,,2.760
MEXICO,73066110,,3.300,,3.300
MEXICO,73066192,(C),2.810,,2.810
MEXICO,73066199,(C),2.810,,2.810
MEXICO,73066910,,3.300,,3.300
MEXICO,73066990,(C),2.810,,2.810
MEXICO,73069000,(C),2.810,,2.810
MEXICO,7307,,see below,see below,see below
MEXICO,730711,,2.550,,2.550
MEXICO,73071910,,2.550,,2.550
MEXICO,73071990,(C),2.670,,2.670
MEXICO,73072100,,2.930,,2.930
MEXICO,730722,,2.930,,2.930
MEXICO,730723,,2.930,,2.930
MEXICO,730729,,2.930,,2.930
MEXICO,73079100,(C),2.770,,2.770
MEXICO,730792,(C),2.770,,2.770
MEXICO,730793,(C),2.770,,2.770
MEXICO,730799,(C),2.770,,2.770
MEXICO,7308,(C),2.990,,2.990
MEXICO,7309,(C),3.130,,3.130
MEXICO,7310,(C),2.810,,2.810
MEXICO,7311,,see below,see below,see below
MEXICO,731100,(C),3.060,,3.060
MEXICO,7318,,see below,see below,see below
MEXICO,73181100,(C),2.740,,2.740
MEXICO,73181210,,3.180,,3.180
MEXICO,73181290,(C),2.740,,2.740
MEXICO,73181300,(C),2.740,,2.740
MEXICO,73181410,,3.180,,3.180
MEXICO,73181491,(C),2.740,,2.740
MEXICO,73181499,(C),2.740,,2.740
MEXICO,731815,(C),2.900,,2.900
MEXICO,731816,(C),3.060,,3.060
MEXICO,73181900,(C),2.740,,2.740
MEXICO,73182100,(C),2.740,,2.740
MEXICO,73182200,(C),2.740,,2.740
MEXICO,73182300,(C),2.740,,2.740
MEXICO,73182400,(C),2.740,,2.740
MEXICO,73182900,(C),2.740,,2.740
MEXICO,7326,,see below,see below,see below
MEXICO,73261100,(C),2.670,,2.670
MEXICO,732619,(C),2.670,,2.670
MEXICO,73262000,(C),2.740,,2.740
MEXICO,73269030,(C),2.740,,2.740
MEXICO,73269040,(C),2.740,,2.740
MEXICO,73269050,(C),2.740,,2.740
MEXICO,73269060,(C),2.740,,2.740
MEXICO,73269092,(C),2.670,,2.670
MEXICO,73269094,(C),2.670,,2.670
MEXICO,73269096,(C),2.670,,2.670
MEXICO,73269098,(C),2.810,,2.810
"MOLDOVA, REPUBLIC OF",2523100090,(A),1.340,0.040,1.380
"MOLDOVA, REPUBLIC OF",25232900,,1.340,0.070,1.410
"MOLDOVA, REPUBLIC OF",28080000,,2.760,0.040,2.800
"MOLDOVA, REPUBLIC OF",28142000,,0.650,0.040,0.690
"MOLDOVA, REPUBLIC OF",28342100,,2.230,0.060,2.290
"MOLDOVA, REPUBLIC OF",3102,,see below,see below,see below
"MOLDOVA, REPUBLIC OF",31021012,,0.490,0.030,0.520
"MOLDOVA, REPUBLIC OF",31021015,,0.810,0.030,0.840
"MOLDOVA, REPUBLIC OF",31021019,,1.470,0.100,1.570
"MOLDOVA, REPUBLIC OF",31021090,,1.440,0.100,1.540
"MOLDOVA, REPUBLIC OF",31022100,,0.640,0.080,0.710
"MOLDOVA, REPUBLIC OF",31022900,,1.420,0.080,1.510
"MOLDOVA, REPUBLIC OF",31023010,,1.680,0.060,1.750
"MOLDOVA, REPUBLIC OF",31023090,,2.590,0.100,2.690
"MOLDOVA, REPUBLIC OF",31024010,,2.220,0.090,2.310
"MOLDOVA, REPUBLIC OF",31024090,,2.220,0.090,2.310
"MOLDOVA, REPUBLIC OF",31025000,,4.310,0.070,4.380
"MOLDOVA, REPUBLIC OF",31026000,,2.170,0.090,2.260
"MOLDOVA, REPUBLIC OF",31028000,,1.620,0.080,1.700
"MOLDOVA, REPUBLIC OF",31029000,,1.660,0.090,1.760
"MOLDOVA, REPUBLIC OF",3105,,see below,see below,see below
"MOLDOVA, REPUBLIC OF",31051000,,0.820,0.080,0.900
"MOLDOVA, REPUBLIC OF",31052010,,1.090,0.090,1.180
"MOLDOVA, REPUBLIC OF",31052090,,0.740,0.070,0.810
"MOLDOVA, REPUBLIC OF",31053000,,0.510,0.060,0.560
"MOLDOVA, REPUBLIC OF",31054000,,0.320,0.040,0.370
"MOLDOVA, REPUBLIC OF",31055100,,1.500,0.110,1.610
"MOLDOVA, REPUBLIC OF",31055900,,0.590,0.100,0.680
"MOLDOVA, REPUBLIC OF",31059020,,1.460,0.070,1.530
"MOLDOVA, REPUBLIC OF",31059080,,0.750,0.050,0.800
MONGOLIA,2523100090,(A),1.360,0.070,1.430
MONGOLIA,25232900,,1.360,0.130,1.490
MONGOLIA,2523900090,(A),1.290,0.130,1.420
MONGOLIA,28080000,,2.190,0.090,2.290
MONGOLIA,28142000,,0.650,0.090,0.740
MONGOLIA,28342100,,1.820,0.110,1.930
MONGOLIA,3102,,see below,see below,see below
MONGOLIA,31021012,,0.410,0.050,0.460
MONGOLIA,31021015,,0.670,0.050,0.730
MONGOLIA,31021019,,1.230,0.160,1.390
MONGOLIA,31021090,,1.200,0.160,1.360
MONGOLIA,31022100,,0.560,0.070,0.630
MONGOLIA,31022900,,1.180,0.100,1.270
MONGOLIA,31023010,,1.360,0.080,1.440
MONGOLIA,31023090,,2.090,0.130,2.220
MONGOLIA,31024010,,1.750,0.110,1.860
MONGOLIA,31024090,,1.750,0.110,1.860
MONGOLIA,31025000,,3.420,0.150,3.570
MONGOLIA,31026000,,1.750,0.110,1.860
MONGOLIA,31028000,,1.340,0.110,1.450
MONGOLIA,31029000,,1.360,0.130,1.490
MONGOLIA,3105,,see below,see below,see below
MONGOLIA,31051000,,0.670,0.060,0.730
MONGOLIA,31052010,,0.850,0.060,0.910
MONGOLIA,31052090,,0.570,0.040,0.600
MONGOLIA,31053000,,0.470,0.060,0.540
MONGOLIA,31054000,,0.290,0.040,0.330
MONGOLIA,31055100,,1.180,0.080,1.250
MONGOLIA,31055900,,0.490,0.070,0.560
MONGOLIA,31059020,,1.180,0.080,1.250
MONGOLIA,31059080,,0.590,0.040,0.630
MONTENEGRO,7601,(K),1.700,,1.700
MONTENEGRO,7603,(K),2.050,,2.050
MONTENEGRO,76041010,(K),2.280,,2.280
MONTENEGRO,76041090,(K),2.290,,2.290
MONTENEGRO,76042100,(K),2.290,,2.290
MONTENEGRO,76042910,(K),2.280,,2.280
MONTENEGRO,76042990,(K),2.290,,2.290
MONTENEGRO,7605,(K),2.280,,2.280
MONTENEGRO,7606,(K),2.730,,2.730
MONTENEGRO,7607,(K),2.730,,2.730
MONTENEGRO,7608,(K),2.290,,2.290
MONTENEGRO,76090000,(K),2.290,,2.290
MONTENEGRO,76101000,(K),2.290,,2.290
MONTENEGRO,761090,(K),2.290,,2.290
MONTENEGRO,76109010,(K),2.290,,2.290
MONTENEGRO,76109090,(K),2.290,,2.290
MONTENEGRO,76110000,(K),2.730,,2.730
MONTENEGRO,7612,(K),2.730,,2.730
MONTENEGRO,76130000,(K),2.730,,2.730
MONTENEGRO,7614,(K),2.280,,2.280
MONTENEGRO,76161000,(K),2.730,,2.730
MONTENEGRO,76169100,(K),2.730,,2.730
MONTENEGRO,76169910,(K),2.050,,2.050
MONTENEGRO,76169990,(K),2.730,,2.730
MONTENEGRO,720211,,1.690,,1.690
MONTENEGRO,720241,,2.350,,2.350
MONTENEGRO,72026000,,3.480,,3.480
MOROCCO,2523100090,(A),0.850,0.060,0.900
MOROCCO,25232100,,1.210,0.150,1.360
MOROCCO,25232900,,0.860,0.100,0.950
MOROCCO,2523900010,(B),1.250,0.200,1.450
MOROCCO,2523900090,(A),0.820,0.100,0.910
MOROCCO,28080000,,2.480,0.060,2.540
MOROCCO,28141000,,2.030,0.180,2.200
MOROCCO,28142000,,0.610,0.050,0.660
MOROCCO,28342100,,2.020,0.090,2.100
MOROCCO,3102,,see below,see below,see below
MOROCCO,31021012,,0.450,0.050,0.500
MOROCCO,31021015,,0.750,0.050,0.790
MOROCCO,31021019,,1.360,0.140,1.500
MOROCCO,31021090,,1.330,0.140,1.460
MOROCCO,31022100,,0.590,0.110,0.700
MOROCCO,31022900,,1.300,0.120,1.420
MOROCCO,31023010,,1.530,0.090,1.620
MOROCCO,31023090,,2.350,0.140,2.490
MOROCCO,31024010,,2.010,0.130,2.140
MOROCCO,31024090,,2.010,0.130,2.140
MOROCCO,31025000,,3.880,0.090,3.970
MOROCCO,31026000,,1.970,0.120,2.090
MOROCCO,31028000,,1.480,0.110,1.590
MOROCCO,31029000,,1.520,0.130,1.650
MOROCCO,3105,,see below,see below,see below
MOROCCO,31051000,,0.750,0.110,0.860
MOROCCO,31052010,,0.990,0.130,1.120
MOROCCO,31052090,,0.670,0.100,0.770
MOROCCO,31053000,,0.480,0.080,0.550
MOROCCO,31054000,,0.300,0.060,0.370
MOROCCO,31055100,,1.360,0.160,1.520
MOROCCO,31055900,,0.550,0.120,0.670
MOROCCO,31059020,,1.330,0.100,1.420
MOROCCO,31059080,,0.680,0.070,0.750
MOROCCO,7601,(L),0.360,,0.360
MOROCCO,7603,(L),0.510,,0.510
MOROCCO,76041010,(L),0.730,,0.730
MOROCCO,76041090,(L),0.750,,0.750
MOROCCO,76042100,(L),0.750,,0.750
MOROCCO,76042910,(L),0.730,,0.730
MOROCCO,76042990,(L),0.750,,0.750
MOROCCO,7605,(L),0.730,,0.730
MOROCCO,7606,(L),1.190,,1.190
MOROCCO,7607,(L),1.190,,1.190
MOROCCO,7608,(L),0.750,,0.750
MOROCCO,76090000,(L),0.750,,0.750
MOROCCO,76101000,(L),0.750,,0.750
MOROCCO,761090,(L),0.750,,0.750
MOROCCO,76109010,(L),0.750,,0.750
MOROCCO,76109090,(L),0.750,,0.750
MOROCCO,76110000,(L),1.190,,1.190
MOROCCO,7612,(L),1.190,,1.190
MOROCCO,76130000,(L),1.190,,1.190
MOROCCO,7614,(L),0.730,,0.730
MOROCCO,76161000,(L),1.190,,1.190
MOROCCO,76169100,(L),1.190,,1.190
MOROCCO,76169910,(L),0.510,,0.510
MOROCCO,76169990,(L),1.190,,1.190
MOROCCO,28041000,,10.820,,10.820
MOZAMBIQUE,7601,(K),3.198,,3.198
MOZAMBIQUE,7603,(K),3.712,,3.712
MOZAMBIQUE,76041010,(K),4.124,,4.124
MOZAMBIQUE,76041090,(K),4.161,,4.161
MOZAMBIQUE,76042100,(K),4.161,,4.161
MOZAMBIQUE,76042910,(K),4.124,,4.124
MOZAMBIQUE,76042990,(K),4.161,,4.161
MOZAMBIQUE,7605,(K),4.124,,4.124
MOZAMBIQUE,7606,(K),4.986,,4.986
MOZAMBIQUE,7607,(K),4.986,,4.986
MOZAMBIQUE,7608,(K),4.161,,4.161
MOZAMBIQUE,76090000,(K),4.161,,4.161
MOZAMBIQUE,76101000,(K),4.161,,4.161
MOZAMBIQUE,761090,(K),4.161,,4.161
MOZAMBIQUE,76109010,(K),4.161,,4.161
MOZAMBIQUE,76109090,(K),4.161,,4.161
MOZAMBIQUE,76110000,(K),4.986,,4.986
MOZAMBIQUE,7612,(K),4.986,,4.986
MOZAMBIQUE,76130000,(K),4.986,,4.986
MOZAMBIQUE,7614,(K),4.124,,4.124
MOZAMBIQUE,76161000,(K),4.986,,4.986
MOZAMBIQUE,76169100,(K),4.986,,4.986
MOZAMBIQUE,76169910,(K),3.712,,3.712
MOZAMBIQUE,76169990,(K),4.986,,4.986
MYANMAR,2523100090,(A),1.360,0.030,1.380
MYANMAR,25232900,,1.350,0.050,1.400
MYANMAR,2523900090,(A),1.280,0.050,1.330
MYANMAR,28080000,,2.140,0.030,2.170
MYANMAR,28141000,,2.100,0.110,2.200
MYANMAR,28142000,,0.630,0.030,0.660
MYANMAR,28342100,,1.800,0.050,1.860
MYANMAR,3102,,see below,see below,see below
MYANMAR,31021012,,0.480,0.030,0.500
MYANMAR,31021015,,0.790,0.030,0.820
MYANMAR,31021019,,1.430,0.080,1.520
MYANMAR,31021090,,1.400,0.080,1.480
MYANMAR,31022100,,0.620,0.060,0.680
MYANMAR,31022900,,1.220,0.070,1.290
MYANMAR,31023010,,1.370,0.050,1.420
MYANMAR,31023090,,2.110,0.080,2.190
MYANMAR,31024010,,1.820,0.080,1.890
MYANMAR,31024090,,1.820,0.080,1.890
MYANMAR,31025000,,3.340,0.050,3.390
MYANMAR,31026000,,1.770,0.070,1.840
MYANMAR,31028000,,1.400,0.060,1.460
MYANMAR,31029000,,1.480,0.080,1.560
MYANMAR,3105,,see below,see below,see below
MYANMAR,31051000,,0.720,0.060,0.780
MYANMAR,31052010,,0.900,0.080,0.980
MYANMAR,31052090,,0.610,0.060,0.670
MYANMAR,31053000,,0.490,0.050,0.540
MYANMAR,31054000,,0.320,0.040,0.350
MYANMAR,31055100,,1.240,0.090,1.330
MYANMAR,31055900,,0.570,0.090,0.660
MYANMAR,31059020,,1.200,0.060,1.260
MYANMAR,31059080,,0.620,0.040,0.660
MYANMAR,28041000,,10.820,,10.820
MYANMAR,72026000,,3.480,,3.480
MYANMAR,7205,(E)/(H),1.350,,1.350
MYANMAR,7206,,see below,see below,see below
MYANMAR,72061000,(E),0.470,,0.470
MYANMAR,72069000,(E),0.470,,0.470
MYANMAR,7207,,see below,see below,see below
MYANMAR,72071111,(E),0.470,,0.470
MYANMAR,72071114,(E),0.470,,0.470
MYANMAR,72071116,(E),0.470,,0.470
MYANMAR,72071190,(E),0.470,,0.470
MYANMAR,72071210,(E),0.470,,0.470
MYANMAR,72071290,(E),0.470,,0.470
MYANMAR,72071912,(E),0.470,,0.470
MYANMAR,72071919,(E),0.470,,0.470
MYANMAR,72071980,(E),0.470,,0.470
MYANMAR,72072011,(E),0.470,,0.470
MYANMAR,72072015,(E),0.470,,0.470
MYANMAR,72072017,(E),0.470,,0.470
MYANMAR,72072019,(E),0.470,,0.470
MYANMAR,72072032,(E),0.470,,0.470
MYANMAR,72072039,(E),0.470,,0.470
MYANMAR,72072052,(E),0.470,,0.470
MYANMAR,72072059,(E),0.470,,0.470
MYANMAR,72072080,(E),0.470,,0.470
MYANMAR,7208,(E),0.470,,0.470
MYANMAR,7209,(E),0.470,,0.470
MYANMAR,7210,(E),0.470,,0.470
MYANMAR,7211,,see below,see below,see below
MYANMAR,72111300,(E),0.470,,0.470
MYANMAR,72111400,(E),0.470,,0.470
MYANMAR,72111900,(E),0.470,,0.470
MYANMAR,721123,(E),0.470,,0.470
MYANMAR,72112900,(E),0.470,,0.470
MYANMAR,721190,(E),0.470,,0.470
MYANMAR,7212,(E),0.470,,0.470
MYANMAR,7213,(E),0.470,,0.470
MYANMAR,7214,,see below,see below,see below
MYANMAR,72141000,(E),0.470,,0.470
MYANMAR,72142000,(E),0.470,,0.470
MYANMAR,72143000,(E),0.470,,0.470
MYANMAR,721491,(E),0.470,,0.470
MYANMAR,721499,(E),0.470,,0.470
MYANMAR,7215,(E),0.470,,0.470
MYANMAR,7216,(E),0.470,,0.470
MYANMAR,7217,,see below,see below,see below
MYANMAR,721710,(E),0.470,,0.470
MYANMAR,721720,(E),0.470,,0.470
MYANMAR,721730,(E),0.470,,0.470
MYANMAR,721790,(E),0.470,,0.470
MYANMAR,7218,,see below,see below,see below
MYANMAR,72181000,,3.130,,3.130
MYANMAR,721891,,3.130,,3.130
MYANMAR,72189911,,3.130,,3.130
MYANMAR,72189919,,3.130,,3.130
MYANMAR,72189920,,3.130,,3.130
MYANMAR,72189980,,3.130,,3.130
MYANMAR,7219,,see below,see below,see below
MYANMAR,72191100,,3.130,,3.130
MYANMAR,721912,,3.130,,3.130
MYANMAR,721913,,3.130,,3.130
MYANMAR,721914,,3.130,,3.130
MYANMAR,721921,,3.130,,3.130
MYANMAR,721922,,3.130,,3.130
MYANMAR,72192300,,3.130,,3.130
MYANMAR,72192400,,3.130,,3.130
MYANMAR,72193100,,3.130,,3.130
MYANMAR,721932,,3.130,,3.130
MYANMAR,721933,,3.130,,3.130
MYANMAR,721934,,3.130,,3.130
MYANMAR,721935,,3.130,,3.130
MYANMAR,721990,,3.130,,3.130
MYANMAR,7220,,see below,see below,see below
MYANMAR,72201100,,3.130,,3.130
MYANMAR,72201200,,3.130,,3.130
MYANMAR,722020,,3.130,,3.130
MYANMAR,722090,,3.130,,3.130
MYANMAR,7221,,3.130,,3.130
MYANMAR,7222,,see below,see below,see below
MYANMAR,722211,,3.130,,3.130
MYANMAR,722219,,3.130,,3.130
MYANMAR,722220,,3.130,,3.130
MYANMAR,722230,,3.130,,3.130
MYANMAR,722240,,3.130,,3.130
MYANMAR,7223,,see below,see below,see below
MYANMAR,722300,,3.130,,3.130
MYANMAR,7224,,see below,see below,see below
MYANMAR,722410,(H),3.390,,3.390
MYANMAR,72249002,(H),3.400,,3.400
MYANMAR,72249003,(H),3.400,,3.400
MYANMAR,72249005,(H),3.400,,3.400
MYANMAR,72249007,(H),3.400,,3.400
MYANMAR,72249014,(H),3.400,,3.400
MYANMAR,72249018,(H),3.390,,3.390
MYANMAR,72249031,(H),3.400,,3.400
MYANMAR,72249038,(H),3.400,,3.400
MYANMAR,72249090,(H),3.390,,3.390
MYANMAR,7225,,see below,see below,see below
MYANMAR,72251100,(E),4.530,,4.530
MYANMAR,72251910,(E),3.400,,3.400
MYANMAR,72251990,(E),3.400,,3.400
MYANMAR,722530,(H),3.400,,3.400
MYANMAR,722540,(H),3.400,,3.400
MYANMAR,722550,(H),3.400,,3.400
MYANMAR,72259100,(H),3.400,,3.400
MYANMAR,72259200,(H),3.400,,3.400
MYANMAR,72259900,(H),3.400,,3.400
MYANMAR,7226,,see below,see below,see below
MYANMAR,72261100,(E),4.530,,4.530
MYANMAR,72261910,(E),3.400,,3.400
MYANMAR,72261980,(E),3.400,,3.400
MYANMAR,72262000,(H),3.400,,3.400
MYANMAR,722691,(H),3.400,,3.400
MYANMAR,72269200,(H),3.400,,3.400
MYANMAR,722699,(H),3.400,,3.400
MYANMAR,7227,(E)/(H),3.400,,3.400
MYANMAR,7228,,see below,see below,see below
MYANMAR,72281020,(H),3.400,,3.400
MYANMAR,72281050,(H),3.390,,3.390
MYANMAR,72281090,(H),3.400,,3.400
MYANMAR,722820,(H),3.400,,3.400
MYANMAR,722830,(E)/(H),3.400,,3.400
MYANMAR,722840,(H),3.390,,3.390
MYANMAR,722850,(E)/(H),3.400,,3.400
MYANMAR,722860,(H),3.400,,3.400
MYANMAR,722870,(H),3.400,,3.400
MYANMAR,72288000,(H),3.400,,3.400
MYANMAR,7229,(E)/(H),3.400,,3.400
MYANMAR,7301,(E),0.520,,0.520
MYANMAR,7302,(E),2.510,,2.510
MYANMAR,7303,,see below,see below,see below
MYANMAR,730300,,1.350,,1.350
MYANMAR,7304,,see below,see below,see below
MYANMAR,73041100,,3.130,,3.130
MYANMAR,730419,(E),0.560,,0.560
MYANMAR,73042200,,3.130,,3.130
MYANMAR,73042300,(E),0.560,,0.560
MYANMAR,73042400,,3.130,,3.130
MYANMAR,730429,(E),0.560,,0.560
MYANMAR,730431,(E),0.560,,0.560
MYANMAR,730439,(E),0.560,,0.560
MYANMAR,73044100,,3.130,,3.130
MYANMAR,730449,,3.130,,3.130
MYANMAR,730451,(H),0.560,,0.560
MYANMAR,730459,(E)/(H),0.560,,0.560
MYANMAR,73049000,(E),0.560,,0.560
MYANMAR,7305,(E),0.560,,0.560
MYANMAR,7306,,see below,see below,see below
MYANMAR,73061100,,3.130,,3.130
MYANMAR,73061900,(E),0.560,,0.560
MYANMAR,73062100,,3.130,,3.130
MYANMAR,73062900,(E),0.560,,0.560
MYANMAR,73063012,(E),0.560,,0.560
MYANMAR,73063018,(E),0.560,,0.560
MYANMAR,73063041,(E),0.560,,0.560
MYANMAR,73063049,(E),0.560,,0.560
MYANMAR,73063072,(E),0.560,,0.560
MYANMAR,73063077,(E),0.560,,0.560
MYANMAR,73063080,(E),0.560,,0.560
MYANMAR,73064020,,3.130,,3.130
MYANMAR,73064080,,3.130,,3.130
MYANMAR,73065021,(H),0.560,,0.560
MYANMAR,73065029,(H),0.560,,0.560
MYANMAR,73065080,(H),0.560,,0.560
MYANMAR,73066110,,3.130,,3.130
MYANMAR,73066192,(E),0.560,,0.560
MYANMAR,73066199,(E),0.560,,0.560
MYANMAR,73066910,,3.130,,3.130
MYANMAR,73066990,(E),0.560,,0.560
MYANMAR,73069000,(E),0.560,,0.560
MYANMAR,7307,,see below,see below,see below
MYANMAR,730711,,1.350,,1.350
MYANMAR,73071910,,1.350,,1.350
MYANMAR,73071990,(E),0.470,,0.470
MYANMAR,73072100,,2.640,,2.640
MYANMAR,730722,,2.640,,2.640
MYANMAR,730723,,2.640,,2.640
MYANMAR,730729,,2.640,,2.640
MYANMAR,73079100,(E),0.470,,0.470
MYANMAR,730792,(E),0.470,,0.470
MYANMAR,730793,(E),0.470,,0.470
MYANMAR,730799,(E),0.470,,0.470
MYANMAR,7308,(E),2.700,,2.700
MYANMAR,7309,(E),3.100,,3.100
MYANMAR,7310,(E),0.570,,0.570
MYANMAR,7311,,see below,see below,see below
MYANMAR,731100,(E),3.100,,3.100
MYANMAR,7318,,see below,see below,see below
MYANMAR,73181100,(E),0.470,,0.470
MYANMAR,73181210,,3.130,,3.130
MYANMAR,73181290,(E),0.470,,0.470
MYANMAR,73181300,(E),0.470,,0.470
MYANMAR,73181410,,3.130,,3.130
MYANMAR,73181491,(E),0.470,,0.470
MYANMAR,73181499,(E),0.470,,0.470
MYANMAR,731815,(E),2.300,,2.300
MYANMAR,731816,(E),2.900,,2.900
MYANMAR,73181900,(E),0.470,,0.470
MYANMAR,73182100,(E),0.470,,0.470
MYANMAR,73182200,(E),1.290,,1.290
MYANMAR,73182300,(E),1.040,,1.040
MYANMAR,73182400,(E),0.470,,0.470
MYANMAR,73182900,(E),0.470,,0.470
MYANMAR,7326,,see below,see below,see below
MYANMAR,73261100,(E),0.470,,0.470
MYANMAR,732619,(E),0.470,,0.470
MYANMAR,73262000,(E),0.470,,0.470
MYANMAR,73269030,(E),0.470,,0.470
MYANMAR,73269040,(E),0.470,,0.470
MYANMAR,73269050,(E),0.470,,0.470
MYANMAR,73269060,(E),0.470,,0.470
MYANMAR,73269092,(E),0.470,,0.470
MYANMAR,73269094,(E),0.470,,0.470
MYANMAR,73269096,(E),0.470,,0.470
MYANMAR,73269098,(E),0.470,,0.470
NAMIBIA,2523100090,(A),0.880,0.000,0.880
NAMIBIA,25232900,,0.880,0.010,0.890
NAMIBIA,2523900090,(A),0.840,0.010,0.850
NEPAL,28080000,,1.770,0.070,1.840
NEPAL,28142000,,0.700,0.060,0.770
NEPAL,28342100,,1.610,0.090,1.700
NEPAL,3102,,see below,see below,see below
NEPAL,31021012,,0.520,0.050,0.570
NEPAL,31021015,,0.860,0.050,0.910
NEPAL,31021019,,1.570,0.140,1.720
NEPAL,31021090,,1.540,0.140,1.680
NEPAL,31022100,,0.680,0.090,0.770
NEPAL,31022900,,1.170,0.100,1.270
NEPAL,31023010,,1.220,0.080,1.310
NEPAL,31023090,,1.880,0.130,2.010
NEPAL,31024010,,1.630,0.110,1.740
NEPAL,31024090,,1.630,0.110,1.740
NEPAL,31025000,,2.760,0.110,2.870
NEPAL,31026000,,1.580,0.110,1.690
NEPAL,31028000,,1.340,0.100,1.440
NEPAL,31029000,,1.490,0.120,1.610
NEPAL,3105,,see below,see below,see below
NEPAL,31051000,,0.700,0.080,0.780
NEPAL,31052010,,0.820,0.090,0.910
NEPAL,31052090,,0.560,0.070,0.630
NEPAL,31053000,,0.550,0.070,0.610
NEPAL,31054000,,0.350,0.050,0.400
NEPAL,31055100,,1.120,0.110,1.240
NEPAL,31055900,,0.630,0.110,0.740
NEPAL,31059020,,1.080,0.080,1.170
NEPAL,31059080,,0.560,0.050,0.610
NEW CALEDONIA AND DEPENDENCIES,72026000,,3.480,,3.480
NEW ZEALAND,2523100090,(A),0.870,0.010,0.880
NEW ZEALAND,25232900,,0.890,0.030,0.920
NEW ZEALAND,2523900090,(A),0.850,0.030,0.880
NEW ZEALAND,28080000,,1.590,0.030,1.620
NEW ZEALAND,28141000,,1.760,0.040,1.800
NEW ZEALAND,28142000,,0.530,0.010,0.540
NEW ZEALAND,28342100,,1.380,0.030,1.420
NEW ZEALAND,3102,,see below,see below,see below
NEW ZEALAND,31021012,,0.400,0.010,0.420
NEW ZEALAND,31021015,,0.670,0.010,0.680
NEW ZEALAND,31021019,,1.220,0.040,1.250
NEW ZEALAND,31021090,,1.190,0.040,1.230
NEW ZEALAND,31022100,,0.530,0.030,0.550
NEW ZEALAND,31022900,,0.970,0.040,1.000
NEW ZEALAND,31023010,,1.050,0.030,1.090
NEW ZEALAND,31023090,,1.620,0.050,1.670
NEW ZEALAND,31024010,,1.400,0.040,1.450
NEW ZEALAND,31024090,,1.400,0.040,1.450
NEW ZEALAND,31025000,,2.480,0.050,2.530
NEW ZEALAND,31026000,,1.360,0.040,1.400
NEW ZEALAND,31028000,,1.110,0.040,1.140
NEW ZEALAND,31029000,,1.210,0.040,1.240
NEW ZEALAND,3105,,see below,see below,see below
NEW ZEALAND,31051000,,0.570,0.030,0.610
NEW ZEALAND,31052010,,0.710,0.040,0.750
NEW ZEALAND,31052090,,0.480,0.030,0.510
NEW ZEALAND,31053000,,0.420,0.020,0.440
NEW ZEALAND,31054000,,0.270,0.020,0.290
NEW ZEALAND,31055100,,0.960,0.050,1.010
NEW ZEALAND,31055900,,0.490,0.060,0.550
NEW ZEALAND,31059020,,0.930,0.030,0.960
NEW ZEALAND,31059080,,0.480,0.020,0.500
NEW ZEALAND,7601,(K),1.700,,1.700
NEW ZEALAND,7603,(K),1.810,,1.810
NEW ZEALAND,76041010,(K),2.030,,2.030
NEW ZEALAND,76041090,(K),2.050,,2.050
NEW ZEALAND,76042100,(K),2.050,,2.050
NEW ZEALAND,76042910,(K),2.030,,2.030
NEW ZEALAND,76042990,(K),2.050,,2.050
NEW ZEALAND,7605,(K),2.030,,2.030
NEW ZEALAND,7606,(K),2.490,,2.490
NEW ZEALAND,7607,(K),2.490,,2.490
NEW ZEALAND,7608,(K),2.050,,2.050
NEW ZEALAND,76090000,(K),2.050,,2.050
NEW ZEALAND,76101000,(K),2.050,,2.050
NEW ZEALAND,761090,(K),2.050,,2.050
NEW ZEALAND,76109010,(K),2.050,,2.050
NEW ZEALAND,76109090,(K),2.050,,2.050
NEW ZEALAND,76110000,(K),2.490,,2.490
NEW ZEALAND,7612,(K),2.490,,2.490
NEW ZEALAND,76130000,(K),2.490,,2.490
NEW ZEALAND,7614,(K),2.030,,2.030
NEW ZEALAND,76161000,(K),2.490,,2.490
NEW ZEALAND,76169100,(K),2.490,,2.490
NEW ZEALAND,76169910,(K),1.810,,1.810
NEW ZEALAND,76169990,(K),2.490,,2.490
NEW ZEALAND,28041000,,10.820,,10.820
NEW ZEALAND,26011200,,0.070,0.040,0.100
NEW ZEALAND,7201,,2.310,,2.310
NEW ZEALAND,7205,(C)/(F),2.320,,2.320
NEW ZEALAND,7206,,see below,see below,see below
NEW ZEALAND,72061000,(C),2.410,,2.410
NEW ZEALAND,72069000,(C),2.410,,2.410
NEW ZEALAND,7207,,see below,see below,see below
NEW ZEALAND,72071111,(C),2.410,,2.410
NEW ZEALAND,72071114,(C),2.410,,2.410
NEW ZEALAND,72071116,(C),2.410,,2.410
NEW ZEALAND,72071190,(C),2.410,,2.410
NEW ZEALAND,72071210,(C),2.410,,2.410
NEW ZEALAND,72071290,(C),2.410,,2.410
NEW ZEALAND,72071912,(C),2.410,,2.410
NEW ZEALAND,72071919,(C),2.410,,2.410
NEW ZEALAND,72071980,(C),2.410,,2.410
NEW ZEALAND,72072011,(C),2.410,,2.410
NEW ZEALAND,72072015,(C),2.410,,2.410
NEW ZEALAND,72072017,(C),2.410,,2.410
NEW ZEALAND,72072019,(C),2.410,,2.410
NEW ZEALAND,72072032,(C),2.410,,2.410
NEW ZEALAND,72072039,(C),2.410,,2.410
NEW ZEALAND,72072052,(C),2.410,,2.410
NEW ZEALAND,72072059,(C),2.410,,2.410
NEW ZEALAND,72072080,(C),2.410,,2.410
NEW ZEALAND,7208,(C),2.420,,2.420
NEW ZEALAND,7209,(C),2.430,,2.430
NEW ZEALAND,7210,(C),2.430,,2.430
NEW ZEALAND,7211,,see below,see below,see below
NEW ZEALAND,72111300,(C),2.420,,2.420
NEW ZEALAND,72111400,(C),2.420,,2.420
NEW ZEALAND,72111900,(C),2.420,,2.420
NEW ZEALAND,721123,(C),2.430,,2.430
NEW ZEALAND,72112900,(C),2.430,,2.430
NEW ZEALAND,721190,(C),2.430,,2.430
NEW ZEALAND,7212,(C),2.430,,2.430
NEW ZEALAND,7213,(C),2.410,,2.410
NEW ZEALAND,7214,,see below,see below,see below
NEW ZEALAND,72141000,(C),2.410,,2.410
NEW ZEALAND,72142000,(C),2.410,,2.410
NEW ZEALAND,72143000,(C),2.410,,2.410
NEW ZEALAND,721491,(C),2.410,,2.410
NEW ZEALAND,721499,(C),2.410,,2.410
NEW ZEALAND,7215,(C),2.410,,2.410
NEW ZEALAND,7216,(C),2.410,,2.410
NEW ZEALAND,7217,,see below,see below,see below
NEW ZEALAND,721710,(C),2.410,,2.410
NEW ZEALAND,721720,(C),2.410,,2.410
NEW ZEALAND,721730,(C),2.410,,2.410
NEW ZEALAND,721790,(C),2.410,,2.410
NEW ZEALAND,7218,,see below,see below,see below
NEW ZEALAND,72181000,,3.360,,3.360
NEW ZEALAND,721891,,3.380,,3.380
NEW ZEALAND,72189911,,3.380,,3.380
NEW ZEALAND,72189919,,3.360,,3.360
NEW ZEALAND,72189920,,3.380,,3.380
NEW ZEALAND,72189980,,3.360,,3.360
NEW ZEALAND,7219,,see below,see below,see below
NEW ZEALAND,72191100,,3.380,,3.380
NEW ZEALAND,721912,,3.380,,3.380
NEW ZEALAND,721913,,3.380,,3.380
NEW ZEALAND,721914,,3.380,,3.380
NEW ZEALAND,721921,,3.380,,3.380
NEW ZEALAND,721922,,3.380,,3.380
NEW ZEALAND,72192300,,3.380,,3.380
NEW ZEALAND,72192400,,3.380,,3.380
NEW ZEALAND,72193100,,3.390,,3.390
NEW ZEALAND,721932,,3.390,,3.390
NEW ZEALAND,721933,,3.390,,3.390
NEW ZEALAND,721934,,3.390,,3.390
NEW ZEALAND,721935,,3.390,,3.390
NEW ZEALAND,721990,,3.390,,3.390
NEW ZEALAND,7220,,see below,see below,see below
NEW ZEALAND,72201100,,3.380,,3.380
NEW ZEALAND,72201200,,3.380,,3.380
NEW ZEALAND,722020,,3.390,,3.390
NEW ZEALAND,722090,,3.390,,3.390
NEW ZEALAND,7221,,3.360,,3.360
NEW ZEALAND,7222,,see below,see below,see below
NEW ZEALAND,722211,,3.360,,3.360
NEW ZEALAND,722219,,3.360,,3.360
NEW ZEALAND,722220,,3.360,,3.360
NEW ZEALAND,722230,,3.360,,3.360
NEW ZEALAND,722240,,3.360,,3.360
NEW ZEALAND,7223,,see below,see below,see below
NEW ZEALAND,722300,,3.360,,3.360
NEW ZEALAND,7224,,see below,see below,see below
NEW ZEALAND,722410,(F),3.500,,3.500
NEW ZEALAND,72249002,(F),3.520,,3.520
NEW ZEALAND,72249003,(F),3.520,,3.520
NEW ZEALAND,72249005,(F),3.520,,3.520
NEW ZEALAND,72249007,(F),3.520,,3.520
NEW ZEALAND,72249014,(F),3.520,,3.520
NEW ZEALAND,72249018,(F),3.500,,3.500
NEW ZEALAND,72249031,(F),3.520,,3.520
NEW ZEALAND,72249038,(F),3.520,,3.520
NEW ZEALAND,72249090,(F),3.500,,3.500
NEW ZEALAND,7225,,see below,see below,see below
NEW ZEALAND,72251100,(C),4.660,,4.660
NEW ZEALAND,72251910,(C),3.520,,3.520
NEW ZEALAND,72251990,(C),3.530,,3.530
NEW ZEALAND,722530,(F),3.520,,3.520
NEW ZEALAND,722540,(F),3.520,,3.520
NEW ZEALAND,722550,(F),3.530,,3.530
NEW ZEALAND,72259100,(F),3.530,,3.530
NEW ZEALAND,72259200,(F),3.530,,3.530
NEW ZEALAND,72259900,(F),3.530,,3.530
NEW ZEALAND,7226,,see below,see below,see below
NEW ZEALAND,72261100,(C),4.660,,4.660
NEW ZEALAND,72261910,(C),3.520,,3.520
NEW ZEALAND,72261980,(C),3.530,,3.530
NEW ZEALAND,72262000,(F),3.520,,3.520
NEW ZEALAND,722691,(F),3.520,,3.520
NEW ZEALAND,72269200,(F),3.530,,3.530
NEW ZEALAND,722699,(F),3.530,,3.530
NEW ZEALAND,7227,(C)/(F),3.500,,3.500
NEW ZEALAND,7228,,see below,see below,see below
NEW ZEALAND,72281020,(F),3.500,,3.500
NEW ZEALAND,72281050,(F),3.500,,3.500
NEW ZEALAND,72281090,(F),3.500,,3.500
NEW ZEALAND,722820,(F),3.500,,3.500
NEW ZEALAND,722830,(C)/(F),3.500,,3.500
NEW ZEALAND,722840,(F),3.500,,3.500
NEW ZEALAND,722850,(C)/(F),3.500,,3.500
NEW ZEALAND,722860,(F),3.500,,3.500
NEW ZEALAND,722870,(F),3.500,,3.500
NEW ZEALAND,72288000,(F),3.500,,3.500
NEW ZEALAND,7229,(C)/(F),3.500,,3.500
NEW ZEALAND,7301,(C),2.430,,2.430
NEW ZEALAND,7302,(C),3.060,,3.060
NEW ZEALAND,7303,,see below,see below,see below
NEW ZEALAND,730300,,2.310,,2.310
NEW ZEALAND,7304,,see below,see below,see below
NEW ZEALAND,73041100,,3.360,,3.360
NEW ZEALAND,730419,(C),2.410,,2.410
NEW ZEALAND,73042200,,3.360,,3.360
NEW ZEALAND,73042300,(C),2.410,,2.410
NEW ZEALAND,73042400,,3.360,,3.360
NEW ZEALAND,730429,(C),2.410,,2.410
NEW ZEALAND,730431,(C),2.410,,2.410
NEW ZEALAND,730439,(C),2.410,,2.410
NEW ZEALAND,73044100,,3.360,,3.360
NEW ZEALAND,730449,,3.360,,3.360
NEW ZEALAND,730451,(F),2.360,,2.360
NEW ZEALAND,730459,(C)/(F),2.360,,2.360
NEW ZEALAND,73049000,(C),2.410,,2.410
NEW ZEALAND,7305,(C),2.430,,2.430
NEW ZEALAND,7306,,see below,see below,see below
NEW ZEALAND,73061100,,3.390,,3.390
NEW ZEALAND,73061900,(C),2.430,,2.430
NEW ZEALAND,73062100,,3.390,,3.390
NEW ZEALAND,73062900,(C),2.430,,2.430
NEW ZEALAND,73063012,(C),2.430,,2.430
NEW ZEALAND,73063018,(C),2.420,,2.420
NEW ZEALAND,73063041,(C),2.430,,2.430
NEW ZEALAND,73063049,(C),2.430,,2.430
NEW ZEALAND,73063072,(C),2.430,,2.430
NEW ZEALAND,73063077,(C),2.430,,2.430
NEW ZEALAND,73063080,(C),2.430,,2.430
NEW ZEALAND,73064020,,3.390,,3.390
NEW ZEALAND,73064080,,3.380,,3.380
NEW ZEALAND,73065021,(F),2.410,,2.410
NEW ZEALAND,73065029,(F),2.400,,2.400
NEW ZEALAND,73065080,(F),2.410,,2.410
NEW ZEALAND,73066110,,3.390,,3.390
NEW ZEALAND,73066192,(C),2.430,,2.430
NEW ZEALAND,73066199,(C),2.430,,2.430
NEW ZEALAND,73066910,,3.390,,3.390
NEW ZEALAND,73066990,(C),2.430,,2.430
NEW ZEALAND,73069000,(C),2.430,,2.430
NEW ZEALAND,7307,,see below,see below,see below
NEW ZEALAND,730711,,2.310,,2.310
NEW ZEALAND,73071910,,2.310,,2.310
NEW ZEALAND,73071990,(C),2.410,,2.410
NEW ZEALAND,73072100,,2.820,,2.820
NEW ZEALAND,730722,,2.820,,2.820
NEW ZEALAND,730723,,2.820,,2.820
NEW ZEALAND,730729,,2.820,,2.820
NEW ZEALAND,73079100,(C),2.410,,2.410
NEW ZEALAND,730792,(C),2.410,,2.410
NEW ZEALAND,730793,(C),2.410,,2.410
NEW ZEALAND,730799,(C),2.410,,2.410
NEW ZEALAND,7308,(C),2.900,,2.900
NEW ZEALAND,7309,(C),3.040,,3.040
NEW ZEALAND,7310,(C),2.430,,2.430
NEW ZEALAND,7311,,see below,see below,see below
NEW ZEALAND,731100,(C),3.020,,3.020
NEW ZEALAND,7318,,see below,see below,see below
NEW ZEALAND,73181100,(C),2.410,,2.410
NEW ZEALAND,73181210,,3.360,,3.360
NEW ZEALAND,73181290,(C),2.410,,2.410
NEW ZEALAND,73181300,(C),2.410,,2.410
NEW ZEALAND,73181410,,3.360,,3.360
NEW ZEALAND,73181491,(C),2.410,,2.410
NEW ZEALAND,73181499,(C),2.410,,2.410
NEW ZEALAND,731815,(C),2.820,,2.820
NEW ZEALAND,731816,(C),3.020,,3.020
NEW ZEALAND,73181900,(C),2.410,,2.410
NEW ZEALAND,73182100,(C),2.410,,2.410
NEW ZEALAND,73182200,(C),2.470,,2.470
NEW ZEALAND,73182300,(C),2.410,,2.410
NEW ZEALAND,73182400,(C),2.410,,2.410
NEW ZEALAND,73182900,(C),2.410,,2.410
NEW ZEALAND,7326,,see below,see below,see below
NEW ZEALAND,73261100,(C),2.410,,2.410
NEW ZEALAND,732619,(C),2.410,,2.410
NEW ZEALAND,73262000,(C),2.410,,2.410
NEW ZEALAND,73269030,(C),2.410,,2.410
NEW ZEALAND,73269040,(C),2.410,,2.410
NEW ZEALAND,73269050,(C),2.410,,2.410
NEW ZEALAND,73269060,(C),2.410,,2.410
NEW ZEALAND,73269092,(C),2.410,,2.410
NEW ZEALAND,73269094,(C),2.410,,2.410
NEW ZEALAND,73269096,(C),2.410,,2.410
NEW ZEALAND,73269098,(C),2.430,,2.430
NICARAGUA,28080000,,1.810,0.070,1.880
NICARAGUA,28142000,,0.680,0.070,0.750
NICARAGUA,28342100,,1.620,0.110,1.730
NICARAGUA,3102,,see below,see below,see below
NICARAGUA,31021012,,0.510,0.060,0.570
NICARAGUA,31021015,,0.840,0.060,0.900
NICARAGUA,31021019,,1.530,0.180,1.700
NICARAGUA,31021090,,1.500,0.170,1.670
NICARAGUA,31022100,,0.660,0.130,0.790
NICARAGUA,31022900,,1.160,0.140,1.300
NICARAGUA,31023010,,1.230,0.110,1.340
NICARAGUA,31023090,,1.900,0.170,2.060
NICARAGUA,31024010,,1.640,0.160,1.800
NICARAGUA,31024090,,1.640,0.160,1.800
NICARAGUA,31025000,,2.820,0.120,2.940
NICARAGUA,31026000,,1.590,0.150,1.740
NICARAGUA,31028000,,1.330,0.140,1.470
NICARAGUA,31029000,,1.470,0.160,1.630
NICARAGUA,3105,,see below,see below,see below
NICARAGUA,31051000,,0.690,0.130,0.820
NICARAGUA,31052010,,0.830,0.150,0.980
NICARAGUA,31052090,,0.560,0.120,0.680
NICARAGUA,31053000,,0.530,0.100,0.630
NICARAGUA,31054000,,0.340,0.080,0.410
NICARAGUA,31055100,,1.130,0.190,1.320
NICARAGUA,31055900,,0.610,0.140,0.750
NICARAGUA,31059020,,1.090,0.120,1.210
NICARAGUA,31059080,,0.560,0.080,0.640
NICARAGUA,7601,(L),0.360,,0.360
NICARAGUA,7603,(L),0.470,,0.470
NICARAGUA,76041010,(L),0.690,,0.690
NICARAGUA,76041090,(L),0.710,,0.710
NICARAGUA,76042100,(L),0.710,,0.710
NICARAGUA,76042910,(L),0.690,,0.690
NICARAGUA,76042990,(L),0.710,,0.710
NICARAGUA,7605,(L),0.690,,0.690
NICARAGUA,7606,(L),1.150,,1.150
NICARAGUA,7607,(L),1.150,,1.150
NICARAGUA,7608,(L),0.710,,0.710
NICARAGUA,76090000,(L),0.710,,0.710
NICARAGUA,76101000,(L),0.710,,0.710
NICARAGUA,761090,(L),0.710,,0.710
NICARAGUA,76109010,(L),0.710,,0.710
NICARAGUA,76109090,(L),0.710,,0.710
NICARAGUA,76110000,(L),1.150,,1.150
NICARAGUA,7612,(L),1.150,,1.150
NICARAGUA,76130000,(L),1.150,,1.150
NICARAGUA,7614,(L),0.690,,0.690
NICARAGUA,76161000,(L),1.150,,1.150
NICARAGUA,76169100,(L),1.150,,1.150
NICARAGUA,76169910,(L),0.470,,0.470
NICARAGUA,76169990,(L),1.150,,1.150
NICARAGUA,28041000,,10.820,,10.820
NIGER,2523100090,(A),1.240,0.080,1.320
NIGER,25232900,,1.220,0.130,1.350
NIGER,2523900090,(A),1.160,0.130,1.290
NIGER,28041000,,14.030,,14.030
NIGERIA,2523100090,(A),1.240,0.030,1.280
NIGERIA,25232900,,1.240,0.050,1.300
NIGERIA,2523900090,(A),1.180,0.060,1.240
NIGERIA,28080000,,1.610,0.030,1.650
NIGERIA,28141000,,2.010,0.100,2.110
NIGERIA,28142000,,0.600,0.030,0.630
NIGERIA,28342100,,1.450,0.050,1.500
NIGERIA,3102,,see below,see below,see below
NIGERIA,31021012,,0.460,0.030,0.490
NIGERIA,31021015,,0.760,0.030,0.790
NIGERIA,31021019,,1.380,0.080,1.460
NIGERIA,31021090,,1.350,0.080,1.430
NIGERIA,31022100,,0.600,0.060,0.660
NIGERIA,31022900,,1.040,0.070,1.110
NIGERIA,31023010,,1.100,0.050,1.150
NIGERIA,31023090,,1.700,0.080,1.770
NIGERIA,31024010,,1.470,0.070,1.540
NIGERIA,31024090,,1.470,0.070,1.540
NIGERIA,31025000,,2.520,0.050,2.570
NIGERIA,31026000,,1.420,0.070,1.490
NIGERIA,31028000,,1.200,0.060,1.260
NIGERIA,31029000,,1.320,0.070,1.400
NIGERIA,3105,,see below,see below,see below
NIGERIA,31051000,,0.620,0.060,0.680
NIGERIA,31052010,,0.750,0.070,0.820
NIGERIA,31052090,,0.510,0.060,0.570
NIGERIA,31053000,,0.470,0.040,0.520
NIGERIA,31054000,,0.300,0.040,0.340
NIGERIA,31055100,,1.010,0.090,1.100
NIGERIA,31055900,,0.550,0.080,0.640
NIGERIA,31059020,,0.980,0.050,1.030
NIGERIA,31059080,,0.510,0.040,0.540
NIGERIA,7601,(L),0.360,,0.360
NIGERIA,7603,(L),1.100,,1.100
NIGERIA,76041010,(L),1.330,,1.330
NIGERIA,76041090,(L),1.340,,1.340
NIGERIA,76042100,(L),1.340,,1.340
NIGERIA,76042910,(L),1.330,,1.330
NIGERIA,76042990,(L),1.340,,1.340
NIGERIA,7605,(L),1.330,,1.330
NIGERIA,7606,(L),1.790,,1.790
NIGERIA,7607,(L),1.790,,1.790
NIGERIA,7608,(L),1.340,,1.340
NIGERIA,76090000,(L),1.340,,1.340
NIGERIA,76101000,(L),1.340,,1.340
NIGERIA,761090,(L),1.340,,1.340
NIGERIA,76109010,(L),1.340,,1.340
NIGERIA,76109090,(L),1.340,,1.340
NIGERIA,76110000,(L),1.790,,1.790
NIGERIA,7612,(L),1.790,,1.790
NIGERIA,76130000,(L),1.790,,1.790
NIGERIA,7614,(L),1.330,,1.330
NIGERIA,76161000,(L),1.790,,1.790
NIGERIA,76169100,(L),1.790,,1.790
NIGERIA,76169910,(L),1.100,,1.100
NIGERIA,76169990,(L),1.790,,1.790
NIGERIA,28041000,,10.820,,10.820
NORTH MACEDONIA,2523100090,(A),0.850,0.050,0.910
NORTH MACEDONIA,25232900,,0.870,0.090,0.960
NORTH MACEDONIA,2523900090,(A),0.830,0.090,0.920
NORTH MACEDONIA,28080000,,2.740,0.060,2.790
NORTH MACEDONIA,28142000,,0.650,0.050,0.700
NORTH MACEDONIA,28342100,,2.190,0.080,2.270
NORTH MACEDONIA,3102,,see below,see below,see below
NORTH MACEDONIA,31021012,,0.440,0.040,0.480
NORTH MACEDONIA,31021015,,0.720,0.040,0.770
NORTH MACEDONIA,31021019,,1.310,0.140,1.450
NORTH MACEDONIA,31021090,,1.280,0.130,1.420
NORTH MACEDONIA,31022100,,0.600,0.100,0.700
NORTH MACEDONIA,31022900,,1.380,0.110,1.500
NORTH MACEDONIA,31023010,,1.650,0.090,1.740
NORTH MACEDONIA,31023090,,2.540,0.130,2.670
NORTH MACEDONIA,31024010,,2.150,0.120,2.270
NORTH MACEDONIA,31024090,,2.150,0.120,2.270
NORTH MACEDONIA,31025000,,4.270,0.090,4.360
NORTH MACEDONIA,31026000,,2.130,0.120,2.240
NORTH MACEDONIA,31028000,,1.550,0.100,1.660
NORTH MACEDONIA,31029000,,1.560,0.120,1.680
NORTH MACEDONIA,3105,,see below,see below,see below
NORTH MACEDONIA,31051000,,0.790,0.100,0.890
NORTH MACEDONIA,31052010,,1.050,0.120,1.170
NORTH MACEDONIA,31052090,,0.710,0.090,0.800
NORTH MACEDONIA,31053000,,0.500,0.080,0.570
NORTH MACEDONIA,31054000,,0.320,0.060,0.380
NORTH MACEDONIA,31055100,,1.440,0.150,1.590
NORTH MACEDONIA,31055900,,0.560,0.110,0.670
NORTH MACEDONIA,31059020,,1.430,0.090,1.520
NORTH MACEDONIA,31059080,,0.730,0.060,0.790
NORTH MACEDONIA,28041000,,10.820,,10.820
NORTH MACEDONIA,720211,,1.690,,1.690
NORTH MACEDONIA,720241,,2.350,,2.350
NORTH MACEDONIA,72026000,,3.480,,3.480
NORTH MACEDONIA,7205,(E)/(H),1.630,,1.630
NORTH MACEDONIA,7206,,see below,see below,see below
NORTH MACEDONIA,72061000,(E),1.510,,1.510
NORTH MACEDONIA,72069000,(E),1.530,,1.530
NORTH MACEDONIA,7207,,see below,see below,see below
NORTH MACEDONIA,72071111,(E),1.530,,1.530
NORTH MACEDONIA,72071114,(E),1.530,,1.530
NORTH MACEDONIA,72071116,(E),1.530,,1.530
NORTH MACEDONIA,72071190,(E),1.510,,1.510
NORTH MACEDONIA,72071210,(E),1.530,,1.530
NORTH MACEDONIA,72071290,(E),1.510,,1.510
NORTH MACEDONIA,72071912,(E),1.530,,1.530
NORTH MACEDONIA,72071919,(E),1.510,,1.510
NORTH MACEDONIA,72071980,(E),1.530,,1.530
NORTH MACEDONIA,72072011,(E),1.530,,1.530
NORTH MACEDONIA,72072015,(E),1.530,,1.530
NORTH MACEDONIA,72072017,(E),1.530,,1.530
NORTH MACEDONIA,72072019,(E),1.510,,1.510
NORTH MACEDONIA,72072032,(E),1.530,,1.530
NORTH MACEDONIA,72072039,(E),1.510,,1.510
NORTH MACEDONIA,72072052,(E),1.530,,1.530
NORTH MACEDONIA,72072059,(E),1.510,,1.510
NORTH MACEDONIA,72072080,(E),1.530,,1.530
NORTH MACEDONIA,7208,(E),1.530,,1.530
NORTH MACEDONIA,7209,(E),1.530,,1.530
NORTH MACEDONIA,7210,(E),1.530,,1.530
NORTH MACEDONIA,7211,,see below,see below,see below
NORTH MACEDONIA,72111300,(E),1.530,,1.530
NORTH MACEDONIA,72111400,(E),1.530,,1.530
NORTH MACEDONIA,72111900,(E),1.530,,1.530
NORTH MACEDONIA,721123,(E),1.530,,1.530
NORTH MACEDONIA,72112900,(E),1.530,,1.530
NORTH MACEDONIA,721190,(E),1.530,,1.530
NORTH MACEDONIA,7212,(E),1.530,,1.530
NORTH MACEDONIA,7213,(E),1.530,,1.530
NORTH MACEDONIA,7214,,see below,see below,see below
NORTH MACEDONIA,72141000,(E),1.510,,1.510
NORTH MACEDONIA,72142000,(E),1.530,,1.530
NORTH MACEDONIA,72143000,(E),1.530,,1.530
NORTH MACEDONIA,721491,(E),1.530,,1.530
NORTH MACEDONIA,721499,(E),1.530,,1.530
NORTH MACEDONIA,7215,(E),1.530,,1.530
NORTH MACEDONIA,7216,(E),1.922,,1.922
NORTH MACEDONIA,7217,,see below,see below,see below
NORTH MACEDONIA,721710,(E),1.530,,1.530
NORTH MACEDONIA,721720,(E),1.530,,1.530
NORTH MACEDONIA,721730,(E),1.530,,1.530
NORTH MACEDONIA,721790,(E),1.530,,1.530
NORTH MACEDONIA,7218,,see below,see below,see below
NORTH MACEDONIA,72181000,,2.900,,2.900
NORTH MACEDONIA,721891,,2.910,,2.910
NORTH MACEDONIA,72189911,,2.910,,2.910
NORTH MACEDONIA,72189919,,2.900,,2.900
NORTH MACEDONIA,72189920,,2.910,,2.910
NORTH MACEDONIA,72189980,,2.900,,2.900
NORTH MACEDONIA,7219,,see below,see below,see below
NORTH MACEDONIA,72191100,,2.910,,2.910
NORTH MACEDONIA,721912,,2.910,,2.910
NORTH MACEDONIA,721913,,2.910,,2.910
NORTH MACEDONIA,721914,,2.910,,2.910
NORTH MACEDONIA,721921,,2.910,,2.910
NORTH MACEDONIA,721922,,2.910,,2.910
NORTH MACEDONIA,72192300,,2.910,,2.910
NORTH MACEDONIA,72192400,,2.910,,2.910
NORTH MACEDONIA,72193100,,2.910,,2.910
NORTH MACEDONIA,721932,,2.910,,2.910
NORTH MACEDONIA,721933,,2.910,,2.910
NORTH MACEDONIA,721934,,2.910,,2.910
NORTH MACEDONIA,721935,,2.910,,2.910
NORTH MACEDONIA,721990,,2.910,,2.910
NORTH MACEDONIA,7220,,see below,see below,see below
NORTH MACEDONIA,72201100,,2.910,,2.910
NORTH MACEDONIA,72201200,,2.910,,2.910
NORTH MACEDONIA,722020,,2.910,,2.910
NORTH MACEDONIA,722090,,2.910,,2.910
NORTH MACEDONIA,7221,,2.910,,2.910
NORTH MACEDONIA,7222,,see below,see below,see below
NORTH MACEDONIA,722211,,2.910,,2.910
NORTH MACEDONIA,722219,,2.910,,2.910
NORTH MACEDONIA,722220,,2.910,,2.910
NORTH MACEDONIA,722230,,2.900,,2.900
NORTH MACEDONIA,722240,,2.910,,2.910
NORTH MACEDONIA,7223,,see below,see below,see below
NORTH MACEDONIA,722300,,2.910,,2.910
NORTH MACEDONIA,7224,,see below,see below,see below
NORTH MACEDONIA,722410,(H),3.420,,3.420
NORTH MACEDONIA,72249002,(H),3.440,,3.440
NORTH MACEDONIA,72249003,(H),3.440,,3.440
NORTH MACEDONIA,72249005,(H),3.440,,3.440
NORTH MACEDONIA,72249007,(H),3.440,,3.440
NORTH MACEDONIA,72249014,(H),3.440,,3.440
NORTH MACEDONIA,72249018,(H),3.420,,3.420
NORTH MACEDONIA,72249031,(H),3.440,,3.440
NORTH MACEDONIA,72249038,(H),3.440,,3.440
NORTH MACEDONIA,72249090,(H),3.420,,3.420
NORTH MACEDONIA,7225,,see below,see below,see below
NORTH MACEDONIA,72251100,(E),4.550,,4.550
NORTH MACEDONIA,72251910,(E),3.440,,3.440
NORTH MACEDONIA,72251990,(E),3.440,,3.440
NORTH MACEDONIA,722530,(H),3.440,,3.440
NORTH MACEDONIA,722540,(H),3.440,,3.440
NORTH MACEDONIA,722550,(H),3.440,,3.440
NORTH MACEDONIA,72259100,(H),3.440,,3.440
NORTH MACEDONIA,72259200,(H),3.440,,3.440
NORTH MACEDONIA,72259900,(H),3.440,,3.440
NORTH MACEDONIA,7226,,see below,see below,see below
NORTH MACEDONIA,72261100,(E),4.550,,4.550
NORTH MACEDONIA,72261910,(E),3.440,,3.440
NORTH MACEDONIA,72261980,(E),3.440,,3.440
NORTH MACEDONIA,72262000,(H),3.440,,3.440
NORTH MACEDONIA,722691,(H),3.440,,3.440
NORTH MACEDONIA,72269200,(H),3.440,,3.440
NORTH MACEDONIA,722699,(H),3.440,,3.440
NORTH MACEDONIA,7227,(E)/(H),3.440,,3.440
NORTH MACEDONIA,7228,,see below,see below,see below
NORTH MACEDONIA,72281020,(H),3.440,,3.440
NORTH MACEDONIA,72281050,(H),3.420,,3.420
NORTH MACEDONIA,72281090,(H),3.440,,3.440
NORTH MACEDONIA,722820,(H),3.440,,3.440
NORTH MACEDONIA,722830,(E)/(H),3.440,,3.440
NORTH MACEDONIA,722840,(H),3.420,,3.420
NORTH MACEDONIA,722850,(E)/(H),3.440,,3.440
NORTH MACEDONIA,722860,(H),3.440,,3.440
NORTH MACEDONIA,722870,(H),3.440,,3.440
NORTH MACEDONIA,72288000,(H),3.440,,3.440
NORTH MACEDONIA,7229,(E)/(H),3.440,,3.440
NORTH MACEDONIA,7301,(E),1.550,,1.550
NORTH MACEDONIA,7302,(E),2.580,,2.580
NORTH MACEDONIA,7303,,see below,see below,see below
NORTH MACEDONIA,730300,,1.640,,1.640
NORTH MACEDONIA,7304,,see below,see below,see below
NORTH MACEDONIA,73041100,,2.910,,2.910
NORTH MACEDONIA,730419,(E),1.560,,1.560
NORTH MACEDONIA,73042200,,2.910,,2.910
NORTH MACEDONIA,73042300,(E),1.560,,1.560
NORTH MACEDONIA,73042400,,2.910,,2.910
NORTH MACEDONIA,730429,(E),1.560,,1.560
NORTH MACEDONIA,730431,(E),1.560,,1.560
NORTH MACEDONIA,730439,(E),1.560,,1.560
NORTH MACEDONIA,73044100,,2.910,,2.910
NORTH MACEDONIA,730449,,2.910,,2.910
NORTH MACEDONIA,730451,(H),1.570,,1.570
NORTH MACEDONIA,730459,(E)/(H),1.570,,1.570
NORTH MACEDONIA,73049000,(E),1.560,,1.560
NORTH MACEDONIA,7305,(E),1.570,,1.570
NORTH MACEDONIA,7306,,see below,see below,see below
NORTH MACEDONIA,73061100,,2.910,,2.910
NORTH MACEDONIA,73061900,(E),1.898,,1.898
NORTH MACEDONIA,73062100,,2.910,,2.910
NORTH MACEDONIA,73062900,(E),1.898,,1.898
NORTH MACEDONIA,73063012,(E),1.898,,1.898
NORTH MACEDONIA,73063018,(E),1.898,,1.898
NORTH MACEDONIA,73063041,(E),1.898,,1.898
NORTH MACEDONIA,73063049,(E),1.898,,1.898
NORTH MACEDONIA,73063072,(E),1.898,,1.898
NORTH MACEDONIA,73063077,(E),1.898,,1.898
NORTH MACEDONIA,73063080,(E),1.898,,1.898
NORTH MACEDONIA,73064020,,2.910,,2.910
NORTH MACEDONIA,73064080,,2.910,,2.910
NORTH MACEDONIA,73065021,(H),1.898,,1.898
NORTH MACEDONIA,73065029,(H),1.898,,1.898
NORTH MACEDONIA,73065080,(H),1.898,,1.898
NORTH MACEDONIA,73066110,,2.910,,2.910
NORTH MACEDONIA,73066192,(E),1.898,,1.898
NORTH MACEDONIA,73066199,(E),1.898,,1.898
NORTH MACEDONIA,73066910,,2.910,,2.910
NORTH MACEDONIA,73066990,(E),1.898,,1.898
NORTH MACEDONIA,73069000,(E),1.898,,1.898
NORTH MACEDONIA,7307,,see below,see below,see below
NORTH MACEDONIA,730711,,1.630,,1.630
NORTH MACEDONIA,73071910,,1.630,,1.630
NORTH MACEDONIA,73071990,(E),1.510,,1.510
NORTH MACEDONIA,73072100,,2.630,,2.630
NORTH MACEDONIA,730722,,2.630,,2.630
NORTH MACEDONIA,730723,,2.630,,2.630
NORTH MACEDONIA,730729,,2.630,,2.630
NORTH MACEDONIA,73079100,(E),1.530,,1.530
NORTH MACEDONIA,730792,(E),1.530,,1.530
NORTH MACEDONIA,730793,(E),1.530,,1.530
NORTH MACEDONIA,730799,(E),1.530,,1.530
NORTH MACEDONIA,7308,(E),2.690,,2.690
NORTH MACEDONIA,7309,(E),2.900,,2.900
NORTH MACEDONIA,7310,(E),1.580,,1.580
NORTH MACEDONIA,7311,,see below,see below,see below
NORTH MACEDONIA,731100,(E),2.900,,2.900
NORTH MACEDONIA,7318,,see below,see below,see below
NORTH MACEDONIA,73181100,(E),1.530,,1.530
NORTH MACEDONIA,73181210,,2.910,,2.910
NORTH MACEDONIA,73181290,(E),1.530,,1.530
NORTH MACEDONIA,73181300,(E),1.530,,1.530
NORTH MACEDONIA,73181410,,2.910,,2.910
NORTH MACEDONIA,73181491,(E),1.530,,1.530
NORTH MACEDONIA,73181499,(E),1.530,,1.530
NORTH MACEDONIA,731815,(E),2.480,,2.480
NORTH MACEDONIA,731816,(E),2.860,,2.860
NORTH MACEDONIA,73181900,(E),1.530,,1.530
NORTH MACEDONIA,73182100,(E),1.530,,1.530
NORTH MACEDONIA,73182200,(E),1.830,,1.830
NORTH MACEDONIA,73182300,(E),1.740,,1.740
NORTH MACEDONIA,73182400,(E),1.530,,1.530
NORTH MACEDONIA,73182900,(E),1.530,,1.530
NORTH MACEDONIA,7326,,see below,see below,see below
NORTH MACEDONIA,73261100,(E),1.510,,1.510
NORTH MACEDONIA,732619,(E),1.510,,1.510
NORTH MACEDONIA,73262000,(E),1.530,,1.530
NORTH MACEDONIA,73269030,(E),1.530,,1.530
NORTH MACEDONIA,73269040,(E),1.530,,1.530
NORTH MACEDONIA,73269050,(E),1.530,,1.530
NORTH MACEDONIA,73269060,(E),1.530,,1.530
NORTH MACEDONIA,73269092,(E),1.510,,1.510
NORTH MACEDONIA,73269094,(E),1.510,,1.510
NORTH MACEDONIA,73269096,(E),1.510,,1.510
NORTH MACEDONIA,73269098,(E),1.530,,1.530
OMAN,2523100090,(A),0.830,0.030,0.860
OMAN,25232900,,0.860,0.060,0.920
OMAN,7601,(K),1.700,,1.700
OMAN,7603,(K),1.810,,1.810
OMAN,76041010,(K),2.030,,2.030
OMAN,76041090,(K),2.050,,2.050
OMAN,76042100,(K),2.050,,2.050
OMAN,76042910,(K),2.030,,2.030
OMAN,76042990,(K),2.050,,2.050
OMAN,7605,(K),2.030,,2.030
OMAN,7606,(K),2.490,,2.490
OMAN,7607,(K),2.490,,2.490
OMAN,7608,(K),2.050,,2.050
OMAN,76090000,(K),2.050,,2.050
OMAN,76101000,(K),2.050,,2.050
OMAN,761090,(K),2.050,,2.050
OMAN,76109010,(K),2.050,,2.050
OMAN,76109090,(K),2.050,,2.050
OMAN,76110000,(K),2.490,,2.490
OMAN,7612,(K),2.490,,2.490
OMAN,76130000,(K),2.490,,2.490
OMAN,7614,(K),2.030,,2.030
OMAN,76161000,(K),2.490,,2.490
OMAN,76169100,(K),2.490,,2.490
OMAN,76169910,(K),1.810,,1.810
OMAN,76169990,(K),2.490,,2.490
OMAN,28041000,,10.820,,10.820
OMAN,720211,,1.690,,1.690
OMAN,720241,,2.350,,2.350
OMAN,72026000,,3.480,,3.480
PAKISTAN,2523100010,(B),1.250,0.040,1.290
PAKISTAN,2523100090,(A),1.280,0.020,1.300
PAKISTAN,25232100,,1.290,0.120,1.410
PAKISTAN,25232900,,1.280,0.050,1.320
PAKISTAN,28080000,,1.770,0.040,1.800
PAKISTAN,28141000,,2.340,0.120,2.460
PAKISTAN,28142000,,0.700,0.040,0.740
PAKISTAN,28342100,,1.610,0.050,1.660
PAKISTAN,3102,,see below,see below,see below
PAKISTAN,31021012,,0.520,0.030,0.550
PAKISTAN,31021015,,0.860,0.030,0.890
PAKISTAN,31021019,,1.560,0.090,1.650
PAKISTAN,31021090,,1.530,0.090,1.620
PAKISTAN,31022100,,0.680,0.060,0.750
PAKISTAN,31022900,,1.160,0.070,1.240
PAKISTAN,31023010,,1.220,0.060,1.280
PAKISTAN,31023090,,1.880,0.080,1.960
PAKISTAN,31024010,,1.620,0.080,1.700
PAKISTAN,31024090,,1.620,0.080,1.700
PAKISTAN,31025000,,2.760,0.060,2.820
PAKISTAN,31026000,,1.580,0.080,1.650
PAKISTAN,31028000,,1.340,0.070,1.400
PAKISTAN,31029000,,1.480,0.080,1.560
PAKISTAN,3105,,see below,see below,see below
PAKISTAN,31051000,,0.700,0.060,0.760
PAKISTAN,31052010,,0.820,0.080,0.900
PAKISTAN,31052090,,0.560,0.060,0.620
PAKISTAN,31053000,,0.550,0.050,0.600
PAKISTAN,31054000,,0.350,0.040,0.390
PAKISTAN,31055100,,1.120,0.100,1.210
PAKISTAN,31055900,,0.630,0.090,0.720
PAKISTAN,31059020,,1.080,0.060,1.140
PAKISTAN,31059080,,0.560,0.040,0.600
PAKISTAN,7601,(L),0.360,,0.360
PAKISTAN,7603,(L),1.290,,1.290
PAKISTAN,76041010,(L),1.520,,1.520
PAKISTAN,76041090,(L),1.530,,1.530
PAKISTAN,76042100,(L),1.530,,1.530
PAKISTAN,76042910,(L),1.520,,1.520
PAKISTAN,76042990,(L),1.530,,1.530
PAKISTAN,7605,(L),1.520,,1.520
PAKISTAN,7606,(L),1.970,,1.970
PAKISTAN,7607,(L),1.970,,1.970
PAKISTAN,7608,(L),1.530,,1.530
PAKISTAN,76090000,(L),1.530,,1.530
PAKISTAN,76101000,(L),1.530,,1.530
PAKISTAN,761090,(L),1.530,,1.530
PAKISTAN,76109010,(L),1.530,,1.530
PAKISTAN,76109090,(L),1.530,,1.530
PAKISTAN,76110000,(L),1.970,,1.970
PAKISTAN,7612,(L),1.970,,1.970
PAKISTAN,76130000,(L),1.970,,1.970
PAKISTAN,7614,(L),1.520,,1.520
PAKISTAN,76161000,(L),1.970,,1.970
PAKISTAN,76169100,(L),1.970,,1.970
PAKISTAN,76169910,(L),1.290,,1.290
PAKISTAN,76169990,(L),1.970,,1.970
PAKISTAN,28041000,,10.820,,10.820
PAKISTAN,720211,,1.690,,1.690
PAKISTAN,720241,,2.350,,2.350
PAKISTAN,72026000,,3.480,,3.480
PANAMA,2523100090,(A),0.870,0.020,0.890
PANAMA,25232100,,1.220,0.130,1.350
PANAMA,25232900,,0.890,0.040,0.940
PANAMA,28080000,,1.830,0.030,1.860
PANAMA,28142000,,0.680,0.030,0.710
PANAMA,28342100,,1.600,0.040,1.640
PANAMA,3102,,see below,see below,see below
PANAMA,31021012,,0.430,0.020,0.450
PANAMA,31021015,,0.710,0.020,0.730
PANAMA,31021019,,1.280,0.060,1.350
PANAMA,31021090,,1.260,0.060,1.320
PANAMA,31022100,,0.580,0.030,0.610
PANAMA,31022900,,1.090,0.040,1.120
PANAMA,31023010,,1.190,0.030,1.220
PANAMA,31023090,,1.840,0.050,1.880
PANAMA,31024010,,1.540,0.040,1.580
PANAMA,31024090,,1.540,0.040,1.580
PANAMA,31025000,,2.850,0.050,2.900
PANAMA,31026000,,1.540,0.040,1.580
PANAMA,31028000,,1.240,0.040,1.280
PANAMA,31029000,,1.310,0.050,1.360
PANAMA,3105,,see below,see below,see below
PANAMA,31051000,,0.630,0.020,0.650
PANAMA,31052010,,0.760,0.020,0.780
PANAMA,31052090,,0.500,0.010,0.520
PANAMA,31053000,,0.500,0.020,0.520
PANAMA,31054000,,0.300,0.010,0.320
PANAMA,31055100,,1.040,0.030,1.070
PANAMA,31055900,,0.520,0.020,0.540
PANAMA,31059020,,1.040,0.030,1.070
PANAMA,31059080,,0.520,0.010,0.540
PAPUA NEW GUINEA,28041000,,10.820,,10.820
PARAGUAY,2523100090,(A),0.910,0.000,0.910
PARAGUAY,25232900,,0.910,0.000,0.910
PARAGUAY,28080000,,1.910,0.020,1.930
PARAGUAY,28142000,,0.690,0.030,0.710
PARAGUAY,28342100,,1.660,0.030,1.690
PARAGUAY,3102,,see below,see below,see below
PARAGUAY,31021012,,0.430,0.020,0.450
PARAGUAY,31021015,,0.720,0.020,0.730
PARAGUAY,31021019,,1.300,0.050,1.350
PARAGUAY,31021090,,1.270,0.050,1.320
PARAGUAY,31022100,,0.590,0.020,0.610
PARAGUAY,31022900,,1.120,0.030,1.150
PARAGUAY,31023010,,1.240,0.020,1.260
PARAGUAY,31023090,,1.910,0.040,1.940
PARAGUAY,31024010,,1.590,0.030,1.620
PARAGUAY,31024090,,1.590,0.030,1.620
PARAGUAY,31025000,,2.980,0.040,3.020
PARAGUAY,31026000,,1.590,0.030,1.620
PARAGUAY,31028000,,1.280,0.030,1.310
PARAGUAY,31029000,,1.340,0.040,1.380
PARAGUAY,3105,,see below,see below,see below
PARAGUAY,31051000,,0.650,0.020,0.670
PARAGUAY,31052010,,0.780,0.020,0.800
PARAGUAY,31052090,,0.520,0.010,0.530
PARAGUAY,31053000,,0.500,0.020,0.520
PARAGUAY,31054000,,0.310,0.010,0.320
PARAGUAY,31055100,,1.080,0.020,1.100
PARAGUAY,31055900,,0.520,0.020,0.540
PARAGUAY,31059020,,1.080,0.020,1.100
PARAGUAY,31059080,,0.540,0.010,0.550
PARAGUAY,28041000,,10.820,,10.820
PERU,2507008080,,0.230,0.050,0.280
PERU,2523100010,(B),1.290,0.020,1.310
PERU,2523100090,(A),1.090,0.020,1.110
PERU,25232100,,1.250,0.110,1.360
PERU,25232900,,1.070,0.030,1.110
PERU,2523900010,(B),1.280,0.130,1.410
PERU,2523900090,(A),1.020,0.040,1.060
PERU,28080000,,1.900,0.020,1.920
PERU,28141000,,2.260,0.060,2.330
PERU,28142000,,0.680,0.020,0.700
PERU,28342100,,1.680,0.030,1.710
PERU,3102,,see below,see below,see below
PERU,31021012,,0.510,0.020,0.520
PERU,31021015,,0.840,0.020,0.860
PERU,31021019,,1.530,0.050,1.580
PERU,31021090,,1.500,0.050,1.540
PERU,31022100,,0.660,0.040,0.700
PERU,31022900,,1.190,0.040,1.230
PERU,31023010,,1.280,0.030,1.310
PERU,31023090,,1.960,0.050,2.010
PERU,31024010,,1.700,0.040,1.740
PERU,31024090,,1.700,0.040,1.740
PERU,31025000,,2.960,0.030,3.000
PERU,31026000,,1.650,0.040,1.690
PERU,31028000,,1.360,0.040,1.400
PERU,31029000,,1.490,0.040,1.540
PERU,3105,,see below,see below,see below
PERU,31051000,,0.700,0.040,0.740
PERU,31052010,,0.850,0.040,0.900
PERU,31052090,,0.580,0.030,0.610
PERU,31053000,,0.530,0.030,0.560
PERU,31054000,,0.340,0.020,0.360
PERU,31055100,,1.160,0.050,1.210
PERU,31055900,,0.610,0.060,0.680
PERU,31059020,,1.130,0.030,1.160
PERU,31059080,,0.580,0.020,0.600
PERU,7601,(L),0.360,,0.360
PERU,7603,(L),1.840,,1.840
PERU,76041010,(L),2.060,,2.060
PERU,76041090,(L),2.080,,2.080
PERU,76042100,(L),2.080,,2.080
PERU,76042910,(L),2.060,,2.060
PERU,76042990,(L),2.080,,2.080
PERU,7605,(L),2.060,,2.060
PERU,7606,(L),2.520,,2.520
PERU,7607,(L),2.520,,2.520
PERU,7608,(L),2.080,,2.080
PERU,76090000,(L),2.080,,2.080
PERU,76101000,(L),2.080,,2.080
PERU,761090,(L),2.080,,2.080
PERU,76109010,(L),2.080,,2.080
PERU,76109090,(L),2.080,,2.080
PERU,76110000,(L),2.520,,2.520
PERU,7612,(L),2.520,,2.520
PERU,76130000,(L),2.520,,2.520
PERU,7614,(L),2.060,,2.060
PERU,76161000,(L),2.520,,2.520
PERU,76169100,(L),2.520,,2.520
PERU,76169910,(L),1.840,,1.840
PERU,76169990,(L),2.520,,2.520
PERU,28041000,,10.820,,10.820
PHILIPPINES,2523100090,(A),1.330,0.050,1.380
PHILIPPINES,25232900,,1.270,0.090,1.360
PHILIPPINES,2523900090,(A),1.210,0.090,1.300
PHILIPPINES,28080000,,2.180,0.060,2.250
PHILIPPINES,28141000,,2.130,0.200,2.330
PHILIPPINES,28142000,,0.640,0.060,0.700
PHILIPPINES,28342100,,1.840,0.100,1.940
PHILIPPINES,3102,,see below,see below,see below
PHILIPPINES,31021012,,0.480,0.050,0.530
PHILIPPINES,31021015,,0.800,0.050,0.850
PHILIPPINES,31021019,,1.450,0.160,1.610
PHILIPPINES,31021090,,1.420,0.150,1.570
PHILIPPINES,31022100,,0.630,0.120,0.740
PHILIPPINES,31022900,,1.240,0.130,1.370
PHILIPPINES,31023010,,1.400,0.100,1.500
PHILIPPINES,31023090,,2.150,0.150,2.300
PHILIPPINES,31024010,,1.850,0.140,1.990
PHILIPPINES,31024090,,1.850,0.140,1.990
PHILIPPINES,31025000,,3.410,0.100,3.510
PHILIPPINES,31026000,,1.800,0.130,1.940
PHILIPPINES,31028000,,1.420,0.120,1.540
PHILIPPINES,31029000,,1.510,0.140,1.650
PHILIPPINES,3105,,see below,see below,see below
PHILIPPINES,31051000,,0.730,0.120,0.850
PHILIPPINES,31052010,,0.920,0.140,1.060
PHILIPPINES,31052090,,0.620,0.110,0.730
PHILIPPINES,31053000,,0.500,0.090,0.590
PHILIPPINES,31054000,,0.320,0.070,0.390
PHILIPPINES,31055100,,1.260,0.180,1.440
PHILIPPINES,31055900,,0.580,0.130,0.710
PHILIPPINES,31059020,,1.220,0.110,1.330
PHILIPPINES,31059080,,0.630,0.080,0.700
PHILIPPINES,7601,(L),0.360,,0.360
PHILIPPINES,7603,(L),0.490,,0.490
PHILIPPINES,76041010,(L),0.710,,0.710
PHILIPPINES,76041090,(L),0.730,,0.730
PHILIPPINES,76042100,(L),0.730,,0.730
PHILIPPINES,76042910,(L),0.710,,0.710
PHILIPPINES,76042990,(L),0.730,,0.730
PHILIPPINES,7605,(L),0.710,,0.710
PHILIPPINES,7606,(L),1.170,,1.170
PHILIPPINES,7607,(L),1.170,,1.170
PHILIPPINES,7608,(L),0.730,,0.730
PHILIPPINES,76090000,(L),0.730,,0.730
PHILIPPINES,76101000,(L),0.730,,0.730
PHILIPPINES,761090,(L),0.730,,0.730
PHILIPPINES,76109010,(L),0.730,,0.730
PHILIPPINES,76109090,(L),0.730,,0.730
PHILIPPINES,76110000,(L),1.170,,1.170
PHILIPPINES,7612,(L),1.170,,1.170
PHILIPPINES,76130000,(L),1.170,,1.170
PHILIPPINES,7614,(L),0.710,,0.710
PHILIPPINES,76161000,(L),1.170,,1.170
PHILIPPINES,76169100,(L),1.170,,1.170
PHILIPPINES,76169910,(L),0.490,,0.490
PHILIPPINES,76169990,(L),1.170,,1.170
PHILIPPINES,28041000,,14.030,,14.030
PHILIPPINES,26011200,,0.120,0.070,0.190
PHILIPPINES,720211,,1.690,,1.690
PHILIPPINES,7205,(E)/(H),1.650,,1.650
PHILIPPINES,7206,,see below,see below,see below
PHILIPPINES,72061000,(E),0.740,,0.740
PHILIPPINES,72069000,(E),0.740,,0.740
PHILIPPINES,7207,,see below,see below,see below
PHILIPPINES,72071111,(E),0.740,,0.740
PHILIPPINES,72071114,(E),0.740,,0.740
PHILIPPINES,72071116,(E),0.740,,0.740
PHILIPPINES,72071190,(E),0.740,,0.740
PHILIPPINES,72071210,(E),0.740,,0.740
PHILIPPINES,72071290,(E),0.740,,0.740
PHILIPPINES,72071912,(E),0.740,,0.740
PHILIPPINES,72071919,(E),0.740,,0.740
PHILIPPINES,72071980,(E),0.740,,0.740
PHILIPPINES,72072011,(E),0.740,,0.740
PHILIPPINES,72072015,(E),0.740,,0.740
PHILIPPINES,72072017,(E),0.740,,0.740
PHILIPPINES,72072019,(E),0.740,,0.740
PHILIPPINES,72072032,(E),0.740,,0.740
PHILIPPINES,72072039,(E),0.740,,0.740
PHILIPPINES,72072052,(E),0.740,,0.740
PHILIPPINES,72072059,(E),0.740,,0.740
PHILIPPINES,72072080,(E),0.740,,0.740
PHILIPPINES,7208,(E),0.740,,0.740
PHILIPPINES,7209,(E),0.740,,0.740
PHILIPPINES,7210,(E),0.740,,0.740
PHILIPPINES,7211,,see below,see below,see below
PHILIPPINES,72111300,(E),0.740,,0.740
PHILIPPINES,72111400,(E),0.740,,0.740
PHILIPPINES,72111900,(E),0.740,,0.740
PHILIPPINES,721123,(E),0.740,,0.740
PHILIPPINES,72112900,(E),0.740,,0.740
PHILIPPINES,721190,(E),0.740,,0.740
PHILIPPINES,7212,(E),0.740,,0.740
PHILIPPINES,7213,(E),0.740,,0.740
PHILIPPINES,7214,,see below,see below,see below
PHILIPPINES,72141000,(E),0.740,,0.740
PHILIPPINES,72142000,(E),0.740,,0.740
PHILIPPINES,72143000,(E),0.740,,0.740
PHILIPPINES,721491,(E),0.740,,0.740
PHILIPPINES,721499,(E),0.740,,0.740
PHILIPPINES,7215,(E),0.740,,0.740
PHILIPPINES,7216,(E),0.740,,0.740
PHILIPPINES,7217,,see below,see below,see below
PHILIPPINES,721710,(E),0.740,,0.740
PHILIPPINES,721720,(E),0.740,,0.740
PHILIPPINES,721730,(E),0.740,,0.740
PHILIPPINES,721790,(E),0.740,,0.740
PHILIPPINES,7218,,see below,see below,see below
PHILIPPINES,72181000,,2.920,,2.920
PHILIPPINES,721891,,2.920,,2.920
PHILIPPINES,72189911,,2.920,,2.920
PHILIPPINES,72189919,,2.920,,2.920
PHILIPPINES,72189920,,2.920,,2.920
PHILIPPINES,72189980,,2.920,,2.920
PHILIPPINES,7219,,see below,see below,see below
PHILIPPINES,72191100,,2.920,,2.920
PHILIPPINES,721912,,2.920,,2.920
PHILIPPINES,721913,,2.920,,2.920
PHILIPPINES,721914,,2.920,,2.920
PHILIPPINES,721921,,2.920,,2.920
PHILIPPINES,721922,,2.920,,2.920
PHILIPPINES,72192300,,2.920,,2.920
PHILIPPINES,72192400,,2.920,,2.920
PHILIPPINES,72193100,,2.920,,2.920
PHILIPPINES,721932,,2.920,,2.920
PHILIPPINES,721933,,2.920,,2.920
PHILIPPINES,721934,,2.920,,2.920
PHILIPPINES,721935,,2.920,,2.920
PHILIPPINES,721990,,2.920,,2.920
PHILIPPINES,7220,,see below,see below,see below
PHILIPPINES,72201100,,2.920,,2.920
PHILIPPINES,72201200,,2.920,,2.920
PHILIPPINES,722020,,2.920,,2.920
PHILIPPINES,722090,,2.920,,2.920
PHILIPPINES,7221,,2.930,,2.930
PHILIPPINES,7222,,see below,see below,see below
PHILIPPINES,722211,,2.930,,2.930
PHILIPPINES,722219,,2.930,,2.930
PHILIPPINES,722220,,2.930,,2.930
PHILIPPINES,722230,,2.920,,2.920
PHILIPPINES,722240,,2.930,,2.930
PHILIPPINES,7223,,see below,see below,see below
PHILIPPINES,722300,,2.930,,2.930
PHILIPPINES,7224,,see below,see below,see below
PHILIPPINES,722410,(H),2.650,,2.650
PHILIPPINES,72249002,(H),2.650,,2.650
PHILIPPINES,72249003,(H),2.650,,2.650
PHILIPPINES,72249005,(H),2.650,,2.650
PHILIPPINES,72249007,(H),2.650,,2.650
PHILIPPINES,72249014,(H),2.650,,2.650
PHILIPPINES,72249018,(H),2.650,,2.650
PHILIPPINES,72249031,(H),2.650,,2.650
PHILIPPINES,72249038,(H),2.650,,2.650
PHILIPPINES,72249090,(H),2.650,,2.650
PHILIPPINES,7225,,see below,see below,see below
PHILIPPINES,72251100,(E),3.950,,3.950
PHILIPPINES,72251910,(E),2.650,,2.650
PHILIPPINES,72251990,(E),2.650,,2.650
PHILIPPINES,722530,(H),2.650,,2.650
PHILIPPINES,722540,(H),2.650,,2.650
PHILIPPINES,722550,(H),2.650,,2.650
PHILIPPINES,72259100,(H),2.650,,2.650
PHILIPPINES,72259200,(H),2.650,,2.650
PHILIPPINES,72259900,(H),2.650,,2.650
PHILIPPINES,7226,,see below,see below,see below
PHILIPPINES,72261100,(E),3.950,,3.950
PHILIPPINES,72261910,(E),2.650,,2.650
PHILIPPINES,72261980,(E),2.650,,2.650
PHILIPPINES,72262000,(H),2.650,,2.650
PHILIPPINES,722691,(H),2.650,,2.650
PHILIPPINES,72269200,(H),2.650,,2.650
PHILIPPINES,722699,(H),2.650,,2.650
PHILIPPINES,7227,(E)/(H),2.660,,2.660
PHILIPPINES,7228,,see below,see below,see below
PHILIPPINES,72281020,(H),2.660,,2.660
PHILIPPINES,72281050,(H),2.650,,2.650
PHILIPPINES,72281090,(H),2.660,,2.660
PHILIPPINES,722820,(H),2.660,,2.660
PHILIPPINES,722830,(E)/(H),2.660,,2.660
PHILIPPINES,722840,(H),2.650,,2.650
PHILIPPINES,722850,(E)/(H),2.660,,2.660
PHILIPPINES,722860,(H),2.660,,2.660
PHILIPPINES,722870,(H),2.660,,2.660
PHILIPPINES,72288000,(H),2.660,,2.660
PHILIPPINES,7229,(E)/(H),2.660,,2.660
PHILIPPINES,7301,(E),0.790,,0.790
PHILIPPINES,7302,(E),2.260,,2.260
PHILIPPINES,7303,,see below,see below,see below
PHILIPPINES,730300,,1.650,,1.650
PHILIPPINES,7304,,see below,see below,see below
PHILIPPINES,73041100,,2.920,,2.920
PHILIPPINES,730419,(E),0.830,,0.830
PHILIPPINES,73042200,,2.920,,2.920
PHILIPPINES,73042300,(E),0.830,,0.830
PHILIPPINES,73042400,,2.920,,2.920
PHILIPPINES,730429,(E),0.830,,0.830
PHILIPPINES,730431,(E),0.830,,0.830
PHILIPPINES,730439,(E),0.830,,0.830
PHILIPPINES,73044100,,2.920,,2.920
PHILIPPINES,730449,,2.920,,2.920
PHILIPPINES,730451,(H),0.830,,0.830
PHILIPPINES,730459,(E)/(H),0.830,,0.830
PHILIPPINES,73049000,(E),0.830,,0.830
PHILIPPINES,7305,(E),0.830,,0.830
PHILIPPINES,7306,,see below,see below,see below
PHILIPPINES,73061100,,2.920,,2.920
PHILIPPINES,73061900,(E),0.830,,0.830
PHILIPPINES,73062100,,2.920,,2.920
PHILIPPINES,73062900,(E),0.830,,0.830
PHILIPPINES,73063012,(E),0.830,,0.830
PHILIPPINES,73063018,(E),0.830,,0.830
PHILIPPINES,73063041,(E),0.830,,0.830
PHILIPPINES,73063049,(E),0.830,,0.830
PHILIPPINES,73063072,(E),0.830,,0.830
PHILIPPINES,73063077,(E),0.830,,0.830
PHILIPPINES,73063080,(E),0.830,,0.830
PHILIPPINES,73064020,,2.920,,2.920
PHILIPPINES,73064080,,2.920,,2.920
PHILIPPINES,73065021,(H),0.830,,0.830
PHILIPPINES,73065029,(H),0.830,,0.830
PHILIPPINES,73065080,(H),0.830,,0.830
PHILIPPINES,73066110,,2.920,,2.920
PHILIPPINES,73066192,(E),0.830,,0.830
PHILIPPINES,73066199,(E),0.830,,0.830
PHILIPPINES,73066910,,2.920,,2.920
PHILIPPINES,73066990,(E),0.830,,0.830
PHILIPPINES,73069000,(E),0.830,,0.830
PHILIPPINES,7307,,see below,see below,see below
PHILIPPINES,730711,,1.650,,1.650
PHILIPPINES,73071910,,1.650,,1.650
PHILIPPINES,73071990,(E),0.740,,0.740
PHILIPPINES,73072100,,2.360,,2.360
PHILIPPINES,730722,,2.360,,2.360
PHILIPPINES,730723,,2.360,,2.360
PHILIPPINES,730729,,2.360,,2.360
PHILIPPINES,73079100,(E),0.740,,0.740
PHILIPPINES,730792,(E),0.740,,0.740
PHILIPPINES,730793,(E),0.740,,0.740
PHILIPPINES,730799,(E),0.740,,0.740
PHILIPPINES,7308,(E),2.180,,2.180
PHILIPPINES,7309,(E),2.020,,2.020
PHILIPPINES,7310,(E),0.840,,0.840
PHILIPPINES,7311,,see below,see below,see below
PHILIPPINES,731100,(E),2.310,,2.310
PHILIPPINES,7318,,see below,see below,see below
PHILIPPINES,73181100,(E),0.740,,0.740
PHILIPPINES,73181210,,2.920,,2.920
PHILIPPINES,73181290,(E),0.740,,0.740
PHILIPPINES,73181300,(E),0.740,,0.740
PHILIPPINES,73181410,,2.920,,2.920
PHILIPPINES,73181491,(E),0.740,,0.740
PHILIPPINES,73181499,(E),0.740,,0.740
PHILIPPINES,731815,(E),1.370,,1.370
PHILIPPINES,731816,(E),1.370,,1.370
PHILIPPINES,73181900,(E),0.740,,0.740
PHILIPPINES,73182100,(E),0.740,,0.740
PHILIPPINES,73182200,(E),1.400,,1.400
PHILIPPINES,73182300,(E),1.200,,1.200
PHILIPPINES,73182400,(E),0.740,,0.740
PHILIPPINES,73182900,(E),0.740,,0.740
PHILIPPINES,7326,,see below,see below,see below
PHILIPPINES,73261100,(E),0.740,,0.740
PHILIPPINES,732619,(E),0.740,,0.740
PHILIPPINES,73262000,(E),0.740,,0.740
PHILIPPINES,73269030,(E),0.740,,0.740
PHILIPPINES,73269040,(E),0.740,,0.740
PHILIPPINES,73269050,(E),0.740,,0.740
PHILIPPINES,73269060,(E),0.740,,0.740
PHILIPPINES,73269092,(E),0.740,,0.740
PHILIPPINES,73269094,(E),0.740,,0.740
PHILIPPINES,73269096,(E),0.740,,0.740
PHILIPPINES,73269098,(E),0.740,,0.740
QATAR,2523100090,(A),0.830,0.030,0.860
QATAR,25232900,,0.850,0.060,0.910
QATAR,2523900090,(A),0.810,0.070,0.880
QATAR,28080000,,2.480,0.040,2.520
QATAR,28141000,,1.960,0.120,2.070
QATAR,28142000,,0.590,0.040,0.620
QATAR,28342100,,2.000,0.060,2.050
QATAR,3102,,see below,see below,see below
QATAR,31021012,,0.420,0.030,0.460
QATAR,31021015,,0.700,0.030,0.740
QATAR,31021019,,1.280,0.090,1.370
QATAR,31021090,,1.250,0.090,1.340
QATAR,31022100,,0.570,0.070,0.640
QATAR,31022900,,1.270,0.080,1.350
QATAR,31023010,,1.510,0.060,1.570
QATAR,31023090,,2.320,0.090,2.420
QATAR,31024010,,1.980,0.090,2.070
QATAR,31024090,,1.980,0.090,2.070
QATAR,31025000,,3.870,0.060,3.930
QATAR,31026000,,1.950,0.080,2.030
QATAR,31028000,,1.440,0.070,1.520
QATAR,31029000,,1.470,0.090,1.560
QATAR,3105,,see below,see below,see below
QATAR,31051000,,0.740,0.070,0.810
QATAR,31052010,,0.970,0.090,1.060
QATAR,31052090,,0.660,0.070,0.720
QATAR,31053000,,0.460,0.050,0.510
QATAR,31054000,,0.290,0.040,0.340
QATAR,31055100,,1.340,0.110,1.440
QATAR,31055900,,0.520,0.090,0.620
QATAR,31059020,,1.310,0.060,1.380
QATAR,31059080,,0.670,0.050,0.720
QATAR,7601,(K),1.700,,1.700
QATAR,7603,(K),1.810,,1.810
QATAR,76041010,(K),2.030,,2.030
QATAR,76041090,(K),2.050,,2.050
QATAR,76042100,(K),2.050,,2.050
QATAR,76042910,(K),2.030,,2.030
QATAR,76042990,(K),2.050,,2.050
QATAR,7605,(K),2.030,,2.030
QATAR,7606,(K),2.490,,2.490
QATAR,7607,(K),2.490,,2.490
QATAR,7608,(K),2.050,,2.050
QATAR,76090000,(K),2.050,,2.050
QATAR,76101000,(K),2.050,,2.050
QATAR,761090,(K),2.050,,2.050
QATAR,76109010,(K),2.050,,2.050
QATAR,76109090,(K),2.050,,2.050
QATAR,76110000,(K),2.490,,2.490
QATAR,7612,(K),2.490,,2.490
QATAR,76130000,(K),2.490,,2.490
QATAR,7614,(K),2.030,,2.030
QATAR,76161000,(K),2.490,,2.490
QATAR,76169100,(K),2.490,,2.490
QATAR,76169910,(K),1.810,,1.810
QATAR,76169990,(K),2.490,,2.490
QATAR,28041000,,10.820,,10.820
RUSSIAN FEDERATION,2523100010,(B),1.330,0.040,1.360
RUSSIAN FEDERATION,2523100090,(A),1.330,0.030,1.360
RUSSIAN FEDERATION,25232100,,1.310,0.130,1.440
RUSSIAN FEDERATION,25232900,,1.330,0.050,1.380
RUSSIAN FEDERATION,28080000,,2.700,0.030,2.730
RUSSIAN FEDERATION,28141000,,2.160,0.100,2.260
RUSSIAN FEDERATION,28142000,,0.650,0.030,0.680
RUSSIAN FEDERATION,28342100,,2.170,0.040,2.220
RUSSIAN FEDERATION,3102,,see below,see below,see below
RUSSIAN FEDERATION,31021012,,0.460,0.020,0.490
RUSSIAN FEDERATION,31021015,,0.770,0.020,0.790
RUSSIAN FEDERATION,31021019,,1.400,0.070,1.470
RUSSIAN FEDERATION,31021090,,1.370,0.070,1.440
RUSSIAN FEDERATION,31022100,,0.620,0.050,0.670
RUSSIAN FEDERATION,31022900,,1.390,0.060,1.450
RUSSIAN FEDERATION,31023010,,1.640,0.050,1.690
RUSSIAN FEDERATION,31023090,,2.530,0.070,2.600
RUSSIAN FEDERATION,31024010,,2.150,0.070,2.220
RUSSIAN FEDERATION,31024090,,2.150,0.070,2.220
RUSSIAN FEDERATION,31025000,,4.210,0.050,4.260
RUSSIAN FEDERATION,31026000,,2.120,0.060,2.180
RUSSIAN FEDERATION,31028000,,1.570,0.060,1.630
RUSSIAN FEDERATION,31029000,,1.600,0.070,1.670
RUSSIAN FEDERATION,3105,,see below,see below,see below
RUSSIAN FEDERATION,31051000,,0.800,0.060,0.860
RUSSIAN FEDERATION,31052010,,1.050,0.070,1.120
RUSSIAN FEDERATION,31052090,,0.710,0.050,0.760
RUSSIAN FEDERATION,31053000,,0.500,0.040,0.550
RUSSIAN FEDERATION,31054000,,0.320,0.030,0.350
RUSSIAN FEDERATION,31055100,,1.450,0.080,1.530
RUSSIAN FEDERATION,31055900,,0.570,0.080,0.650
RUSSIAN FEDERATION,31059020,,1.430,0.050,1.480
RUSSIAN FEDERATION,31059080,,0.730,0.040,0.760
RUSSIAN FEDERATION,7601,(K),2.160,,2.160
RUSSIAN FEDERATION,7603,(K),2.270,,2.270
RUSSIAN FEDERATION,76041010,(K),2.490,,2.490
RUSSIAN FEDERATION,76041090,(K),2.510,,2.510
RUSSIAN FEDERATION,76042100,(K),2.510,,2.510
RUSSIAN FEDERATION,76042910,(K),2.490,,2.490
RUSSIAN FEDERATION,76042990,(K),2.510,,2.510
RUSSIAN FEDERATION,7605,(K),2.490,,2.490
RUSSIAN FEDERATION,7606,(K),2.950,,2.950
RUSSIAN FEDERATION,7607,(K),2.950,,2.950
RUSSIAN FEDERATION,7608,(K),2.510,,2.510
RUSSIAN FEDERATION,76090000,(K),2.510,,2.510
RUSSIAN FEDERATION,76101000,(K),2.510,,2.510
RUSSIAN FEDERATION,761090,(K),2.510,,2.510
RUSSIAN FEDERATION,76109010,(K),2.510,,2.510
RUSSIAN FEDERATION,76109090,(K),2.510,,2.510
RUSSIAN FEDERATION,76110000,(K),2.950,,2.950
RUSSIAN FEDERATION,7612,(K),2.950,,2.950
RUSSIAN FEDERATION,76130000,(K),2.950,,2.950
RUSSIAN FEDERATION,7614,(K),2.490,,2.490
RUSSIAN FEDERATION,76161000,(K),2.950,,2.950
RUSSIAN FEDERATION,76169100,(K),2.950,,2.950
RUSSIAN FEDERATION,76169910,(K),2.270,,2.270
RUSSIAN FEDERATION,76169990,(K),2.950,,2.950
RUSSIAN FEDERATION,28041000,,10.820,,10.820
RUSSIAN FEDERATION,26011200,,1.570,0.040,1.610
RUSSIAN FEDERATION,7201,,3.040,,3.040
RUSSIAN FEDERATION,720211,,1.690,,1.690
RUSSIAN FEDERATION,72026000,,3.480,,3.480
RUSSIAN FEDERATION,7203,,2.010,,2.010
RUSSIAN FEDERATION,7205,(C)/(F),3.090,,3.090
RUSSIAN FEDERATION,7206,,see below,see below,see below
RUSSIAN FEDERATION,72061000,(C),3.210,,3.210
RUSSIAN FEDERATION,72069000,(C),3.210,,3.210
RUSSIAN FEDERATION,7207,,see below,see below,see below
RUSSIAN FEDERATION,72071111,(C),3.210,,3.210
RUSSIAN FEDERATION,72071114,(C),3.210,,3.210
RUSSIAN FEDERATION,72071116,(C),3.210,,3.210
RUSSIAN FEDERATION,72071190,(C),3.210,,3.210
RUSSIAN FEDERATION,72071210,(C),3.210,,3.210
RUSSIAN FEDERATION,72071290,(C),3.210,,3.210
RUSSIAN FEDERATION,72071912,(C),3.210,,3.210
RUSSIAN FEDERATION,72071919,(C),3.210,,3.210
RUSSIAN FEDERATION,72071980,(C),3.210,,3.210
RUSSIAN FEDERATION,72072011,(C),3.210,,3.210
RUSSIAN FEDERATION,72072015,(C),3.210,,3.210
RUSSIAN FEDERATION,72072017,(C),3.210,,3.210
RUSSIAN FEDERATION,72072019,(C),3.210,,3.210
RUSSIAN FEDERATION,72072032,(C),3.210,,3.210
RUSSIAN FEDERATION,72072039,(C),3.210,,3.210
RUSSIAN FEDERATION,72072052,(C),3.210,,3.210
RUSSIAN FEDERATION,72072059,(C),3.210,,3.210
RUSSIAN FEDERATION,72072080,(C),3.210,,3.210
RUSSIAN FEDERATION,7208,(C),3.430,,3.430
RUSSIAN FEDERATION,7209,(C),3.590,,3.590
RUSSIAN FEDERATION,7210,(C),3.590,,3.590
RUSSIAN FEDERATION,7211,,see below,see below,see below
RUSSIAN FEDERATION,72111300,(C),3.430,,3.430
RUSSIAN FEDERATION,72111400,(C),3.430,,3.430
RUSSIAN FEDERATION,72111900,(C),3.430,,3.430
RUSSIAN FEDERATION,721123,(C),3.590,,3.590
RUSSIAN FEDERATION,72112900,(C),3.590,,3.590
RUSSIAN FEDERATION,721190,(C),3.590,,3.590
RUSSIAN FEDERATION,7212,(C),3.590,,3.590
RUSSIAN FEDERATION,7213,(C),3.210,,3.210
RUSSIAN FEDERATION,7214,,see below,see below,see below
RUSSIAN FEDERATION,72141000,(C),3.210,,3.210
RUSSIAN FEDERATION,72142000,(C),3.210,,3.210
RUSSIAN FEDERATION,72143000,(C),3.210,,3.210
RUSSIAN FEDERATION,721491,(C),3.210,,3.210
RUSSIAN FEDERATION,721499,(C),3.210,,3.210
RUSSIAN FEDERATION,7215,(C),3.210,,3.210
RUSSIAN FEDERATION,7216,(C),3.210,,3.210
RUSSIAN FEDERATION,7217,,see below,see below,see below
RUSSIAN FEDERATION,721710,(C),3.210,,3.210
RUSSIAN FEDERATION,721720,(C),3.210,,3.210
RUSSIAN FEDERATION,721730,(C),3.210,,3.210
RUSSIAN FEDERATION,721790,(C),3.210,,3.210
RUSSIAN FEDERATION,7218,,see below,see below,see below
RUSSIAN FEDERATION,72181000,,3.180,,3.180
RUSSIAN FEDERATION,721891,,3.550,,3.550
RUSSIAN FEDERATION,72189911,,3.550,,3.550
RUSSIAN FEDERATION,72189919,,3.180,,3.180
RUSSIAN FEDERATION,72189920,,3.550,,3.550
RUSSIAN FEDERATION,72189980,,3.180,,3.180
RUSSIAN FEDERATION,7219,,see below,see below,see below
RUSSIAN FEDERATION,72191100,,3.550,,3.550
RUSSIAN FEDERATION,721912,,3.550,,3.550
RUSSIAN FEDERATION,721913,,3.550,,3.550
RUSSIAN FEDERATION,721914,,3.550,,3.550
RUSSIAN FEDERATION,721921,,3.550,,3.550
RUSSIAN FEDERATION,721922,,3.550,,3.550
RUSSIAN FEDERATION,72192300,,3.550,,3.550
RUSSIAN FEDERATION,72192400,,3.550,,3.550
RUSSIAN FEDERATION,72193100,,3.710,,3.710
RUSSIAN FEDERATION,721932,,3.710,,3.710
RUSSIAN FEDERATION,721933,,3.710,,3.710
RUSSIAN FEDERATION,721934,,3.710,,3.710
RUSSIAN FEDERATION,721935,,3.710,,3.710
RUSSIAN FEDERATION,721990,,3.710,,3.710
RUSSIAN FEDERATION,7220,,see below,see below,see below
RUSSIAN FEDERATION,72201100,,3.550,,3.550
RUSSIAN FEDERATION,72201200,,3.550,,3.550
RUSSIAN FEDERATION,722020,,3.710,,3.710
RUSSIAN FEDERATION,722090,,3.710,,3.710
RUSSIAN FEDERATION,7221,,3.180,,3.180
RUSSIAN FEDERATION,7222,,see below,see below,see below
RUSSIAN FEDERATION,722211,,3.180,,3.180
RUSSIAN FEDERATION,722219,,3.180,,3.180
RUSSIAN FEDERATION,722220,,3.180,,3.180
RUSSIAN FEDERATION,722230,,3.180,,3.180
RUSSIAN FEDERATION,722240,,3.180,,3.180
RUSSIAN FEDERATION,7223,,see below,see below,see below
RUSSIAN FEDERATION,722300,,3.180,,3.180
RUSSIAN FEDERATION,7224,,see below,see below,see below
RUSSIAN FEDERATION,722410,(F),3.460,,3.460
RUSSIAN FEDERATION,72249002,(F),3.830,,3.830
RUSSIAN FEDERATION,72249003,(F),3.830,,3.830
RUSSIAN FEDERATION,72249005,(F),3.830,,3.830
RUSSIAN FEDERATION,72249007,(F),3.830,,3.830
RUSSIAN FEDERATION,72249014,(F),3.830,,3.830
RUSSIAN FEDERATION,72249018,(F),3.460,,3.460
RUSSIAN FEDERATION,72249031,(F),3.830,,3.830
RUSSIAN FEDERATION,72249038,(F),3.830,,3.830
RUSSIAN FEDERATION,72249090,(F),3.460,,3.460
RUSSIAN FEDERATION,7225,,see below,see below,see below
RUSSIAN FEDERATION,72251100,(C),4.950,,4.950
RUSSIAN FEDERATION,72251910,(C),3.830,,3.830
RUSSIAN FEDERATION,72251990,(C),3.990,,3.990
RUSSIAN FEDERATION,722530,(F),3.830,,3.830
RUSSIAN FEDERATION,722540,(F),3.830,,3.830
RUSSIAN FEDERATION,722550,(F),3.990,,3.990
RUSSIAN FEDERATION,72259100,(F),3.990,,3.990
RUSSIAN FEDERATION,72259200,(F),3.990,,3.990
RUSSIAN FEDERATION,72259900,(F),3.990,,3.990
RUSSIAN FEDERATION,7226,,see below,see below,see below
RUSSIAN FEDERATION,72261100,(C),4.950,,4.950
RUSSIAN FEDERATION,72261910,(C),3.830,,3.830
RUSSIAN FEDERATION,72261980,(C),3.990,,3.990
RUSSIAN FEDERATION,72262000,(F),3.830,,3.830
RUSSIAN FEDERATION,722691,(F),3.830,,3.830
RUSSIAN FEDERATION,72269200,(F),3.990,,3.990
RUSSIAN FEDERATION,722699,(F),3.990,,3.990
RUSSIAN FEDERATION,7227,(C)/(F),3.460,,3.460
RUSSIAN FEDERATION,7228,,see below,see below,see below
RUSSIAN FEDERATION,72281020,(F),3.460,,3.460
RUSSIAN FEDERATION,72281050,(F),3.460,,3.460
RUSSIAN FEDERATION,72281090,(F),3.460,,3.460
RUSSIAN FEDERATION,722820,(F),3.460,,3.460
RUSSIAN FEDERATION,722830,(C)/(F),3.460,,3.460
RUSSIAN FEDERATION,722840,(F),3.460,,3.460
RUSSIAN FEDERATION,722850,(C)/(F),3.460,,3.460
RUSSIAN FEDERATION,722860,(F),3.460,,3.460
RUSSIAN FEDERATION,722870,(F),3.460,,3.460
RUSSIAN FEDERATION,72288000,(F),3.460,,3.460
RUSSIAN FEDERATION,7229,(C)/(F),3.460,,3.460
RUSSIAN FEDERATION,7301,(C),3.590,,3.590
RUSSIAN FEDERATION,7302,(C),3.490,,3.490
RUSSIAN FEDERATION,7303,,see below,see below,see below
RUSSIAN FEDERATION,730300,,6.960,,6.960
RUSSIAN FEDERATION,7304,,see below,see below,see below
RUSSIAN FEDERATION,73041100,,3.460,,3.460
RUSSIAN FEDERATION,730419,(C),3.490,,3.490
RUSSIAN FEDERATION,73042200,,3.460,,3.460
RUSSIAN FEDERATION,73042300,(C),3.490,,3.490
RUSSIAN FEDERATION,73042400,,3.460,,3.460
RUSSIAN FEDERATION,730429,(C),3.490,,3.490
RUSSIAN FEDERATION,730431,(C),3.490,,3.490
RUSSIAN FEDERATION,730439,(C),3.490,,3.490
RUSSIAN FEDERATION,73044100,,3.460,,3.460
RUSSIAN FEDERATION,730449,,3.460,,3.460
RUSSIAN FEDERATION,730451,(F),3.350,,3.350
RUSSIAN FEDERATION,730459,(C)/(F),3.350,,3.350
RUSSIAN FEDERATION,73049000,(C),3.490,,3.490
RUSSIAN FEDERATION,7305,(C),3.590,,3.590
RUSSIAN FEDERATION,7306,,see below,see below,see below
RUSSIAN FEDERATION,73061100,,3.710,,3.710
RUSSIAN FEDERATION,73061900,(C),3.590,,3.590
RUSSIAN FEDERATION,73062100,,3.710,,3.710
RUSSIAN FEDERATION,73062900,(C),3.590,,3.590
RUSSIAN FEDERATION,73063012,(C),3.590,,3.590
RUSSIAN FEDERATION,73063018,(C),3.430,,3.430
RUSSIAN FEDERATION,73063041,(C),3.590,,3.590
RUSSIAN FEDERATION,73063049,(C),3.590,,3.590
RUSSIAN FEDERATION,73063072,(C),3.590,,3.590
RUSSIAN FEDERATION,73063077,(C),3.590,,3.590
RUSSIAN FEDERATION,73063080,(C),3.590,,3.590
RUSSIAN FEDERATION,73064020,,3.710,,3.710
RUSSIAN FEDERATION,73064080,,3.550,,3.550
RUSSIAN FEDERATION,73065021,(F),3.620,,3.620
RUSSIAN FEDERATION,73065029,(F),3.460,,3.460
RUSSIAN FEDERATION,73065080,(F),3.620,,3.620
RUSSIAN FEDERATION,73066110,,3.710,,3.710
RUSSIAN FEDERATION,73066192,(C),3.590,,3.590
RUSSIAN FEDERATION,73066199,(C),3.590,,3.590
RUSSIAN FEDERATION,73066910,,3.710,,3.710
RUSSIAN FEDERATION,73066990,(C),3.590,,3.590
RUSSIAN FEDERATION,73069000,(C),3.590,,3.590
RUSSIAN FEDERATION,7307,,see below,see below,see below
RUSSIAN FEDERATION,730711,,3.030,,3.030
RUSSIAN FEDERATION,73071910,,3.030,,3.030
RUSSIAN FEDERATION,73071990,(C),3.210,,3.210
RUSSIAN FEDERATION,73072100,,3.360,,3.360
RUSSIAN FEDERATION,730722,,3.360,,3.360
RUSSIAN FEDERATION,730723,,3.360,,3.360
RUSSIAN FEDERATION,730729,,3.360,,3.360
RUSSIAN FEDERATION,73079100,(C),3.490,,3.490
RUSSIAN FEDERATION,730792,(C),3.490,,3.490
RUSSIAN FEDERATION,730793,(C),3.490,,3.490
RUSSIAN FEDERATION,730799,(C),3.490,,3.490
RUSSIAN FEDERATION,7308,(C),3.590,,3.590
RUSSIAN FEDERATION,7309,(C),3.590,,3.590
RUSSIAN FEDERATION,7310,(C),3.590,,3.590
RUSSIAN FEDERATION,7311,,see below,see below,see below
RUSSIAN FEDERATION,731100,(C),3.210,,3.210
RUSSIAN FEDERATION,7318,,see below,see below,see below
RUSSIAN FEDERATION,73181100,(C),3.210,,3.210
RUSSIAN FEDERATION,73181210,,3.180,,3.180
RUSSIAN FEDERATION,73181290,(C),3.210,,3.210
RUSSIAN FEDERATION,73181300,(C),3.210,,3.210
RUSSIAN FEDERATION,73181410,,3.180,,3.180
RUSSIAN FEDERATION,73181491,(C),3.210,,3.210
RUSSIAN FEDERATION,73181499,(C),3.210,,3.210
RUSSIAN FEDERATION,731815,(C),3.210,,3.210
RUSSIAN FEDERATION,731816,(C),3.210,,3.210
RUSSIAN FEDERATION,73181900,(C),3.210,,3.210
RUSSIAN FEDERATION,73182100,(C),3.210,,3.210
RUSSIAN FEDERATION,73182200,(C),3.210,,3.210
RUSSIAN FEDERATION,73182300,(C),3.210,,3.210
RUSSIAN FEDERATION,73182400,(C),3.210,,3.210
RUSSIAN FEDERATION,73182900,(C),3.210,,3.210
RUSSIAN FEDERATION,7326,,see below,see below,see below
RUSSIAN FEDERATION,73261100,(C),3.210,,3.210
RUSSIAN FEDERATION,732619,(C),3.210,,3.210
RUSSIAN FEDERATION,73262000,(C),3.210,,3.210
RUSSIAN FEDERATION,73269030,(C),3.210,,3.210
RUSSIAN FEDERATION,73269040,(C),3.210,,3.210
RUSSIAN FEDERATION,73269050,(C),3.210,,3.210
RUSSIAN FEDERATION,73269060,(C),3.210,,3.210
RUSSIAN FEDERATION,73269092,(C),3.210,,3.210
RUSSIAN FEDERATION,73269094,(C),3.210,,3.210
RUSSIAN FEDERATION,73269096,(C),3.210,,3.210
RUSSIAN FEDERATION,73269098,(C),3.590,,3.590
RWANDA,2523100090,(A),0.850,0.030,0.880
RWANDA,25232900,,0.870,0.050,0.910
RWANDA,2523900090,(A),0.830,0.050,0.880
SAUDI ARABIA,28080000,,2.450,0.050,2.500
SAUDI ARABIA,28141000,,1.960,0.150,2.100
SAUDI ARABIA,28142000,,0.590,0.040,0.630
SAUDI ARABIA,28342100,,1.980,0.070,2.060
SAUDI ARABIA,3102,,see below,see below,see below
SAUDI ARABIA,31021012,,0.450,0.040,0.490
SAUDI ARABIA,31021015,,0.740,0.040,0.780
SAUDI ARABIA,31021019,,1.350,0.120,1.470
SAUDI ARABIA,31021090,,1.320,0.120,1.440
SAUDI ARABIA,31022100,,0.580,0.090,0.670
SAUDI ARABIA,31022900,,1.280,0.100,1.380
SAUDI ARABIA,31023010,,1.500,0.080,1.580
SAUDI ARABIA,31023090,,2.310,0.120,2.430
SAUDI ARABIA,31024010,,1.990,0.110,2.100
SAUDI ARABIA,31024090,,1.990,0.110,2.100
SAUDI ARABIA,31025000,,3.820,0.080,3.900
SAUDI ARABIA,31026000,,1.940,0.100,2.040
SAUDI ARABIA,31028000,,1.460,0.090,1.550
SAUDI ARABIA,31029000,,1.510,0.110,1.620
SAUDI ARABIA,3105,,see below,see below,see below
SAUDI ARABIA,31051000,,0.740,0.090,0.830
SAUDI ARABIA,31052010,,0.980,0.110,1.090
SAUDI ARABIA,31052090,,0.660,0.080,0.750
SAUDI ARABIA,31053000,,0.460,0.070,0.530
SAUDI ARABIA,31054000,,0.300,0.050,0.350
SAUDI ARABIA,31055100,,1.340,0.140,1.480
SAUDI ARABIA,31055900,,0.540,0.110,0.650
SAUDI ARABIA,31059020,,1.310,0.080,1.390
SAUDI ARABIA,31059080,,0.670,0.060,0.730
SAUDI ARABIA,7601,(K),1.700,,1.700
SAUDI ARABIA,7603,(K),1.810,,1.810
SAUDI ARABIA,76041010,(K),2.040,,2.040
SAUDI ARABIA,76041090,(K),2.050,,2.050
SAUDI ARABIA,76042100,(K),2.050,,2.050
SAUDI ARABIA,76042910,(K),2.040,,2.040
SAUDI ARABIA,76042990,(K),2.050,,2.050
SAUDI ARABIA,7605,(K),2.040,,2.040
SAUDI ARABIA,7606,(K),2.490,,2.490
SAUDI ARABIA,7607,(K),2.490,,2.490
SAUDI ARABIA,7608,(K),2.050,,2.050
SAUDI ARABIA,76090000,(K),2.050,,2.050
SAUDI ARABIA,76101000,(K),2.050,,2.050
SAUDI ARABIA,761090,(K),2.050,,2.050
SAUDI ARABIA,76109010,(K),2.050,,2.050
SAUDI ARABIA,76109090,(K),2.050,,2.050
SAUDI ARABIA,76110000,(K),2.490,,2.490
SAUDI ARABIA,7612,(K),2.490,,2.490
SAUDI ARABIA,76130000,(K),2.490,,2.490
SAUDI ARABIA,7614,(K),2.040,,2.040
SAUDI ARABIA,76161000,(K),2.490,,2.490
SAUDI ARABIA,76169100,(K),2.490,,2.490
SAUDI ARABIA,76169910,(K),1.810,,1.810
SAUDI ARABIA,76169990,(K),2.490,,2.490
SAUDI ARABIA,28041000,,13.450,,13.450
SENEGAL,2523100090,(A),1.240,0.050,1.300
SENEGAL,25232900,,1.230,0.090,1.320
SENEGAL,28080000,,1.670,0.060,1.720
SENEGAL,28142000,,0.640,0.050,0.690
SENEGAL,28342100,,1.500,0.080,1.580
SENEGAL,3102,,see below,see below,see below
SENEGAL,31021012,,0.470,0.040,0.510
SENEGAL,31021015,,0.780,0.040,0.820
SENEGAL,31021019,,1.410,0.140,1.550
SENEGAL,31021090,,1.380,0.130,1.520
SENEGAL,31022100,,0.620,0.100,0.720
SENEGAL,31022900,,1.080,0.120,1.190
SENEGAL,31023010,,1.140,0.090,1.230
SENEGAL,31023090,,1.750,0.130,1.890
SENEGAL,31024010,,1.510,0.120,1.630
SENEGAL,31024090,,1.510,0.120,1.630
SENEGAL,31025000,,2.600,0.090,2.690
SENEGAL,31026000,,1.470,0.120,1.590
SENEGAL,31028000,,1.230,0.110,1.340
SENEGAL,31029000,,1.360,0.130,1.480
SENEGAL,3105,,see below,see below,see below
SENEGAL,31051000,,0.640,0.100,0.750
SENEGAL,31052010,,0.760,0.130,0.890
SENEGAL,31052090,,0.520,0.100,0.620
SENEGAL,31053000,,0.500,0.080,0.570
SENEGAL,31054000,,0.320,0.060,0.380
SENEGAL,31055100,,1.040,0.160,1.200
SENEGAL,31055900,,0.570,0.120,0.690
SENEGAL,31059020,,1.010,0.090,1.100
SENEGAL,31059080,,0.520,0.070,0.590
SENEGAL,28041000,,10.820,,10.820
SERBIA,2523100090,(A),1.330,0.060,1.380
SERBIA,25232900,,1.310,0.100,1.410
SERBIA,2523900090,(A),1.240,0.100,1.350
SERBIA,28080000,,2.700,0.030,2.730
SERBIA,28141000,,2.160,0.100,2.260
SERBIA,28142000,,0.650,0.030,0.680
SERBIA,28342100,,2.180,0.050,2.220
SERBIA,3102,,see below,see below,see below
SERBIA,31021012,,0.460,0.020,0.490
SERBIA,31021015,,0.760,0.020,0.790
SERBIA,31021019,,1.390,0.080,1.460
SERBIA,31021090,,1.360,0.070,1.430
SERBIA,31022100,,0.620,0.060,0.670
SERBIA,31022900,,1.390,0.060,1.450
SERBIA,31023010,,1.640,0.050,1.690
SERBIA,31023090,,2.530,0.070,2.600
SERBIA,31024010,,2.150,0.070,2.220
SERBIA,31024090,,2.150,0.070,2.220
SERBIA,31025000,,4.220,0.050,4.270
SERBIA,31026000,,2.120,0.060,2.180
SERBIA,31028000,,1.570,0.060,1.630
SERBIA,31029000,,1.600,0.070,1.660
SERBIA,3105,,see below,see below,see below
SERBIA,31051000,,0.800,0.060,0.860
SERBIA,31052010,,1.050,0.070,1.120
SERBIA,31052090,,0.710,0.050,0.760
SERBIA,31053000,,0.500,0.040,0.540
SERBIA,31054000,,0.320,0.030,0.350
SERBIA,31055100,,1.450,0.080,1.530
SERBIA,31055900,,0.570,0.080,0.650
SERBIA,31059020,,1.430,0.050,1.480
SERBIA,31059080,,0.730,0.040,0.760
SERBIA,7601,(L),0.360,,0.360
SERBIA,7603,(L),1.513,,1.513
SERBIA,76041010,(L),2.238,,2.238
SERBIA,76041090,(L),2.270,,2.270
SERBIA,76042100,(L),2.270,,2.270
SERBIA,76042910,(L),2.238,,2.238
SERBIA,76042990,(L),2.270,,2.270
SERBIA,7605,(L),2.238,,2.238
SERBIA,7606,(L),3.688,,3.688
SERBIA,7607,(L),3.688,,3.688
SERBIA,7608,(L),2.270,,2.270
SERBIA,76090000,(L),2.270,,2.270
SERBIA,76101000,(L),2.270,,2.270
SERBIA,761090,(L),2.270,,2.270
SERBIA,76109010,(L),2.270,,2.270
SERBIA,76109090,(L),2.270,,2.270
SERBIA,76110000,(L),3.688,,3.688
SERBIA,7612,(L),1.544,,1.544
SERBIA,76130000,(L),3.688,,3.688
SERBIA,7614,(L),2.238,,2.238
SERBIA,76161000,(L),3.688,,3.688
SERBIA,76169100,(L),3.688,,3.688
SERBIA,76169910,(L),1.513,,1.513
SERBIA,76169990,(L),3.688,,3.688
SERBIA,28041000,,10.820,,10.820
SERBIA,26011200,,0.120,0.110,0.220
SERBIA,7201,,2.160,,2.160
SERBIA,720211,,1.690,,1.690
SERBIA,720241,,2.350,,2.350
SERBIA,7205,(C)/(F),2.310,,2.310
SERBIA,7206,,see below,see below,see below
SERBIA,72061000,(C),2.400,,2.400
SERBIA,72069000,(C),2.410,,2.410
SERBIA,7207,,see below,see below,see below
SERBIA,72071111,(C),2.410,,2.410
SERBIA,72071114,(C),2.410,,2.410
SERBIA,72071116,(C),2.410,,2.410
SERBIA,72071190,(C),2.400,,2.400
SERBIA,72071210,(C),2.410,,2.410
SERBIA,72071290,(C),2.400,,2.400
SERBIA,72071912,(C),2.410,,2.410
SERBIA,72071919,(C),2.400,,2.400
SERBIA,72071980,(C),2.410,,2.410
SERBIA,72072011,(C),2.410,,2.410
SERBIA,72072015,(C),2.410,,2.410
SERBIA,72072017,(C),2.410,,2.410
SERBIA,72072019,(C),2.400,,2.400
SERBIA,72072032,(C),2.410,,2.410
SERBIA,72072039,(C),2.400,,2.400
SERBIA,72072052,(C),2.410,,2.410
SERBIA,72072059,(C),2.400,,2.400
SERBIA,72072080,(C),2.410,,2.410
SERBIA,7208,(C),2.410,,2.410
SERBIA,7209,(C),2.410,,2.410
SERBIA,7210,(C),2.410,,2.410
SERBIA,7211,,see below,see below,see below
SERBIA,72111300,(C),2.410,,2.410
SERBIA,72111400,(C),2.410,,2.410
SERBIA,72111900,(C),2.410,,2.410
SERBIA,721123,(C),2.410,,2.410
SERBIA,72112900,(C),2.410,,2.410
SERBIA,721190,(C),2.410,,2.410
SERBIA,7212,(C),2.641,,2.641
SERBIA,7213,(C),2.410,,2.410
SERBIA,7214,,see below,see below,see below
SERBIA,72141000,(C),2.400,,2.400
SERBIA,72142000,(C),2.410,,2.410
SERBIA,72143000,(C),2.410,,2.410
SERBIA,721491,(C),2.410,,2.410
SERBIA,721499,(C),2.410,,2.410
SERBIA,7215,(C),2.410,,2.410
SERBIA,7216,(C),2.410,,2.410
SERBIA,7217,,see below,see below,see below
SERBIA,721710,(C),2.410,,2.410
SERBIA,721720,(C),2.410,,2.410
SERBIA,721730,(C),2.410,,2.410
SERBIA,721790,(C),2.410,,2.410
SERBIA,7218,,see below,see below,see below
SERBIA,72181000,,2.580,,2.580
SERBIA,721891,,2.590,,2.590
SERBIA,72189911,,2.590,,2.590
SERBIA,72189919,,2.580,,2.580
SERBIA,72189920,,2.590,,2.590
SERBIA,72189980,,2.580,,2.580
SERBIA,7219,,see below,see below,see below
SERBIA,72191100,,2.590,,2.590
SERBIA,721912,,2.590,,2.590
SERBIA,721913,,2.590,,2.590
SERBIA,721914,,2.590,,2.590
SERBIA,721921,,2.590,,2.590
SERBIA,721922,,2.590,,2.590
SERBIA,72192300,,2.590,,2.590
SERBIA,72192400,,2.590,,2.590
SERBIA,72193100,,2.590,,2.590
SERBIA,721932,,2.590,,2.590
SERBIA,721933,,2.590,,2.590
SERBIA,721934,,2.590,,2.590
SERBIA,721935,,2.590,,2.590
SERBIA,721990,,2.590,,2.590
SERBIA,7220,,see below,see below,see below
SERBIA,72201100,,2.590,,2.590
SERBIA,72201200,,2.590,,2.590
SERBIA,722020,,2.590,,2.590
SERBIA,722090,,2.590,,2.590
SERBIA,7221,,2.590,,2.590
SERBIA,7222,,see below,see below,see below
SERBIA,722211,,2.590,,2.590
SERBIA,722219,,2.590,,2.590
SERBIA,722220,,2.590,,2.590
SERBIA,722230,,2.580,,2.580
SERBIA,722240,,2.590,,2.590
SERBIA,7223,,see below,see below,see below
SERBIA,722300,,2.590,,2.590
SERBIA,7224,,see below,see below,see below
SERBIA,722410,(F),2.550,,2.550
SERBIA,72249002,(F),2.560,,2.560
SERBIA,72249003,(F),2.560,,2.560
SERBIA,72249005,(F),2.560,,2.560
SERBIA,72249007,(F),2.560,,2.560
SERBIA,72249014,(F),2.560,,2.560
SERBIA,72249018,(F),2.550,,2.550
SERBIA,72249031,(F),2.560,,2.560
SERBIA,72249038,(F),2.560,,2.560
SERBIA,72249090,(F),2.550,,2.550
SERBIA,7225,,see below,see below,see below
SERBIA,72251100,(C),3.390,,3.390
SERBIA,72251910,(C),2.560,,2.560
SERBIA,72251990,(C),2.560,,2.560
SERBIA,722530,(F),2.560,,2.560
SERBIA,722540,(F),2.560,,2.560
SERBIA,722550,(F),2.560,,2.560
SERBIA,72259100,(F),2.560,,2.560
SERBIA,72259200,(F),2.560,,2.560
SERBIA,72259900,(F),2.560,,2.560
SERBIA,7226,,see below,see below,see below
SERBIA,72261100,(C),3.390,,3.390
SERBIA,72261910,(C),2.560,,2.560
SERBIA,72261980,(C),2.560,,2.560
SERBIA,72262000,(F),2.560,,2.560
SERBIA,722691,(F),2.560,,2.560
SERBIA,72269200,(F),2.560,,2.560
SERBIA,722699,(F),2.560,,2.560
SERBIA,7227,(C)/(F),2.560,,2.560
SERBIA,7228,,see below,see below,see below
SERBIA,72281020,(F),2.560,,2.560
SERBIA,72281050,(F),2.550,,2.550
SERBIA,72281090,(F),2.560,,2.560
SERBIA,722820,(F),2.560,,2.560
SERBIA,722830,(C)/(F),2.560,,2.560
SERBIA,722840,(F),2.550,,2.550
SERBIA,722850,(C)/(F),2.560,,2.560
SERBIA,722860,(F),2.560,,2.560
SERBIA,722870,(F),2.560,,2.560
SERBIA,72288000,(F),2.560,,2.560
SERBIA,7229,(C)/(F),2.560,,2.560
SERBIA,7301,(C),2.410,,2.410
SERBIA,7302,(C),2.460,,2.460
SERBIA,7303,,see below,see below,see below
SERBIA,730300,,2.230,,2.230
SERBIA,7304,,see below,see below,see below
SERBIA,73041100,,2.590,,2.590
SERBIA,730419,(C),2.410,,2.410
SERBIA,73042200,,2.590,,2.590
SERBIA,73042300,(C),2.410,,2.410
SERBIA,73042400,,2.590,,2.590
SERBIA,730429,(C),2.410,,2.410
SERBIA,730431,(C),2.410,,2.410
SERBIA,730439,(C),2.410,,2.410
SERBIA,73044100,,2.590,,2.590
SERBIA,730449,,2.590,,2.590
SERBIA,730451,(F),2.310,,2.310
SERBIA,730459,(C)/(F),2.310,,2.310
SERBIA,73049000,(C),2.410,,2.410
SERBIA,7305,(C),2.410,,2.410
SERBIA,7306,,see below,see below,see below
SERBIA,73061100,,2.590,,2.590
SERBIA,73061900,(C),2.410,,2.410
SERBIA,73062100,,2.590,,2.590
SERBIA,73062900,(C),2.410,,2.410
SERBIA,73063012,(C),2.410,,2.410
SERBIA,73063018,(C),2.410,,2.410
SERBIA,73063041,(C),2.410,,2.410
SERBIA,73063049,(C),2.410,,2.410
SERBIA,73063072,(C),2.410,,2.410
SERBIA,73063077,(C),2.410,,2.410
SERBIA,73063080,(C),2.410,,2.410
SERBIA,73064020,,2.590,,2.590
SERBIA,73064080,,2.590,,2.590
SERBIA,73065021,(F),2.320,,2.320
SERBIA,73065029,(F),2.320,,2.320
SERBIA,73065080,(F),2.320,,2.320
SERBIA,73066110,,2.590,,2.590
SERBIA,73066192,(C),2.410,,2.410
SERBIA,73066199,(C),2.410,,2.410
SERBIA,73066910,,2.590,,2.590
SERBIA,73066990,(C),2.410,,2.410
SERBIA,73069000,(C),2.410,,2.410
SERBIA,7307,,see below,see below,see below
SERBIA,730711,,2.220,,2.220
SERBIA,73071910,,2.220,,2.220
SERBIA,73071990,(C),2.400,,2.400
SERBIA,73072100,,2.480,,2.480
SERBIA,730722,,2.480,,2.480
SERBIA,730723,,2.480,,2.480
SERBIA,730729,,2.480,,2.480
SERBIA,73079100,(C),2.410,,2.410
SERBIA,730792,(C),2.410,,2.410
SERBIA,730793,(C),2.410,,2.410
SERBIA,730799,(C),2.410,,2.410
SERBIA,7308,(C),2.480,,2.480
SERBIA,7309,(C),2.510,,2.510
SERBIA,7310,(C),2.410,,2.410
SERBIA,7311,,see below,see below,see below
SERBIA,731100,(C),2.510,,2.510
SERBIA,7318,,see below,see below,see below
SERBIA,73181100,(C),2.410,,2.410
SERBIA,73181210,,2.590,,2.590
SERBIA,73181290,(C),2.410,,2.410
SERBIA,73181300,(C),2.410,,2.410
SERBIA,73181410,,2.590,,2.590
SERBIA,73181491,(C),2.410,,2.410
SERBIA,73181499,(C),2.410,,2.410
SERBIA,731815,(C),2.440,,2.440
SERBIA,731816,(C),2.440,,2.440
SERBIA,73181900,(C),2.410,,2.410
SERBIA,73182100,(C),2.410,,2.410
SERBIA,73182200,(C),2.450,,2.450
SERBIA,73182300,(C),2.420,,2.420
SERBIA,73182400,(C),2.410,,2.410
SERBIA,73182900,(C),2.410,,2.410
SERBIA,7326,,see below,see below,see below
SERBIA,73261100,(C),2.400,,2.400
SERBIA,732619,(C),2.400,,2.400
SERBIA,73262000,(C),2.410,,2.410
SERBIA,73269030,(C),2.410,,2.410
SERBIA,73269040,(C),2.410,,2.410
SERBIA,73269050,(C),2.410,,2.410
SERBIA,73269060,(C),2.410,,2.410
SERBIA,73269092,(C),2.400,,2.400
SERBIA,73269094,(C),2.400,,2.400
SERBIA,73269096,(C),2.400,,2.400
SERBIA,73269098,(C),2.410,,2.410
SIERRA LEONE,28041000,,10.820,,10.820
SINGAPORE,25232900,,1.030,0.060,1.090
SINGAPORE,2523900090,(A),0.990,0.060,1.050
SINGAPORE,7601,(L),0.360,,0.360
SINGAPORE,7603,(L),1.780,,1.780
SINGAPORE,76041010,(L),2.010,,2.010
SINGAPORE,76041090,(L),2.020,,2.020
SINGAPORE,76042100,(L),2.020,,2.020
SINGAPORE,76042910,(L),2.010,,2.010
SINGAPORE,76042990,(L),2.020,,2.020
SINGAPORE,7605,(L),2.010,,2.010
SINGAPORE,7606,(L),2.460,,2.460
SINGAPORE,7607,(L),2.460,,2.460
SINGAPORE,7608,(L),2.020,,2.020
SINGAPORE,76090000,(L),2.020,,2.020
SINGAPORE,76101000,(L),2.020,,2.020
SINGAPORE,761090,(L),2.020,,2.020
SINGAPORE,76109010,(L),2.020,,2.020
SINGAPORE,76109090,(L),2.020,,2.020
SINGAPORE,76110000,(L),2.460,,2.460
SINGAPORE,7612,(L),2.460,,2.460
SINGAPORE,76130000,(L),2.460,,2.460
SINGAPORE,7614,(L),2.010,,2.010
SINGAPORE,76161000,(L),2.460,,2.460
SINGAPORE,76169100,(L),2.460,,2.460
SINGAPORE,76169910,(L),1.780,,1.780
SINGAPORE,76169990,(L),2.460,,2.460
SINGAPORE,28041000,,14.030,,14.030
SINGAPORE,720211,,1.690,,1.690
SINGAPORE,720241,,2.350,,2.350
SINGAPORE,72026000,,3.480,,3.480
SOUTH AFRICA,28080000,,2.020,0.080,2.100
SOUTH AFRICA,28141000,,3.390,0.250,3.640
SOUTH AFRICA,28142000,,1.020,0.070,1.090
SOUTH AFRICA,28342100,,1.950,0.120,2.070
SOUTH AFRICA,3102,,see below,see below,see below
SOUTH AFRICA,31021012,,0.720,0.060,0.780
SOUTH AFRICA,31021015,,1.190,0.060,1.260
SOUTH AFRICA,31021019,,2.160,0.200,2.360
SOUTH AFRICA,31021090,,2.120,0.190,2.310
SOUTH AFRICA,31022100,,0.970,0.150,1.120
SOUTH AFRICA,31022900,,1.500,0.170,1.670
SOUTH AFRICA,31023010,,1.490,0.130,1.620
SOUTH AFRICA,31023090,,2.300,0.190,2.490
SOUTH AFRICA,31024010,,1.970,0.180,2.150
SOUTH AFRICA,31024090,,1.970,0.180,2.150
SOUTH AFRICA,31025000,,3.140,0.130,3.270
SOUTH AFRICA,31026000,,1.930,0.170,2.100
SOUTH AFRICA,31028000,,1.710,0.150,1.860
SOUTH AFRICA,31029000,,1.950,0.180,2.140
SOUTH AFRICA,3105,,see below,see below,see below
SOUTH AFRICA,31051000,,0.910,0.150,1.060
SOUTH AFRICA,31052010,,1.020,0.180,1.200
SOUTH AFRICA,31052090,,0.700,0.140,0.840
SOUTH AFRICA,31053000,,0.790,0.110,0.900
SOUTH AFRICA,31054000,,0.500,0.090,0.590
SOUTH AFRICA,31055100,,1.380,0.220,1.600
SOUTH AFRICA,31055900,,0.900,0.180,1.070
SOUTH AFRICA,31059020,,1.340,0.140,1.480
SOUTH AFRICA,31059080,,0.690,0.100,0.790
SOUTH AFRICA,7601,(K),2.358,,2.358
SOUTH AFRICA,7603,(K),1.990,,1.990
SOUTH AFRICA,76041010,(K),2.210,,2.210
SOUTH AFRICA,76041090,(K),2.230,,2.230
SOUTH AFRICA,76042100,(K),2.230,,2.230
SOUTH AFRICA,76042910,(K),2.210,,2.210
SOUTH AFRICA,76042990,(K),2.230,,2.230
SOUTH AFRICA,7605,(K),2.210,,2.210
SOUTH AFRICA,7606,(K),2.670,,2.670
SOUTH AFRICA,7607,(K),2.670,,2.670
SOUTH AFRICA,7608,(K),2.230,,2.230
SOUTH AFRICA,76090000,(K),2.230,,2.230
SOUTH AFRICA,76101000,(K),2.230,,2.230
SOUTH AFRICA,761090,(K),2.230,,2.230
SOUTH AFRICA,76109010,(K),2.230,,2.230
SOUTH AFRICA,76109090,(K),2.230,,2.230
SOUTH AFRICA,76110000,(K),2.670,,2.670
SOUTH AFRICA,7612,(K),2.670,,2.670
SOUTH AFRICA,76130000,(K),2.670,,2.670
SOUTH AFRICA,7614,(K),2.210,,2.210
SOUTH AFRICA,76161000,(K),2.670,,2.670
SOUTH AFRICA,76169100,(K),2.670,,2.670
SOUTH AFRICA,76169910,(K),1.990,,1.990
SOUTH AFRICA,76169990,(K),2.670,,2.670
SOUTH AFRICA,28041000,,25.940,,25.940
SOUTH AFRICA,7201,,3.470,,3.470
SOUTH AFRICA,720211,,1.690,,1.690
SOUTH AFRICA,720241,,2.350,,2.350
SOUTH AFRICA,720249,,2.870,,2.870
SOUTH AFRICA,72026000,,3.480,,3.480
SOUTH AFRICA,7203,,0.760,,0.760
SOUTH AFRICA,7205,(C)/(F),3.890,,3.890
SOUTH AFRICA,7206,,see below,see below,see below
SOUTH AFRICA,72061000,(C),4.020,,4.020
SOUTH AFRICA,72069000,(C),4.030,,4.030
SOUTH AFRICA,7207,,see below,see below,see below
SOUTH AFRICA,72071111,(C),4.030,,4.030
SOUTH AFRICA,72071114,(C),4.030,,4.030
SOUTH AFRICA,72071116,(C),4.030,,4.030
SOUTH AFRICA,72071190,(C),4.020,,4.020
SOUTH AFRICA,72071210,(C),4.030,,4.030
SOUTH AFRICA,72071290,(C),4.020,,4.020
SOUTH AFRICA,72071912,(C),4.030,,4.030
SOUTH AFRICA,72071919,(C),4.020,,4.020
SOUTH AFRICA,72071980,(C),4.030,,4.030
SOUTH AFRICA,72072011,(C),4.030,,4.030
SOUTH AFRICA,72072015,(C),4.030,,4.030
SOUTH AFRICA,72072017,(C),4.030,,4.030
SOUTH AFRICA,72072019,(C),4.020,,4.020
SOUTH AFRICA,72072032,(C),4.030,,4.030
SOUTH AFRICA,72072039,(C),4.020,,4.020
SOUTH AFRICA,72072052,(C),4.030,,4.030
SOUTH AFRICA,72072059,(C),4.020,,4.020
SOUTH AFRICA,72072080,(C),4.030,,4.030
SOUTH AFRICA,7208,(C),4.140,,4.140
SOUTH AFRICA,7209,(C),4.220,,4.220
SOUTH AFRICA,7210,(C),4.220,,4.220
SOUTH AFRICA,7211,,see below,see below,see below
SOUTH AFRICA,72111300,(C),4.140,,4.140
SOUTH AFRICA,72111400,(C),4.140,,4.140
SOUTH AFRICA,72111900,(C),4.140,,4.140
SOUTH AFRICA,721123,(C),4.220,,4.220
SOUTH AFRICA,72112900,(C),4.220,,4.220
SOUTH AFRICA,721190,(C),4.220,,4.220
SOUTH AFRICA,7212,(C),4.220,,4.220
SOUTH AFRICA,7213,(C),4.030,,4.030
SOUTH AFRICA,7214,,see below,see below,see below
SOUTH AFRICA,72141000,(C),4.020,,4.020
SOUTH AFRICA,72142000,(C),4.030,,4.030
SOUTH AFRICA,72143000,(C),4.030,,4.030
SOUTH AFRICA,721491,(C),4.030,,4.030
SOUTH AFRICA,721499,(C),4.030,,4.030
SOUTH AFRICA,7215,(C),4.030,,4.030
SOUTH AFRICA,7216,(C),4.030,,4.030
SOUTH AFRICA,7217,,see below,see below,see below
SOUTH AFRICA,721710,(C),4.030,,4.030
SOUTH AFRICA,721720,(C),4.030,,4.030
SOUTH AFRICA,721730,(C),4.030,,4.030
SOUTH AFRICA,721790,(C),4.030,,4.030
SOUTH AFRICA,7218,,see below,see below,see below
SOUTH AFRICA,72181000,,3.620,,3.620
SOUTH AFRICA,721891,,3.810,,3.810
SOUTH AFRICA,72189911,,3.810,,3.810
SOUTH AFRICA,72189919,,3.620,,3.620
SOUTH AFRICA,72189920,,3.810,,3.810
SOUTH AFRICA,72189980,,3.620,,3.620
SOUTH AFRICA,7219,,see below,see below,see below
SOUTH AFRICA,72191100,,3.810,,3.810
SOUTH AFRICA,721912,,3.810,,3.810
SOUTH AFRICA,721913,,3.810,,3.810
SOUTH AFRICA,721914,,3.810,,3.810
SOUTH AFRICA,721921,,3.810,,3.810
SOUTH AFRICA,721922,,3.810,,3.810
SOUTH AFRICA,72192300,,3.810,,3.810
SOUTH AFRICA,72192400,,3.810,,3.810
SOUTH AFRICA,72193100,,3.890,,3.890
SOUTH AFRICA,721932,,3.890,,3.890
SOUTH AFRICA,721933,,3.890,,3.890
SOUTH AFRICA,721934,,3.890,,3.890
SOUTH AFRICA,721935,,3.890,,3.890
SOUTH AFRICA,721990,,3.890,,3.890
SOUTH AFRICA,7220,,see below,see below,see below
SOUTH AFRICA,72201100,,3.810,,3.810
SOUTH AFRICA,72201200,,3.810,,3.810
SOUTH AFRICA,722020,,3.890,,3.890
SOUTH AFRICA,722090,,3.890,,3.890
SOUTH AFRICA,7221,,3.620,,3.620
SOUTH AFRICA,7222,,see below,see below,see below
SOUTH AFRICA,722211,,3.620,,3.620
SOUTH AFRICA,722219,,3.620,,3.620
SOUTH AFRICA,722220,,3.620,,3.620
SOUTH AFRICA,722230,,3.620,,3.620
SOUTH AFRICA,722240,,3.620,,3.620
SOUTH AFRICA,7223,,see below,see below,see below
SOUTH AFRICA,722300,,3.620,,3.620
SOUTH AFRICA,7224,,see below,see below,see below
SOUTH AFRICA,722410,(F),3.890,,3.890
SOUTH AFRICA,72249002,(F),4.080,,4.080
SOUTH AFRICA,72249003,(F),4.080,,4.080
SOUTH AFRICA,72249005,(F),4.080,,4.080
SOUTH AFRICA,72249007,(F),4.080,,4.080
SOUTH AFRICA,72249014,(F),4.080,,4.080
SOUTH AFRICA,72249018,(F),3.890,,3.890
SOUTH AFRICA,72249031,(F),4.080,,4.080
SOUTH AFRICA,72249038,(F),4.080,,4.080
SOUTH AFRICA,72249090,(F),3.890,,3.890
SOUTH AFRICA,7225,,see below,see below,see below
SOUTH AFRICA,72251100,(C),5.340,,5.340
SOUTH AFRICA,72251910,(C),4.080,,4.080
SOUTH AFRICA,72251990,(C),4.160,,4.160
SOUTH AFRICA,722530,(F),4.080,,4.080
SOUTH AFRICA,722540,(F),4.080,,4.080
SOUTH AFRICA,722550,(F),4.160,,4.160
SOUTH AFRICA,72259100,(F),4.160,,4.160
SOUTH AFRICA,72259200,(F),4.160,,4.160
SOUTH AFRICA,72259900,(F),4.160,,4.160
SOUTH AFRICA,7226,,see below,see below,see below
SOUTH AFRICA,72261100,(C),5.340,,5.340
SOUTH AFRICA,72261910,(C),4.080,,4.080
SOUTH AFRICA,72261980,(C),4.160,,4.160
SOUTH AFRICA,72262000,(F),4.080,,4.080
SOUTH AFRICA,722691,(F),4.080,,4.080
SOUTH AFRICA,72269200,(F),4.160,,4.160
SOUTH AFRICA,722699,(F),4.160,,4.160
SOUTH AFRICA,7227,(C)/(F),3.890,,3.890
SOUTH AFRICA,7228,,see below,see below,see below
SOUTH AFRICA,72281020,(F),3.890,,3.890
SOUTH AFRICA,72281050,(F),3.890,,3.890
SOUTH AFRICA,72281090,(F),3.890,,3.890
SOUTH AFRICA,722820,(F),3.890,,3.890
SOUTH AFRICA,722830,(C)/(F),3.890,,3.890
SOUTH AFRICA,722840,(F),3.890,,3.890
SOUTH AFRICA,722850,(C)/(F),3.890,,3.890
SOUTH AFRICA,722860,(F),3.890,,3.890
SOUTH AFRICA,722870,(F),3.890,,3.890
SOUTH AFRICA,72288000,(F),3.890,,3.890
SOUTH AFRICA,7229,(C)/(F),3.890,,3.890
SOUTH AFRICA,7301,(C),4.220,,4.220
SOUTH AFRICA,7302,(C),4.030,,4.030
SOUTH AFRICA,7303,,see below,see below,see below
SOUTH AFRICA,730300,,3.480,,3.480
SOUTH AFRICA,7304,,see below,see below,see below
SOUTH AFRICA,73041100,,3.620,,3.620
SOUTH AFRICA,730419,(C),4.030,,4.030
SOUTH AFRICA,73042200,,3.620,,3.620
SOUTH AFRICA,73042300,(C),4.030,,4.030
SOUTH AFRICA,73042400,,3.620,,3.620
SOUTH AFRICA,730429,(C),4.030,,4.030
SOUTH AFRICA,730431,(C),4.030,,4.030
SOUTH AFRICA,730439,(C),4.030,,4.030
SOUTH AFRICA,73044100,,3.620,,3.620
SOUTH AFRICA,730449,,3.620,,3.620
SOUTH AFRICA,730451,(F),3.850,,3.850
SOUTH AFRICA,730459,(C)/(F),3.850,,3.850
SOUTH AFRICA,73049000,(C),4.030,,4.030
SOUTH AFRICA,7305,(C),4.220,,4.220
SOUTH AFRICA,7306,,see below,see below,see below
SOUTH AFRICA,73061100,,3.890,,3.890
SOUTH AFRICA,73061900,(C),4.220,,4.220
SOUTH AFRICA,73062100,,3.890,,3.890
SOUTH AFRICA,73062900,(C),4.220,,4.220
SOUTH AFRICA,73063012,(C),4.220,,4.220
SOUTH AFRICA,73063018,(C),4.140,,4.140
SOUTH AFRICA,73063041,(C),4.220,,4.220
SOUTH AFRICA,73063049,(C),4.220,,4.220
SOUTH AFRICA,73063072,(C),4.220,,4.220
SOUTH AFRICA,73063077,(C),4.220,,4.220
SOUTH AFRICA,73063080,(C),4.220,,4.220
SOUTH AFRICA,73064020,,3.890,,3.890
SOUTH AFRICA,73064080,,3.810,,3.810
SOUTH AFRICA,73065021,(F),4.160,,4.160
SOUTH AFRICA,73065029,(F),4.080,,4.080
SOUTH AFRICA,73065080,(F),4.160,,4.160
SOUTH AFRICA,73066110,,3.890,,3.890
SOUTH AFRICA,73066192,(C),4.220,,4.220
SOUTH AFRICA,73066199,(C),4.220,,4.220
SOUTH AFRICA,73066910,,3.890,,3.890
SOUTH AFRICA,73066990,(C),4.220,,4.220
SOUTH AFRICA,73069000,(C),4.220,,4.220
SOUTH AFRICA,7307,,see below,see below,see below
SOUTH AFRICA,730711,,3.480,,3.480
SOUTH AFRICA,73071910,,3.480,,3.480
SOUTH AFRICA,73071990,(C),4.020,,4.020
SOUTH AFRICA,73072100,,3.870,,3.870
SOUTH AFRICA,730722,,3.870,,3.870
SOUTH AFRICA,730723,,3.870,,3.870
SOUTH AFRICA,730729,,3.870,,3.870
SOUTH AFRICA,73079100,(C),4.030,,4.030
SOUTH AFRICA,730792,(C),4.030,,4.030
SOUTH AFRICA,730793,(C),4.030,,4.030
SOUTH AFRICA,730799,(C),4.030,,4.030
SOUTH AFRICA,7308,(C),4.220,,4.220
SOUTH AFRICA,7309,(C),4.220,,4.220
SOUTH AFRICA,7310,(C),4.220,,4.220
SOUTH AFRICA,7311,,see below,see below,see below
SOUTH AFRICA,731100,(C),4.030,,4.030
SOUTH AFRICA,7318,,see below,see below,see below
SOUTH AFRICA,73181100,(C),4.030,,4.030
SOUTH AFRICA,73181210,,3.620,,3.620
SOUTH AFRICA,73181290,(C),4.030,,4.030
SOUTH AFRICA,73181300,(C),4.030,,4.030
SOUTH AFRICA,73181410,,3.620,,3.620
SOUTH AFRICA,73181491,(C),4.030,,4.030
SOUTH AFRICA,73181499,(C),4.030,,4.030
SOUTH AFRICA,731815,(C),4.030,,4.030
SOUTH AFRICA,731816,(C),4.030,,4.030
SOUTH AFRICA,73181900,(C),4.030,,4.030
SOUTH AFRICA,73182100,(C),4.030,,4.030
SOUTH AFRICA,73182200,(C),4.030,,4.030
SOUTH AFRICA,73182300,(C),4.030,,4.030
SOUTH AFRICA,73182400,(C),4.030,,4.030
SOUTH AFRICA,73182900,(C),4.030,,4.030
SOUTH AFRICA,7326,,see below,see below,see below
SOUTH AFRICA,73261100,(C),4.020,,4.020
SOUTH AFRICA,732619,(C),4.020,,4.020
SOUTH AFRICA,73262000,(C),4.030,,4.030
SOUTH AFRICA,73269030,(C),4.030,,4.030
SOUTH AFRICA,73269040,(C),4.030,,4.030
SOUTH AFRICA,73269050,(C),4.030,,4.030
SOUTH AFRICA,73269060,(C),4.030,,4.030
SOUTH AFRICA,73269092,(C),4.020,,4.020
SOUTH AFRICA,73269094,(C),4.020,,4.020
SOUTH AFRICA,73269096,(C),4.020,,4.020
SOUTH AFRICA,73269098,(C),4.220,,4.220
SRI LANKA,2523100090,(A),0.870,0.040,0.900
SRI LANKA,25232900,,1.000,0.060,1.060
SRI LANKA,2523900090,(A),0.950,0.070,1.020
SRI LANKA,28080000,,2.040,0.070,2.110
SRI LANKA,28142000,,0.700,0.060,0.770
SRI LANKA,28342100,,1.780,0.100,1.880
SRI LANKA,3102,,see below,see below,see below
SRI LANKA,31021012,,0.520,0.050,0.570
SRI LANKA,31021015,,0.860,0.050,0.920
SRI LANKA,31021019,,1.570,0.150,1.720
SRI LANKA,31021090,,1.540,0.150,1.690
SRI LANKA,31022100,,0.680,0.100,0.790
SRI LANKA,31022900,,1.250,0.120,1.370
SRI LANKA,31023010,,1.360,0.090,1.450
SRI LANKA,31023090,,2.080,0.140,2.230
SRI LANKA,31024010,,1.800,0.130,1.920
SRI LANKA,31024090,,1.800,0.130,1.920
SRI LANKA,31025000,,3.180,0.100,3.290
SRI LANKA,31026000,,1.750,0.120,1.870
SRI LANKA,31028000,,1.430,0.120,1.550
SRI LANKA,31029000,,1.560,0.140,1.690
SRI LANKA,3105,,see below,see below,see below
SRI LANKA,31051000,,0.740,0.100,0.840
SRI LANKA,31052010,,0.900,0.120,1.020
SRI LANKA,31052090,,0.610,0.090,0.700
SRI LANKA,31053000,,0.550,0.080,0.630
SRI LANKA,31054000,,0.350,0.060,0.410
SRI LANKA,31055100,,1.230,0.150,1.380
SRI LANKA,31055900,,0.630,0.120,0.750
SRI LANKA,31059020,,1.190,0.100,1.290
SRI LANKA,31059080,,0.610,0.060,0.680
SRI LANKA,7601,(L),0.360,,0.360
SRI LANKA,7603,(L),1.050,,1.050
SRI LANKA,76041010,(L),1.280,,1.280
SRI LANKA,76041090,(L),1.290,,1.290
SRI LANKA,76042100,(L),1.290,,1.290
SRI LANKA,76042910,(L),1.280,,1.280
SRI LANKA,76042990,(L),1.290,,1.290
SRI LANKA,7605,(L),1.280,,1.280
SRI LANKA,7606,(L),1.730,,1.730
SRI LANKA,7607,(L),1.730,,1.730
SRI LANKA,7608,(L),1.290,,1.290
SRI LANKA,76090000,(L),1.290,,1.290
SRI LANKA,76101000,(L),1.290,,1.290
SRI LANKA,761090,(L),1.290,,1.290
SRI LANKA,76109010,(L),1.290,,1.290
SRI LANKA,76109090,(L),1.290,,1.290
SRI LANKA,76110000,(L),1.730,,1.730
SRI LANKA,7612,(L),1.730,,1.730
SRI LANKA,76130000,(L),1.730,,1.730
SRI LANKA,7614,(L),1.280,,1.280
SRI LANKA,76161000,(L),1.730,,1.730
SRI LANKA,76169100,(L),1.730,,1.730
SRI LANKA,76169910,(L),1.050,,1.050
SRI LANKA,76169990,(L),1.730,,1.730
SRI LANKA,28041000,,10.820,,10.820
SUDAN,2523100090,(A),0.850,0.020,0.870
SUDAN,25232900,,0.860,0.040,0.900
SUDAN,2523900090,(A),0.820,0.040,0.870
SUDAN,28080000,,1.920,0.040,1.960
SUDAN,28142000,,0.610,0.030,0.640
SUDAN,28342100,,1.650,0.050,1.700
SUDAN,3102,,see below,see below,see below
SUDAN,31021012,,0.460,0.030,0.490
SUDAN,31021015,,0.770,0.030,0.790
SUDAN,31021019,,1.400,0.080,1.480
SUDAN,31021090,,1.360,0.080,1.440
SUDAN,31022100,,0.600,0.050,0.660
SUDAN,31022900,,1.140,0.060,1.200
SUDAN,31023010,,1.260,0.050,1.300
SUDAN,31023090,,1.930,0.070,2.010
SUDAN,31024010,,1.670,0.070,1.740
SUDAN,31024090,,1.670,0.070,1.740
SUDAN,31025000,,3.000,0.060,3.060
SUDAN,31026000,,1.620,0.060,1.680
SUDAN,31028000,,1.300,0.060,1.360
SUDAN,31029000,,1.410,0.070,1.480
SUDAN,3105,,see below,see below,see below
SUDAN,31051000,,0.670,0.050,0.730
SUDAN,31052010,,0.840,0.060,0.900
SUDAN,31052090,,0.570,0.050,0.610
SUDAN,31053000,,0.480,0.040,0.520
SUDAN,31054000,,0.310,0.030,0.340
SUDAN,31055100,,1.140,0.080,1.220
SUDAN,31055900,,0.560,0.080,0.640
SUDAN,31059020,,1.100,0.050,1.150
SUDAN,31059080,,0.570,0.030,0.600
SUDAN,28041000,,10.820,,10.820
SURINAME,25232900,,1.180,0.060,1.240
SURINAME,2523900090,(A),1.120,0.060,1.180
SURINAME,28080000,,1.800,0.040,1.840
SURINAME,28142000,,0.680,0.040,0.720
SURINAME,28342100,,1.580,0.060,1.630
SURINAME,3102,,see below,see below,see below
SURINAME,31021012,,0.430,0.030,0.450
SURINAME,31021015,,0.710,0.030,0.730
SURINAME,31021019,,1.280,0.080,1.360
SURINAME,31021090,,1.260,0.080,1.340
SURINAME,31022100,,0.580,0.040,0.620
SURINAME,31022900,,1.080,0.050,1.130
SURINAME,31023010,,1.180,0.040,1.220
SURINAME,31023090,,1.810,0.060,1.880
SURINAME,31024010,,1.520,0.050,1.570
SURINAME,31024090,,1.520,0.050,1.570
SURINAME,31025000,,2.800,0.070,2.870
SURINAME,31026000,,1.520,0.050,1.570
SURINAME,31028000,,1.230,0.050,1.280
SURINAME,31029000,,1.300,0.060,1.370
SURINAME,3105,,see below,see below,see below
SURINAME,31051000,,0.630,0.030,0.660
SURINAME,31052010,,0.750,0.030,0.780
SURINAME,31052090,,0.500,0.020,0.520
SURINAME,31053000,,0.500,0.030,0.530
SURINAME,31054000,,0.300,0.020,0.320
SURINAME,31055100,,1.030,0.040,1.070
SURINAME,31055900,,0.520,0.030,0.550
SURINAME,31059020,,1.030,0.040,1.070
SURINAME,31059080,,0.520,0.020,0.530
SURINAME,28041000,,10.820,,10.820
SYRIA,2523100090,(A),1.280,0.050,1.330
SYRIA,25232900,,1.280,0.100,1.380
SYRIA,2523900090,(A),1.220,0.100,1.320
SYRIA,28080000,,2.460,0.060,2.520
SYRIA,28141000,,1.970,0.180,2.140
SYRIA,28142000,,0.590,0.050,0.640
SYRIA,28342100,,1.990,0.080,2.080
SYRIA,3102,,see below,see below,see below
SYRIA,31021012,,0.440,0.050,0.490
SYRIA,31021015,,0.740,0.050,0.780
SYRIA,31021019,,1.340,0.140,1.480
SYRIA,31021090,,1.310,0.140,1.450
SYRIA,31022100,,0.580,0.110,0.690
SYRIA,31022900,,1.280,0.120,1.400
SYRIA,31023010,,1.510,0.090,1.600
SYRIA,31023090,,2.320,0.140,2.460
SYRIA,31024010,,1.990,0.130,2.120
SYRIA,31024090,,1.990,0.130,2.120
SYRIA,31025000,,3.840,0.090,3.930
SYRIA,31026000,,1.940,0.120,2.070
SYRIA,31028000,,1.460,0.110,1.570
SYRIA,31029000,,1.500,0.130,1.630
SYRIA,3105,,see below,see below,see below
SYRIA,31051000,,0.740,0.110,0.850
SYRIA,31052010,,0.980,0.130,1.110
SYRIA,31052090,,0.660,0.100,0.760
SYRIA,31053000,,0.460,0.080,0.540
SYRIA,31054000,,0.300,0.060,0.360
SYRIA,31055100,,1.340,0.160,1.510
SYRIA,31055900,,0.540,0.120,0.660
SYRIA,31059020,,1.310,0.100,1.410
SYRIA,31059080,,0.670,0.070,0.740
SYRIA,7601,(L),0.360,,0.360
SYRIA,7603,(L),0.490,,0.490
SYRIA,76041010,(L),0.710,,0.710
SYRIA,76041090,(L),0.730,,0.730
SYRIA,76042100,(L),0.730,,0.730
SYRIA,76042910,(L),0.710,,0.710
SYRIA,76042990,(L),0.730,,0.730
SYRIA,7605,(L),0.710,,0.710
SYRIA,7606,(L),1.170,,1.170
SYRIA,7607,(L),1.170,,1.170
SYRIA,7608,(L),0.730,,0.730
SYRIA,76090000,(L),0.730,,0.730
SYRIA,76101000,(L),0.730,,0.730
SYRIA,761090,(L),0.730,,0.730
SYRIA,76109010,(L),0.730,,0.730
SYRIA,76109090,(L),0.730,,0.730
SYRIA,76110000,(L),1.170,,1.170
SYRIA,7612,(L),1.170,,1.170
SYRIA,76130000,(L),1.170,,1.170
SYRIA,7614,(L),0.710,,0.710
SYRIA,76161000,(L),1.170,,1.170
SYRIA,76169100,(L),1.170,,1.170
SYRIA,76169910,(L),0.490,,0.490
SYRIA,76169990,(L),1.170,,1.170
SYRIA,28041000,,10.820,,10.820
TAIWAN,2523100090,(A),0.830,0.040,0.860
TAIWAN,25232900,,0.830,0.070,0.890
TAIWAN,28080000,,2.110,0.050,2.160
TAIWAN,28141000,,2.050,0.150,2.200
TAIWAN,28142000,,0.620,0.040,0.660
TAIWAN,28342100,,1.760,0.070,1.830
TAIWAN,3102,,see below,see below,see below
TAIWAN,31021012,,0.420,0.040,0.460
TAIWAN,31021015,,0.700,0.040,0.740
TAIWAN,31021019,,1.270,0.120,1.390
TAIWAN,31021090,,1.240,0.120,1.360
TAIWAN,31022100,,0.580,0.090,0.660
TAIWAN,31022900,,1.170,0.100,1.270
TAIWAN,31023010,,1.330,0.080,1.410
TAIWAN,31023090,,2.050,0.120,2.170
TAIWAN,31024010,,1.740,0.110,1.850
TAIWAN,31024090,,1.740,0.110,1.850
TAIWAN,31025000,,3.300,0.080,3.370
TAIWAN,31026000,,1.720,0.100,1.820
TAIWAN,31028000,,1.320,0.090,1.410
TAIWAN,31029000,,1.370,0.110,1.480
TAIWAN,3105,,see below,see below,see below
TAIWAN,31051000,,0.680,0.090,0.770
TAIWAN,31052010,,0.860,0.110,0.970
TAIWAN,31052090,,0.580,0.080,0.670
TAIWAN,31053000,,0.480,0.070,0.540
TAIWAN,31054000,,0.300,0.050,0.360
TAIWAN,31055100,,1.180,0.130,1.320
TAIWAN,31055900,,0.530,0.100,0.640
TAIWAN,31059020,,1.160,0.080,1.250
TAIWAN,31059080,,0.600,0.060,0.650
TAIWAN,7601,(L),0.360,,0.360
TAIWAN,7603,(L),0.470,,0.470
TAIWAN,76041010,(L),0.690,,0.690
TAIWAN,76041090,(L),0.710,,0.710
TAIWAN,76042100,(L),0.710,,0.710
TAIWAN,76042910,(L),0.690,,0.690
TAIWAN,76042990,(L),0.710,,0.710
TAIWAN,7605,(L),0.690,,0.690
TAIWAN,7606,(L),1.150,,1.150
TAIWAN,7607,(L),1.150,,1.150
TAIWAN,7608,(L),0.710,,0.710
TAIWAN,76090000,(L),0.710,,0.710
TAIWAN,76101000,(L),0.710,,0.710
TAIWAN,761090,(L),0.710,,0.710
TAIWAN,76109010,(L),0.710,,0.710
TAIWAN,76109090,(L),0.710,,0.710
TAIWAN,76110000,(L),1.150,,1.150
TAIWAN,7612,(L),1.150,,1.150
TAIWAN,76130000,(L),1.150,,1.150
TAIWAN,7614,(L),0.690,,0.690
TAIWAN,76161000,(L),1.150,,1.150
TAIWAN,76169100,(L),1.150,,1.150
TAIWAN,76169910,(L),0.470,,0.470
TAIWAN,76169990,(L),1.150,,1.150
TAIWAN,28041000,,10.820,,10.820
TAIWAN,26011200,,0.180,0.040,0.220
TAIWAN,7201,,1.860,,1.860
TAIWAN,7205,(C)/(F),1.870,,1.870
TAIWAN,7206,,see below,see below,see below
TAIWAN,72061000,(C),1.940,,1.940
TAIWAN,72069000,(C),1.940,,1.940
TAIWAN,7207,,see below,see below,see below
TAIWAN,72071111,(C),2.298,,2.298
TAIWAN,72071114,(C),2.298,,2.298
TAIWAN,72071116,(C),2.298,,2.298
TAIWAN,72071190,(C),2.474,,2.474
TAIWAN,72071210,(C),2.298,,2.298
TAIWAN,72071290,(C),2.474,,2.474
TAIWAN,72071912,(C),2.298,,2.298
TAIWAN,72071919,(C),2.474,,2.474
TAIWAN,72071980,(C),2.298,,2.298
TAIWAN,72072011,(C),2.298,,2.298
TAIWAN,72072015,(C),2.298,,2.298
TAIWAN,72072017,(C),2.298,,2.298
TAIWAN,72072019,(C),2.474,,2.474
TAIWAN,72072032,(C),2.298,,2.298
TAIWAN,72072039,(C),2.474,,2.474
TAIWAN,72072052,(C),2.298,,2.298
TAIWAN,72072059,(C),2.474,,2.474
TAIWAN,72072080,(C),2.298,,2.298
TAIWAN,7208,(C),2.310,,2.310
TAIWAN,7209,(C),2.333,,2.333
TAIWAN,7210,(C),2.333,,2.333
TAIWAN,7211,,see below,see below,see below
TAIWAN,72111300,(C),2.310,,2.310
TAIWAN,72111400,(C),2.310,,2.310
TAIWAN,72111900,(C),2.310,,2.310
TAIWAN,721123,(C),2.333,,2.333
TAIWAN,72112900,(C),2.333,,2.333
TAIWAN,721190,(C),2.333,,2.333
TAIWAN,7212,(C),2.333,,2.333
TAIWAN,7213,(C),2.298,,2.298
TAIWAN,7214,,see below,see below,see below
TAIWAN,72141000,(C),2.474,,2.474
TAIWAN,72142000,(C),2.298,,2.298
TAIWAN,72143000,(C),2.298,,2.298
TAIWAN,721491,(C),2.298,,2.298
TAIWAN,721499,(C),2.298,,2.298
TAIWAN,7215,(C),2.298,,2.298
TAIWAN,7216,(C),2.298,,2.298
TAIWAN,7217,,see below,see below,see below
TAIWAN,721710,(C),2.298,,2.298
TAIWAN,721720,(C),2.298,,2.298
TAIWAN,721730,(C),2.298,,2.298
TAIWAN,721790,(C),2.298,,2.298
TAIWAN,7218,,see below,see below,see below
TAIWAN,7219,,see below,see below,see below
TAIWAN,7220,,see below,see below,see below
TAIWAN,7222,,see below,see below,see below
TAIWAN,7223,,see below,see below,see below
TAIWAN,7224,,see below,see below,see below
TAIWAN,722410,(F),2.280,,2.280
TAIWAN,72249002,(F),2.150,,2.150
TAIWAN,72249003,(F),2.150,,2.150
TAIWAN,72249005,(F),2.150,,2.150
TAIWAN,72249007,(F),2.150,,2.150
TAIWAN,72249014,(F),2.150,,2.150
TAIWAN,72249018,(F),2.280,,2.280
TAIWAN,72249031,(F),2.150,,2.150
TAIWAN,72249038,(F),2.150,,2.150
TAIWAN,72249090,(F),2.280,,2.280
TAIWAN,7225,,see below,see below,see below
TAIWAN,72251100,(C),2.830,,2.830
TAIWAN,72251910,(C),2.364,,2.364
TAIWAN,72251990,(C),2.364,,2.364
TAIWAN,722530,(F),2.364,,2.364
TAIWAN,722540,(F),2.364,,2.364
TAIWAN,722550,(F),2.364,,2.364
TAIWAN,72259100,(F),2.364,,2.364
TAIWAN,72259200,(F),2.364,,2.364
TAIWAN,72259900,(F),2.364,,2.364
TAIWAN,7226,,see below,see below,see below
TAIWAN,72261100,(C),2.830,,2.830
TAIWAN,72261910,(C),2.150,,2.150
TAIWAN,72261980,(C),2.170,,2.170
TAIWAN,72262000,(F),2.150,,2.150
TAIWAN,722691,(F),2.150,,2.150
TAIWAN,72269200,(F),2.170,,2.170
TAIWAN,722699,(F),2.170,,2.170
TAIWAN,7227,(C)/(F),2.170,,2.170
TAIWAN,7228,,see below,see below,see below
TAIWAN,72281020,(F),2.170,,2.170
TAIWAN,72281050,(F),2.280,,2.280
TAIWAN,72281090,(F),2.170,,2.170
TAIWAN,722820,(F),2.170,,2.170
TAIWAN,722830,(C)/(F),2.170,,2.170
TAIWAN,722840,(F),2.280,,2.280
TAIWAN,722850,(C)/(F),2.170,,2.170
TAIWAN,722860,(F),2.170,,2.170
TAIWAN,722870,(F),2.170,,2.170
TAIWAN,72288000,(F),2.170,,2.170
TAIWAN,7229,(C)/(F),2.170,,2.170
TAIWAN,7301,(C),2.333,,2.333
TAIWAN,7302,(C),2.383,,2.383
TAIWAN,7303,,see below,see below,see below
TAIWAN,730300,,2.473,,2.473
TAIWAN,7304,,see below,see below,see below
TAIWAN,73041100,,2.513,,2.513
TAIWAN,730419,(C),2.313,,2.313
TAIWAN,73042200,,2.513,,2.513
TAIWAN,73042300,(C),2.313,,2.313
TAIWAN,73042400,,2.513,,2.513
TAIWAN,730429,(C),2.313,,2.313
TAIWAN,730431,(C),2.313,,2.313
TAIWAN,730439,(C),2.313,,2.313
TAIWAN,73044100,,2.513,,2.513
TAIWAN,730449,,2.513,,2.513
TAIWAN,730451,(F),2.233,,2.233
TAIWAN,730459,(C)/(F),2.233,,2.233
TAIWAN,73049000,(C),2.313,,2.313
TAIWAN,7305,(C),2.333,,2.333
TAIWAN,7306,,see below,see below,see below
TAIWAN,73061100,,2.543,,2.543
TAIWAN,73061900,(C),2.333,,2.333
TAIWAN,73062100,,2.543,,2.543
TAIWAN,73062900,(C),2.333,,2.333
TAIWAN,73063012,(C),2.333,,2.333
TAIWAN,73063018,(C),2.313,,2.313
TAIWAN,73063041,(C),2.333,,2.333
TAIWAN,73063049,(C),2.333,,2.333
TAIWAN,73063072,(C),2.333,,2.333
TAIWAN,73063077,(C),2.333,,2.333
TAIWAN,73063080,(C),2.333,,2.333
TAIWAN,73064020,,2.543,,2.543
TAIWAN,73064080,,2.523,,2.523
TAIWAN,73065021,(F),2.273,,2.273
TAIWAN,73065029,(F),2.253,,2.253
TAIWAN,73065080,(F),2.273,,2.273
TAIWAN,73066110,,2.543,,2.543
TAIWAN,73066192,(C),2.333,,2.333
TAIWAN,73066199,(C),2.333,,2.333
TAIWAN,73066910,,2.543,,2.543
TAIWAN,73066990,(C),2.333,,2.333
TAIWAN,73069000,(C),2.333,,2.333
TAIWAN,7307,,see below,see below,see below
TAIWAN,730711,,2.373,,2.373
TAIWAN,73071910,,2.373,,2.373
TAIWAN,73071990,(C),2.453,,2.453
TAIWAN,73072100,,2.543,,2.543
TAIWAN,730722,,2.543,,2.543
TAIWAN,730723,,2.543,,2.543
TAIWAN,730729,,2.543,,2.543
TAIWAN,73079100,(C),2.313,,2.313
TAIWAN,730792,(C),2.313,,2.313
TAIWAN,730793,(C),2.313,,2.313
TAIWAN,730799,(C),2.313,,2.313
TAIWAN,7308,(C),2.423,,2.423
TAIWAN,7309,(C),2.443,,2.443
TAIWAN,7310,(C),2.333,,2.333
TAIWAN,7311,,see below,see below,see below
TAIWAN,731100,(C),2.423,,2.423
TAIWAN,7318,,see below,see below,see below
TAIWAN,73181100,(C),2.707,,2.707
TAIWAN,73181210,,2.707,,2.707
TAIWAN,73181290,(C),2.707,,2.707
TAIWAN,73181300,(C),2.707,,2.707
TAIWAN,73181410,,2.707,,2.707
TAIWAN,73181491,(C),2.707,,2.707
TAIWAN,73181499,(C),2.707,,2.707
TAIWAN,731815,(C),2.707,,2.707
TAIWAN,731816,(C),2.707,,2.707
TAIWAN,73181900,(C),2.707,,2.707
TAIWAN,73182100,(C),2.707,,2.707
TAIWAN,73182200,(C),2.707,,2.707
TAIWAN,73182300,(C),2.707,,2.707
TAIWAN,73182400,(C),2.707,,2.707
TAIWAN,73182900,(C),2.707,,2.707
TAIWAN,7326,,see below,see below,see below
TAIWAN,73261100,(C),2.453,,2.453
TAIWAN,732619,(C),2.453,,2.453
TAIWAN,73262000,(C),2.303,,2.303
TAIWAN,73269030,(C),2.303,,2.303
TAIWAN,73269040,(C),2.303,,2.303
TAIWAN,73269050,(C),2.303,,2.303
TAIWAN,73269060,(C),2.303,,2.303
TAIWAN,73269092,(C),2.453,,2.453
TAIWAN,73269094,(C),2.453,,2.453
TAIWAN,73269096,(C),2.453,,2.453
TAIWAN,73269098,(C),2.333,,2.333
TAJIKISTAN,2523100090,(A),1.360,0.000,1.360
TAJIKISTAN,25232900,,1.360,0.010,1.360
TAJIKISTAN,2523900090,(A),1.290,0.010,1.300
TAJIKISTAN,28080000,,2.700,0.040,2.740
TAJIKISTAN,28142000,,0.650,0.040,0.690
TAJIKISTAN,28342100,,2.180,0.050,2.230
TAJIKISTAN,3102,,see below,see below,see below
TAJIKISTAN,31021012,,0.470,0.030,0.490
TAJIKISTAN,31021015,,0.770,0.030,0.800
TAJIKISTAN,31021019,,1.410,0.080,1.490
TAJIKISTAN,31021090,,1.380,0.080,1.450
TAJIKISTAN,31022100,,0.620,0.040,0.660
TAJIKISTAN,31022900,,1.390,0.050,1.440
TAJIKISTAN,31023010,,1.650,0.040,1.690
TAJIKISTAN,31023090,,2.540,0.060,2.600
TAJIKISTAN,31024010,,2.160,0.050,2.210
TAJIKISTAN,31024090,,2.160,0.050,2.210
TAJIKISTAN,31025000,,4.220,0.060,4.280
TAJIKISTAN,31026000,,2.120,0.050,2.180
TAJIKISTAN,31028000,,1.580,0.050,1.630
TAJIKISTAN,31029000,,1.610,0.060,1.670
TAJIKISTAN,3105,,see below,see below,see below
TAJIKISTAN,31051000,,0.800,0.040,0.840
TAJIKISTAN,31052010,,1.060,0.030,1.090
TAJIKISTAN,31052090,,0.710,0.020,0.740
TAJIKISTAN,31053000,,0.510,0.030,0.540
TAJIKISTAN,31054000,,0.320,0.020,0.340
TAJIKISTAN,31055100,,1.460,0.040,1.500
TAJIKISTAN,31055900,,0.580,0.070,0.640
TAJIKISTAN,31059020,,1.430,0.040,1.470
TAJIKISTAN,31059080,,0.730,0.020,0.750
TAJIKISTAN,7601,(K),1.700,,1.700
TAJIKISTAN,7603,(K),1.810,,1.810
TAJIKISTAN,76041010,(K),2.040,,2.040
TAJIKISTAN,76041090,(K),2.050,,2.050
TAJIKISTAN,76042100,(K),2.050,,2.050
TAJIKISTAN,76042910,(K),2.040,,2.040
TAJIKISTAN,76042990,(K),2.050,,2.050
TAJIKISTAN,7605,(K),2.040,,2.040
TAJIKISTAN,7606,(K),2.490,,2.490
TAJIKISTAN,7607,(K),2.490,,2.490
TAJIKISTAN,7608,(K),2.050,,2.050
TAJIKISTAN,76090000,(K),2.050,,2.050
TAJIKISTAN,76101000,(K),2.050,,2.050
TAJIKISTAN,761090,(K),2.050,,2.050
TAJIKISTAN,76109010,(K),2.050,,2.050
TAJIKISTAN,76109090,(K),2.050,,2.050
TAJIKISTAN,76110000,(K),2.490,,2.490
TAJIKISTAN,7612,(K),2.490,,2.490
TAJIKISTAN,76130000,(K),2.490,,2.490
TAJIKISTAN,7614,(K),2.040,,2.040
TAJIKISTAN,76161000,(K),2.490,,2.490
TAJIKISTAN,76169100,(K),2.490,,2.490
TAJIKISTAN,76169910,(K),1.810,,1.810
TAJIKISTAN,76169990,(K),2.490,,2.490
TAJIKISTAN,28041000,,10.820,,10.820
"TANZANIA, UNITED REPUBLIC OF",2523100090,(A),0.850,0.030,0.880
"TANZANIA, UNITED REPUBLIC OF",25232900,,0.850,0.050,0.900
"TANZANIA, UNITED REPUBLIC OF",2523900090,(A),0.810,0.050,0.860
"TANZANIA, UNITED REPUBLIC OF",28080000,,1.640,0.050,1.680
"TANZANIA, UNITED REPUBLIC OF",28142000,,0.600,0.050,0.650
"TANZANIA, UNITED REPUBLIC OF",28342100,,1.460,0.070,1.520
"TANZANIA, UNITED REPUBLIC OF",3102,,see below,see below,see below
"TANZANIA, UNITED REPUBLIC OF",31021012,,0.440,0.040,0.480
"TANZANIA, UNITED REPUBLIC OF",31021015,,0.730,0.040,0.770
"TANZANIA, UNITED REPUBLIC OF",31021019,,1.330,0.110,1.440
"TANZANIA, UNITED REPUBLIC OF",31021090,,1.300,0.100,1.410
"TANZANIA, UNITED REPUBLIC OF",31022100,,0.580,0.070,0.650
"TANZANIA, UNITED REPUBLIC OF",31022900,,1.040,0.080,1.120
"TANZANIA, UNITED REPUBLIC OF",31023010,,1.110,0.060,1.170
"TANZANIA, UNITED REPUBLIC OF",31023090,,1.700,0.100,1.800
"TANZANIA, UNITED REPUBLIC OF",31024010,,1.470,0.090,1.550
"TANZANIA, UNITED REPUBLIC OF",31024090,,1.470,0.090,1.550
"TANZANIA, UNITED REPUBLIC OF",31025000,,2.560,0.070,2.630
"TANZANIA, UNITED REPUBLIC OF",31026000,,1.430,0.080,1.510
"TANZANIA, UNITED REPUBLIC OF",31028000,,1.180,0.080,1.260
"TANZANIA, UNITED REPUBLIC OF",31029000,,1.300,0.090,1.390
"TANZANIA, UNITED REPUBLIC OF",3105,,see below,see below,see below
"TANZANIA, UNITED REPUBLIC OF",31051000,,0.620,0.070,0.680
"TANZANIA, UNITED REPUBLIC OF",31052010,,0.740,0.080,0.820
"TANZANIA, UNITED REPUBLIC OF",31052090,,0.500,0.060,0.560
"TANZANIA, UNITED REPUBLIC OF",31053000,,0.470,0.050,0.520
"TANZANIA, UNITED REPUBLIC OF",31054000,,0.300,0.040,0.340
"TANZANIA, UNITED REPUBLIC OF",31055100,,1.010,0.100,1.100
"TANZANIA, UNITED REPUBLIC OF",31055900,,0.540,0.090,0.630
"TANZANIA, UNITED REPUBLIC OF",31059020,,0.980,0.060,1.040
"TANZANIA, UNITED REPUBLIC OF",31059080,,0.510,0.040,0.550
"TANZANIA, UNITED REPUBLIC OF",7601,(L),0.360,,0.360
"TANZANIA, UNITED REPUBLIC OF",7603,(L),0.600,,0.600
"TANZANIA, UNITED REPUBLIC OF",76041010,(L),0.830,,0.830
"TANZANIA, UNITED REPUBLIC OF",76041090,(L),0.840,,0.840
"TANZANIA, UNITED REPUBLIC OF",76042100,(L),0.840,,0.840
"TANZANIA, UNITED REPUBLIC OF",76042910,(L),0.830,,0.830
"TANZANIA, UNITED REPUBLIC OF",76042990,(L),0.840,,0.840
"TANZANIA, UNITED REPUBLIC OF",7605,(L),0.830,,0.830
"TANZANIA, UNITED REPUBLIC OF",7606,(L),1.280,,1.280
"TANZANIA, UNITED REPUBLIC OF",7607,(L),1.280,,1.280
"TANZANIA, UNITED REPUBLIC OF",7608,(L),0.840,,0.840
"TANZANIA, UNITED REPUBLIC OF",76090000,(L),0.840,,0.840
"TANZANIA, UNITED REPUBLIC OF",76101000,(L),0.840,,0.840
"TANZANIA, UNITED REPUBLIC OF",761090,(L),0.840,,0.840
"TANZANIA, UNITED REPUBLIC OF",76109010,(L),0.840,,0.840
"TANZANIA, UNITED REPUBLIC OF",76109090,(L),0.840,,0.840
"TANZANIA, UNITED REPUBLIC OF",76110000,(L),1.280,,1.280
"TANZANIA, UNITED REPUBLIC OF",7612,(L),1.280,,1.280
"TANZANIA, UNITED REPUBLIC OF",76130000,(L),1.280,,1.280
"TANZANIA, UNITED REPUBLIC OF",7614,(L),0.830,,0.830
"TANZANIA, UNITED REPUBLIC OF",76161000,(L),1.280,,1.280
"TANZANIA, UNITED REPUBLIC OF",76169100,(L),1.280,,1.280
"TANZANIA, UNITED REPUBLIC OF",76169910,(L),0.600,,0.600
"TANZANIA, UNITED REPUBLIC OF",76169990,(L),1.280,,1.280
THAILAND,28080000,,2.080,0.060,2.130
THAILAND,28141000,,2.060,0.180,2.240
THAILAND,28142000,,0.620,0.050,0.670
THAILAND,28342100,,1.760,0.080,1.840
THAILAND,3102,,see below,see below,see below
THAILAND,31021012,,0.460,0.050,0.510
THAILAND,31021015,,0.770,0.050,0.820
THAILAND,31021019,,1.400,0.140,1.540
THAILAND,31021090,,1.370,0.140,1.510
THAILAND,31022100,,0.610,0.100,0.710
THAILAND,31022900,,1.190,0.120,1.310
THAILAND,31023010,,1.330,0.090,1.420
THAILAND,31023090,,2.050,0.140,2.190
THAILAND,31024010,,1.770,0.130,1.890
THAILAND,31024090,,1.770,0.130,1.890
THAILAND,31025000,,3.240,0.090,3.330
THAILAND,31026000,,1.720,0.120,1.840
THAILAND,31028000,,1.360,0.110,1.470
THAILAND,31029000,,1.450,0.130,1.580
THAILAND,3105,,see below,see below,see below
THAILAND,31051000,,0.700,0.110,0.800
THAILAND,31052010,,0.880,0.130,1.010
THAILAND,31052090,,0.600,0.100,0.700
THAILAND,31053000,,0.480,0.080,0.560
THAILAND,31054000,,0.310,0.060,0.370
THAILAND,31055100,,1.200,0.160,1.360
THAILAND,31055900,,0.560,0.120,0.680
THAILAND,31059020,,1.170,0.100,1.260
THAILAND,31059080,,0.600,0.070,0.670
THAILAND,7601,(L),0.360,,0.360
THAILAND,7603,(L),1.050,,1.050
THAILAND,76041010,(L),1.270,,1.270
THAILAND,76041090,(L),1.290,,1.290
THAILAND,76042100,(L),1.290,,1.290
THAILAND,76042910,(L),1.270,,1.270
THAILAND,76042990,(L),1.290,,1.290
THAILAND,7605,(L),1.270,,1.270
THAILAND,7606,(L),1.730,,1.730
THAILAND,7607,(L),1.730,,1.730
THAILAND,7608,(L),1.290,,1.290
THAILAND,76090000,(L),1.290,,1.290
THAILAND,76101000,(L),1.290,,1.290
THAILAND,761090,(L),1.290,,1.290
THAILAND,76109010,(L),1.290,,1.290
THAILAND,76109090,(L),1.290,,1.290
THAILAND,76110000,(L),1.730,,1.730
THAILAND,7612,(L),1.730,,1.730
THAILAND,76130000,(L),1.730,,1.730
THAILAND,7614,(L),1.270,,1.270
THAILAND,76161000,(L),1.730,,1.730
THAILAND,76169100,(L),1.730,,1.730
THAILAND,76169910,(L),1.050,,1.050
THAILAND,76169990,(L),1.730,,1.730
THAILAND,28041000,,10.820,,10.820
THAILAND,26011200,,1.130,0.070,1.190
THAILAND,720211,,1.690,,1.690
THAILAND,720241,,2.350,,2.350
THAILAND,72026000,,3.480,,3.480
THAILAND,7205,(E)/(H),1.430,,1.430
THAILAND,7206,,see below,see below,see below
THAILAND,72061000,(E),0.210,,0.210
THAILAND,72069000,(E),0.210,,0.210
THAILAND,7207,,see below,see below,see below
THAILAND,72071111,(E),1.920,,1.920
THAILAND,72071114,(E),1.920,,1.920
THAILAND,72071116,(E),1.920,,1.920
THAILAND,72071190,(E),1.440,,1.440
THAILAND,72071210,(E),1.920,,1.920
THAILAND,72071290,(E),1.440,,1.440
THAILAND,72071912,(E),1.920,,1.920
THAILAND,72071919,(E),1.440,,1.440
THAILAND,72071980,(E),1.920,,1.920
THAILAND,72072011,(E),1.920,,1.920
THAILAND,72072015,(E),1.920,,1.920
THAILAND,72072017,(E),1.920,,1.920
THAILAND,72072019,(E),1.440,,1.440
THAILAND,72072032,(E),1.920,,1.920
THAILAND,72072039,(E),1.440,,1.440
THAILAND,72072052,(E),1.920,,1.920
THAILAND,72072059,(E),1.440,,1.440
THAILAND,72072080,(E),1.920,,1.920
THAILAND,7208,(E),1.920,,1.920
THAILAND,7209,(E),2.331,,2.331
THAILAND,7210,(E),2.331,,2.331
THAILAND,7211,,see below,see below,see below
THAILAND,72111300,(E),1.920,,1.920
THAILAND,72111400,(E),1.920,,1.920
THAILAND,72111900,(E),1.920,,1.920
THAILAND,721123,(E),2.331,,2.331
THAILAND,72112900,(E),2.331,,2.331
THAILAND,721190,(E),2.331,,2.331
THAILAND,7212,(E),2.331,,2.331
THAILAND,7213,(E),1.920,,1.920
THAILAND,7214,,see below,see below,see below
THAILAND,72141000,(E),1.440,,1.440
THAILAND,72142000,(E),1.920,,1.920
THAILAND,72143000,(E),1.920,,1.920
THAILAND,721491,(E),1.920,,1.920
THAILAND,721499,(E),1.920,,1.920
THAILAND,7215,(E),1.920,,1.920
THAILAND,7216,(E),1.920,,1.920
THAILAND,7217,,see below,see below,see below
THAILAND,721710,(E),1.920,,1.920
THAILAND,721720,(E),1.920,,1.920
THAILAND,721730,(E),1.920,,1.920
THAILAND,721790,(E),1.920,,1.920
THAILAND,7224,,see below,see below,see below
THAILAND,722410,(H),3.390,,3.390
THAILAND,72249002,(H),3.520,,3.520
THAILAND,72249003,(H),3.520,,3.520
THAILAND,72249005,(H),3.520,,3.520
THAILAND,72249007,(H),3.520,,3.520
THAILAND,72249014,(H),3.520,,3.520
THAILAND,72249018,(H),3.390,,3.390
THAILAND,72249031,(H),3.520,,3.520
THAILAND,72249038,(H),3.520,,3.520
THAILAND,72249090,(H),3.390,,3.390
THAILAND,7225,,see below,see below,see below
THAILAND,72251100,(E),4.660,,4.660
THAILAND,72251910,(E),3.520,,3.520
THAILAND,72251990,(E),3.570,,3.570
THAILAND,722530,(H),3.520,,3.520
THAILAND,722540,(H),3.520,,3.520
THAILAND,722550,(H),3.570,,3.570
THAILAND,72259100,(H),3.570,,3.570
THAILAND,72259200,(H),3.570,,3.570
THAILAND,72259900,(H),3.570,,3.570
THAILAND,7226,,see below,see below,see below
THAILAND,72261100,(E),4.660,,4.660
THAILAND,72261910,(E),3.520,,3.520
THAILAND,72261980,(E),3.570,,3.570
THAILAND,72262000,(H),3.520,,3.520
THAILAND,722691,(H),3.520,,3.520
THAILAND,72269200,(H),3.570,,3.570
THAILAND,722699,(H),3.570,,3.570
THAILAND,7227,(E)/(H),3.580,,3.580
THAILAND,7228,,see below,see below,see below
THAILAND,72281020,(H),3.580,,3.580
THAILAND,72281050,(H),3.390,,3.390
THAILAND,72281090,(H),3.580,,3.580
THAILAND,722820,(H),3.580,,3.580
THAILAND,722830,(E)/(H),3.580,,3.580
THAILAND,722840,(H),3.390,,3.390
THAILAND,722850,(E)/(H),3.580,,3.580
THAILAND,722860,(H),3.580,,3.580
THAILAND,722870,(H),3.580,,3.580
THAILAND,72288000,(H),3.580,,3.580
THAILAND,7229,(E)/(H),3.580,,3.580
THAILAND,7301,(E),2.039,,2.039
THAILAND,7302,(E),3.950,,3.950
THAILAND,7303,,see below,see below,see below
THAILAND,730300,,3.070,,3.070
THAILAND,7304,,see below,see below,see below
THAILAND,73041100,,4.630,,4.630
THAILAND,730419,(E),1.960,,1.960
THAILAND,73042200,,4.630,,4.630
THAILAND,73042300,(E),1.960,,1.960
THAILAND,73042400,,4.630,,4.630
THAILAND,730429,(E),1.960,,1.960
THAILAND,730431,(E),1.960,,1.960
THAILAND,730439,(E),1.960,,1.960
THAILAND,73044100,,4.630,,4.630
THAILAND,730449,,4.630,,4.630
THAILAND,730451,(H),1.950,,1.950
THAILAND,730459,(E)/(H),1.950,,1.950
THAILAND,73049000,(E),1.960,,1.960
THAILAND,7305,(E),2.079,,2.079
THAILAND,7306,,see below,see below,see below
THAILAND,73061100,,4.810,,4.810
THAILAND,73061900,(E),2.079,,2.079
THAILAND,73062100,,4.810,,4.810
THAILAND,73062900,(E),2.079,,2.079
THAILAND,73063012,(E),2.079,,2.079
THAILAND,73063018,(E),2.030,,2.030
THAILAND,73063041,(E),2.079,,2.079
THAILAND,73063049,(E),2.079,,2.079
THAILAND,73063072,(E),2.079,,2.079
THAILAND,73063077,(E),2.079,,2.079
THAILAND,73063080,(E),2.079,,2.079
THAILAND,73064020,,4.810,,4.810
THAILAND,73064080,,4.750,,4.750
THAILAND,73065021,(H),2.130,,2.130
THAILAND,73065029,(H),2.079,,2.079
THAILAND,73065080,(H),2.130,,2.130
THAILAND,73066110,,4.810,,4.810
THAILAND,73066192,(E),2.079,,2.079
THAILAND,73066199,(E),2.079,,2.079
THAILAND,73066910,,4.810,,4.810
THAILAND,73066990,(E),2.079,,2.079
THAILAND,73069000,(E),2.079,,2.079
THAILAND,7307,,see below,see below,see below
THAILAND,730711,,3.070,,3.070
THAILAND,73071910,,3.070,,3.070
THAILAND,73071990,(E),1.849,,1.849
THAILAND,73072100,,4.109,,4.109
THAILAND,730722,,4.109,,4.109
THAILAND,730723,,4.109,,4.109
THAILAND,730729,,4.109,,4.109
THAILAND,73079100,(E),1.849,,1.849
THAILAND,730792,(E),1.849,,1.849
THAILAND,730793,(E),1.849,,1.849
THAILAND,730799,(E),1.849,,1.849
THAILAND,7308,(E),4.290,,4.290
THAILAND,7309,(E),4.640,,4.640
THAILAND,7310,(E),2.090,,2.090
THAILAND,7311,,see below,see below,see below
THAILAND,731100,(E),4.569,,4.569
THAILAND,7318,,see below,see below,see below
THAILAND,73181100,(E),2.408,,2.408
THAILAND,73181210,,4.689,,4.689
THAILAND,73181290,(E),2.408,,2.408
THAILAND,73181300,(E),2.408,,2.408
THAILAND,73181410,,4.689,,4.689
THAILAND,73181491,(E),2.408,,2.408
THAILAND,73181499,(E),2.408,,2.408
THAILAND,731815,(E),2.408,,2.408
THAILAND,731816,(E),4.449,,4.449
THAILAND,73181900,(E),2.408,,2.408
THAILAND,73182100,(E),2.408,,2.408
THAILAND,73182200,(E),2.408,,2.408
THAILAND,73182300,(E),2.408,,2.408
THAILAND,73182400,(E),2.408,,2.408
THAILAND,73182900,(E),2.408,,2.408
THAILAND,7326,,see below,see below,see below
THAILAND,73261100,(E),1.849,,1.849
THAILAND,732619,(E),1.849,,1.849
THAILAND,73262000,(E),1.920,,1.920
THAILAND,73269030,(E),1.920,,1.920
THAILAND,73269040,(E),1.920,,1.920
THAILAND,73269050,(E),1.920,,1.920
THAILAND,73269060,(E),1.920,,1.920
THAILAND,73269092,(E),1.849,,1.849
THAILAND,73269094,(E),1.849,,1.849
THAILAND,73269096,(E),1.849,,1.849
THAILAND,73269098,(E),1.980,,1.980
TOGO,2523100090,(A),0.850,0.030,0.880
TOGO,25232900,,0.950,0.060,1.000
TOGO,2523900090,(A),0.900,0.060,0.960
TRINIDAD AND TOBAGO,2523100090,(A),0.870,0.040,0.910
TRINIDAD AND TOBAGO,25232900,,0.870,0.070,0.950
TRINIDAD AND TOBAGO,2523900090,(A),0.840,0.080,0.910
TRINIDAD AND TOBAGO,28080000,,1.870,0.050,1.920
TRINIDAD AND TOBAGO,28141000,,2.260,0.150,2.420
TRINIDAD AND TOBAGO,28142000,,0.680,0.050,0.730
TRINIDAD AND TOBAGO,28342100,,1.640,0.070,1.710
TRINIDAD AND TOBAGO,3102,,see below,see below,see below
TRINIDAD AND TOBAGO,31021012,,0.500,0.040,0.530
TRINIDAD AND TOBAGO,31021015,,0.820,0.040,0.860
TRINIDAD AND TOBAGO,31021019,,1.490,0.120,1.610
TRINIDAD AND TOBAGO,31021090,,1.460,0.110,1.570
TRINIDAD AND TOBAGO,31022100,,0.620,0.080,0.710
TRINIDAD AND TOBAGO,31022900,,1.140,0.100,1.240
TRINIDAD AND TOBAGO,31023010,,1.240,0.070,1.310
TRINIDAD AND TOBAGO,31023090,,1.910,0.110,2.020
TRINIDAD AND TOBAGO,31024010,,1.610,0.100,1.720
TRINIDAD AND TOBAGO,31024090,,1.610,0.100,1.720
TRINIDAD AND TOBAGO,31025000,,2.920,0.080,3.000
TRINIDAD AND TOBAGO,31026000,,1.600,0.100,1.700
TRINIDAD AND TOBAGO,31028000,,1.330,0.090,1.420
TRINIDAD AND TOBAGO,31029000,,1.440,0.110,1.550
TRINIDAD AND TOBAGO,3105,,see below,see below,see below
TRINIDAD AND TOBAGO,31051000,,0.670,0.090,0.760
TRINIDAD AND TOBAGO,31052010,,0.810,0.100,0.910
TRINIDAD AND TOBAGO,31052090,,0.550,0.080,0.630
TRINIDAD AND TOBAGO,31053000,,0.520,0.060,0.580
TRINIDAD AND TOBAGO,31054000,,0.330,0.050,0.380
TRINIDAD AND TOBAGO,31055100,,1.100,0.130,1.230
TRINIDAD AND TOBAGO,31055900,,0.580,0.100,0.670
TRINIDAD AND TOBAGO,31059020,,1.090,0.080,1.170
TRINIDAD AND TOBAGO,31059080,,0.560,0.050,0.610
TRINIDAD AND TOBAGO,28041000,,10.820,,10.820
TUNISIA,2523100010,(B),1.290,0.050,1.330
TUNISIA,2523100090,(A),0.850,0.030,0.880
TUNISIA,25232100,,1.260,0.140,1.390
TUNISIA,25232900,,0.860,0.060,0.910
TUNISIA,2523900010,(B),1.300,0.160,1.460
TUNISIA,2523900090,(A),0.820,0.060,0.880
TUNISIA,28080000,,2.570,0.030,2.600
TUNISIA,28141000,,2.000,0.100,2.100
TUNISIA,28142000,,0.600,0.030,0.630
TUNISIA,28342100,,2.070,0.050,2.120
TUNISIA,3102,,see below,see below,see below
TUNISIA,31021012,,0.460,0.030,0.480
TUNISIA,31021015,,0.760,0.030,0.780
TUNISIA,31021019,,1.380,0.080,1.460
TUNISIA,31021090,,1.340,0.080,1.430
TUNISIA,31022100,,0.590,0.060,0.660
TUNISIA,31022900,,1.330,0.070,1.400
TUNISIA,31023010,,1.570,0.050,1.620
TUNISIA,31023090,,2.410,0.080,2.490
TUNISIA,31024010,,2.070,0.080,2.150
TUNISIA,31024090,,2.070,0.080,2.150
TUNISIA,31025000,,4.010,0.050,4.060
TUNISIA,31026000,,2.020,0.070,2.090
TUNISIA,31028000,,1.510,0.060,1.580
TUNISIA,31029000,,1.550,0.080,1.630
TUNISIA,3105,,see below,see below,see below
TUNISIA,31051000,,0.760,0.060,0.830
TUNISIA,31052010,,1.010,0.080,1.090
TUNISIA,31052090,,0.690,0.060,0.750
TUNISIA,31053000,,0.470,0.050,0.520
TUNISIA,31054000,,0.300,0.040,0.340
TUNISIA,31055100,,1.400,0.100,1.490
TUNISIA,31055900,,0.550,0.090,0.640
TUNISIA,31059020,,1.360,0.060,1.420
TUNISIA,31059080,,0.700,0.040,0.740
TUNISIA,7601,(L),0.360,,0.360
TUNISIA,7603,(L),0.760,,0.760
TUNISIA,76041010,(L),0.980,,0.980
TUNISIA,76041090,(L),1.000,,1.000
TUNISIA,76042100,(L),1.000,,1.000
TUNISIA,76042910,(L),0.980,,0.980
TUNISIA,76042990,(L),1.000,,1.000
TUNISIA,7605,(L),0.980,,0.980
TUNISIA,7606,(L),1.440,,1.440
TUNISIA,7607,(L),1.440,,1.440
TUNISIA,7608,(L),1.000,,1.000
TUNISIA,76090000,(L),1.000,,1.000
TUNISIA,76101000,(L),1.000,,1.000
TUNISIA,761090,(L),1.000,,1.000
TUNISIA,76109010,(L),1.000,,1.000
TUNISIA,76109090,(L),1.000,,1.000
TUNISIA,76110000,(L),1.440,,1.440
TUNISIA,7612,(L),1.440,,1.440
TUNISIA,76130000,(L),1.440,,1.440
TUNISIA,7614,(L),0.980,,0.980
TUNISIA,76161000,(L),1.440,,1.440
TUNISIA,76169100,(L),1.440,,1.440
TUNISIA,76169910,(L),0.760,,0.760
TUNISIA,76169990,(L),1.440,,1.440
TUNISIA,28041000,,10.820,,10.820
TÜRKIYE,25233000,,1.820,0.140,1.950
TÜRKIYE,28080000,,2.680,0.030,2.720
TÜRKIYE,28141000,,2.170,0.100,2.270
TÜRKIYE,28142000,,0.650,0.030,0.680
TÜRKIYE,28342100,,2.170,0.050,2.220
TÜRKIYE,3102,,see below,see below,see below
TÜRKIYE,31021012,,0.480,0.020,0.500
TÜRKIYE,31021015,,0.790,0.020,0.820
TÜRKIYE,31021019,,1.440,0.080,1.510
TÜRKIYE,31021090,,1.400,0.080,1.480
TÜRKIYE,31022100,,0.630,0.060,0.680
TÜRKIYE,31022900,,1.400,0.060,1.460
TÜRKIYE,31023010,,1.640,0.050,1.690
TÜRKIYE,31023090,,2.530,0.070,2.600
TÜRKIYE,31024010,,2.160,0.070,2.230
TÜRKIYE,31024090,,2.160,0.070,2.230
TÜRKIYE,31025000,,4.190,0.050,4.240
TÜRKIYE,31026000,,2.120,0.060,2.180
TÜRKIYE,31028000,,1.580,0.060,1.640
TÜRKIYE,31029000,,1.620,0.070,1.690
TÜRKIYE,3105,,see below,see below,see below
TÜRKIYE,31051000,,0.800,0.060,0.860
TÜRKIYE,31052010,,1.060,0.060,1.120
TÜRKIYE,31052090,,0.720,0.050,0.770
TÜRKIYE,31053000,,0.510,0.040,0.550
TÜRKIYE,31054000,,0.320,0.030,0.360
TÜRKIYE,31055100,,1.460,0.080,1.540
TÜRKIYE,31055900,,0.580,0.080,0.660
TÜRKIYE,31059020,,1.430,0.050,1.480
TÜRKIYE,31059080,,0.730,0.040,0.760
TÜRKIYE,7601,(K),1.700,,1.700
TÜRKIYE,7603,(K),3.369,,3.369
TÜRKIYE,76041010,(K),3.741,,3.741
TÜRKIYE,76041090,(K),3.741,,3.741
TÜRKIYE,76042100,(K),3.741,,3.741
TÜRKIYE,76042910,(K),3.741,,3.741
TÜRKIYE,76042990,(K),3.741,,3.741
TÜRKIYE,7605,(K),3.424,,3.424
TÜRKIYE,7606,(K),2.714,,2.714
TÜRKIYE,7607,(K),3.071,,3.071
TÜRKIYE,7608,(K),2.754,,2.754
TÜRKIYE,76090000,(K),3.775,,3.775
TÜRKIYE,76101000,(K),2.674,,2.674
TÜRKIYE,761090,(K),2.674,,2.674
TÜRKIYE,76109010,(K),2.674,,2.674
TÜRKIYE,76109090,(K),2.674,,2.674
TÜRKIYE,76110000,(K),4.520,,4.520
TÜRKIYE,7612,(K),4.520,,4.520
TÜRKIYE,76130000,(K),4.520,,4.520
TÜRKIYE,7614,(K),3.741,,3.741
TÜRKIYE,76161000,(K),3.060,,3.060
TÜRKIYE,76169100,(K),3.060,,3.060
TÜRKIYE,76169910,(K),3.060,,3.060
TÜRKIYE,76169990,(K),3.060,,3.060
TÜRKIYE,28041000,,10.820,,10.820
TÜRKIYE,26011200,,0.180,0.030,0.210
TÜRKIYE,7201,,1.850,,1.850
TÜRKIYE,720211,,1.690,,1.690
TÜRKIYE,720241,,2.350,,2.350
TÜRKIYE,72026000,,3.480,,3.480
TÜRKIYE,7205,(C)/(F),1.890,,1.890
TÜRKIYE,7206,,see below,see below,see below
TÜRKIYE,72061000,(C),1.960,,1.960
TÜRKIYE,72069000,(C),1.960,,1.960
TÜRKIYE,7207,,see below,see below,see below
TÜRKIYE,72071111,(C),2.310,,2.310
TÜRKIYE,72071114,(C),2.310,,2.310
TÜRKIYE,72071116,(C),2.310,,2.310
TÜRKIYE,72071190,(C),3.087,,3.087
TÜRKIYE,72071210,(C),2.310,,2.310
TÜRKIYE,72071290,(C),3.087,,3.087
TÜRKIYE,72071912,(C),2.310,,2.310
TÜRKIYE,72071919,(C),3.087,,3.087
TÜRKIYE,72071980,(C),2.310,,2.310
TÜRKIYE,72072011,(C),2.310,,2.310
TÜRKIYE,72072015,(C),2.310,,2.310
TÜRKIYE,72072017,(C),2.310,,2.310
TÜRKIYE,72072019,(C),3.087,,3.087
TÜRKIYE,72072032,(C),2.310,,2.310
TÜRKIYE,72072039,(C),3.087,,3.087
TÜRKIYE,72072052,(C),2.310,,2.310
TÜRKIYE,72072059,(C),3.087,,3.087
TÜRKIYE,72072080,(C),2.310,,2.310
TÜRKIYE,7208,(C),2.428,,2.428
TÜRKIYE,7209,(C),2.510,,2.510
TÜRKIYE,7210,(C),2.510,,2.510
TÜRKIYE,7211,,see below,see below,see below
TÜRKIYE,72111300,(C),2.428,,2.428
TÜRKIYE,72111400,(C),2.428,,2.428
TÜRKIYE,72111900,(C),2.428,,2.428
TÜRKIYE,721123,(C),2.510,,2.510
TÜRKIYE,72112900,(C),2.510,,2.510
TÜRKIYE,721190,(C),2.510,,2.510
TÜRKIYE,7212,(C),2.510,,2.510
TÜRKIYE,7213,(C),2.310,,2.310
TÜRKIYE,7214,,see below,see below,see below
TÜRKIYE,72141000,(C),3.087,,3.087
TÜRKIYE,72142000,(C),2.310,,2.310
TÜRKIYE,72143000,(C),2.310,,2.310
TÜRKIYE,721491,(C),2.310,,2.310
TÜRKIYE,721499,(C),2.310,,2.310
TÜRKIYE,7215,(C),2.310,,2.310
TÜRKIYE,7216,(C),2.310,,2.310
TÜRKIYE,7217,,see below,see below,see below
TÜRKIYE,721710,(C),2.310,,2.310
TÜRKIYE,721720,(C),2.310,,2.310
TÜRKIYE,721730,(C),2.310,,2.310
TÜRKIYE,721790,(C),2.310,,2.310
TÜRKIYE,7218,,see below,see below,see below
TÜRKIYE,72181000,,5.970,,5.970
TÜRKIYE,721891,,5.470,,5.470
TÜRKIYE,72189911,,5.470,,5.470
TÜRKIYE,72189919,,5.970,,5.970
TÜRKIYE,72189920,,5.470,,5.470
TÜRKIYE,72189980,,5.970,,5.970
TÜRKIYE,7219,,see below,see below,see below
TÜRKIYE,72191100,,5.470,,5.470
TÜRKIYE,721912,,5.470,,5.470
TÜRKIYE,721913,,5.470,,5.470
TÜRKIYE,721914,,5.470,,5.470
TÜRKIYE,721921,,5.470,,5.470
TÜRKIYE,721922,,5.470,,5.470
TÜRKIYE,72192300,,5.470,,5.470
TÜRKIYE,72192400,,5.470,,5.470
TÜRKIYE,72193100,,5.540,,5.540
TÜRKIYE,721932,,5.540,,5.540
TÜRKIYE,721933,,5.540,,5.540
TÜRKIYE,721934,,5.540,,5.540
TÜRKIYE,721935,,5.540,,5.540
TÜRKIYE,721990,,5.540,,5.540
TÜRKIYE,7220,,see below,see below,see below
TÜRKIYE,72201100,,5.470,,5.470
TÜRKIYE,72201200,,5.470,,5.470
TÜRKIYE,722020,,5.540,,5.540
TÜRKIYE,722090,,5.540,,5.540
TÜRKIYE,7221,,5.310,,5.310
TÜRKIYE,7222,,see below,see below,see below
TÜRKIYE,722211,,5.310,,5.310
TÜRKIYE,722219,,5.310,,5.310
TÜRKIYE,722220,,5.310,,5.310
TÜRKIYE,722230,,5.970,,5.970
TÜRKIYE,722240,,5.310,,5.310
TÜRKIYE,7223,,see below,see below,see below
TÜRKIYE,722300,,5.310,,5.310
TÜRKIYE,7224,,see below,see below,see below
TÜRKIYE,722410,(F),6.950,,6.950
TÜRKIYE,72249002,(F),6.450,,6.450
TÜRKIYE,72249003,(F),6.450,,6.450
TÜRKIYE,72249005,(F),6.450,,6.450
TÜRKIYE,72249007,(F),6.450,,6.450
TÜRKIYE,72249014,(F),6.450,,6.450
TÜRKIYE,72249018,(F),6.950,,6.950
TÜRKIYE,72249031,(F),6.450,,6.450
TÜRKIYE,72249038,(F),6.450,,6.450
TÜRKIYE,72249090,(F),6.950,,6.950
TÜRKIYE,7225,,see below,see below,see below
TÜRKIYE,72251100,(C),8.500,,8.500
TÜRKIYE,72251910,(C),6.450,,6.450
TÜRKIYE,72251990,(C),6.520,,6.520
TÜRKIYE,722530,(F),6.450,,6.450
TÜRKIYE,722540,(F),6.450,,6.450
TÜRKIYE,722550,(F),6.520,,6.520
TÜRKIYE,72259100,(F),6.520,,6.520
TÜRKIYE,72259200,(F),6.520,,6.520
TÜRKIYE,72259900,(F),6.520,,6.520
TÜRKIYE,7226,,see below,see below,see below
TÜRKIYE,72261100,(C),8.500,,8.500
TÜRKIYE,72261910,(C),6.450,,6.450
TÜRKIYE,72261980,(C),6.520,,6.520
TÜRKIYE,72262000,(F),6.450,,6.450
TÜRKIYE,722691,(F),6.450,,6.450
TÜRKIYE,72269200,(F),6.520,,6.520
TÜRKIYE,722699,(F),6.520,,6.520
TÜRKIYE,7227,(C)/(F),6.290,,6.290
TÜRKIYE,7228,,see below,see below,see below
TÜRKIYE,72281020,(F),6.290,,6.290
TÜRKIYE,72281050,(F),6.950,,6.950
TÜRKIYE,72281090,(F),6.290,,6.290
TÜRKIYE,722820,(F),6.290,,6.290
TÜRKIYE,722830,(C)/(F),6.290,,6.290
TÜRKIYE,722840,(F),6.950,,6.950
TÜRKIYE,722850,(C)/(F),6.290,,6.290
TÜRKIYE,722860,(F),6.290,,6.290
TÜRKIYE,722870,(F),6.290,,6.290
TÜRKIYE,72288000,(F),6.290,,6.290
TÜRKIYE,7229,(C)/(F),6.290,,6.290
TÜRKIYE,7301,(C),2.510,,2.510
TÜRKIYE,7302,(C),5.360,,5.360
TÜRKIYE,7303,,see below,see below,see below
TÜRKIYE,730300,,2.480,,2.480
TÜRKIYE,7304,,see below,see below,see below
TÜRKIYE,73041100,,5.690,,5.690
TÜRKIYE,730419,(C),2.340,,2.340
TÜRKIYE,73042200,,5.690,,5.690
TÜRKIYE,73042300,(C),2.340,,2.340
TÜRKIYE,73042400,,5.690,,5.690
TÜRKIYE,730429,(C),2.340,,2.340
TÜRKIYE,730431,(C),2.340,,2.340
TÜRKIYE,730439,(C),2.340,,2.340
TÜRKIYE,73044100,,5.690,,5.690
TÜRKIYE,730449,,5.690,,5.690
TÜRKIYE,730451,(F),2.360,,2.360
TÜRKIYE,730459,(C)/(F),2.360,,2.360
TÜRKIYE,73049000,(C),2.340,,2.340
TÜRKIYE,7305,(C),2.182,,2.182
TÜRKIYE,7306,,see below,see below,see below
TÜRKIYE,73061100,,5.920,,5.920
TÜRKIYE,73061900,(C),2.244,,2.244
TÜRKIYE,73062100,,5.920,,5.920
TÜRKIYE,73062900,(C),2.244,,2.244
TÜRKIYE,73063012,(C),2.244,,2.244
TÜRKIYE,73063018,(C),2.244,,2.244
TÜRKIYE,73063041,(C),2.244,,2.244
TÜRKIYE,73063049,(C),2.244,,2.244
TÜRKIYE,73063072,(C),2.244,,2.244
TÜRKIYE,73063077,(C),2.244,,2.244
TÜRKIYE,73063080,(C),2.244,,2.244
TÜRKIYE,73064020,,5.920,,5.920
TÜRKIYE,73064080,,5.850,,5.850
TÜRKIYE,73065021,(F),2.244,,2.244
TÜRKIYE,73065029,(F),2.244,,2.244
TÜRKIYE,73065080,(F),2.244,,2.244
TÜRKIYE,73066110,,5.920,,5.920
TÜRKIYE,73066192,(C),2.244,,2.244
TÜRKIYE,73066199,(C),2.244,,2.244
TÜRKIYE,73066910,,5.920,,5.920
TÜRKIYE,73066990,(C),2.244,,2.244
TÜRKIYE,73069000,(C),2.244,,2.244
TÜRKIYE,7307,,see below,see below,see below
TÜRKIYE,730711,,3.151,,3.151
TÜRKIYE,73071910,,3.151,,3.151
TÜRKIYE,73071990,(C),3.151,,3.151
TÜRKIYE,73072100,,3.710,,3.710
TÜRKIYE,730722,,3.710,,3.710
TÜRKIYE,730723,,3.710,,3.710
TÜRKIYE,730729,,3.710,,3.710
TÜRKIYE,73079100,(C),3.151,,3.151
TÜRKIYE,730792,(C),3.151,,3.151
TÜRKIYE,730793,(C),3.151,,3.151
TÜRKIYE,730799,(C),3.151,,3.151
TÜRKIYE,7308,(C),5.520,,5.520
TÜRKIYE,7309,(C),5.600,,5.600
TÜRKIYE,7310,(C),3.030,,3.030
TÜRKIYE,7311,,see below,see below,see below
TÜRKIYE,731100,(C),5.430,,5.430
TÜRKIYE,7318,,see below,see below,see below
TÜRKIYE,73181100,(C),2.832,,2.832
TÜRKIYE,73181210,,5.690,,5.690
TÜRKIYE,73181290,(C),2.832,,2.832
TÜRKIYE,73181300,(C),2.832,,2.832
TÜRKIYE,73181410,,5.690,,5.690
TÜRKIYE,73181491,(C),2.832,,2.832
TÜRKIYE,73181499,(C),2.832,,2.832
TÜRKIYE,731815,(C),5.430,,5.430
TÜRKIYE,731816,(C),3.790,,3.790
TÜRKIYE,73181900,(C),2.832,,2.832
TÜRKIYE,73182100,(C),2.832,,2.832
TÜRKIYE,73182200,(C),3.430,,3.430
TÜRKIYE,73182300,(C),2.832,,2.832
TÜRKIYE,73182400,(C),2.832,,2.832
TÜRKIYE,73182900,(C),2.832,,2.832
TÜRKIYE,7326,,see below,see below,see below
TÜRKIYE,73261100,(C),3.000,,3.000
TÜRKIYE,732619,(C),3.000,,3.000
TÜRKIYE,73262000,(C),2.583,,2.583
TÜRKIYE,73269030,(C),2.583,,2.583
TÜRKIYE,73269040,(C),2.583,,2.583
TÜRKIYE,73269050,(C),2.583,,2.583
TÜRKIYE,73269060,(C),2.583,,2.583
TÜRKIYE,73269092,(C),3.000,,3.000
TÜRKIYE,73269094,(C),3.000,,3.000
TÜRKIYE,73269096,(C),3.000,,3.000
TÜRKIYE,73269098,(C),2.583,,2.583
TURKMENISTAN,2523100090,(A),1.360,0.050,1.400
TURKMENISTAN,25232900,,1.360,0.090,1.440
TURKMENISTAN,2523900090,(A),1.290,0.090,1.380
TURKMENISTAN,28080000,,2.690,0.070,2.760
TURKMENISTAN,28141000,,2.160,0.210,2.370
TURKMENISTAN,28142000,,0.650,0.060,0.710
TURKMENISTAN,28342100,,2.170,0.100,2.270
TURKMENISTAN,3102,,see below,see below,see below
TURKMENISTAN,31021012,,0.470,0.050,0.520
TURKMENISTAN,31021015,,0.770,0.050,0.830
TURKMENISTAN,31021019,,1.410,0.160,1.570
TURKMENISTAN,31021090,,1.380,0.160,1.530
TURKMENISTAN,31022100,,0.620,0.120,0.740
TURKMENISTAN,31022900,,1.390,0.130,1.520
TURKMENISTAN,31023010,,1.640,0.100,1.750
TURKMENISTAN,31023090,,2.530,0.160,2.690
TURKMENISTAN,31024010,,2.150,0.140,2.300
TURKMENISTAN,31024090,,2.150,0.140,2.300
TURKMENISTAN,31025000,,4.200,0.100,4.310
TURKMENISTAN,31026000,,2.120,0.140,2.260
TURKMENISTAN,31028000,,1.580,0.120,1.700
TURKMENISTAN,31029000,,1.600,0.150,1.750
TURKMENISTAN,3105,,see below,see below,see below
TURKMENISTAN,31051000,,0.800,0.120,0.920
TURKMENISTAN,31052010,,1.050,0.140,1.200
TURKMENISTAN,31052090,,0.710,0.110,0.820
TURKMENISTAN,31053000,,0.500,0.090,0.590
TURKMENISTAN,31054000,,0.320,0.070,0.390
TURKMENISTAN,31055100,,1.450,0.180,1.630
TURKMENISTAN,31055900,,0.570,0.130,0.710
TURKMENISTAN,31059020,,1.430,0.110,1.540
TURKMENISTAN,31059080,,0.730,0.080,0.810
TURKMENISTAN,28041000,,10.820,,10.820
UGANDA,2523100090,(A),0.950,0.010,0.950
UGANDA,25232900,,0.990,0.020,1.010
UGANDA,2523900090,(A),0.940,0.030,0.970
UGANDA,7601,(L),0.360,,0.360
UGANDA,7603,(L),0.510,,0.510
UGANDA,76041010,(L),0.730,,0.730
UGANDA,76041090,(L),0.750,,0.750
UGANDA,76042100,(L),0.750,,0.750
UGANDA,76042910,(L),0.730,,0.730
UGANDA,76042990,(L),0.750,,0.750
UGANDA,7605,(L),0.730,,0.730
UGANDA,7606,(L),1.190,,1.190
UGANDA,7607,(L),1.190,,1.190
UGANDA,7608,(L),0.750,,0.750
UGANDA,76090000,(L),0.750,,0.750
UGANDA,76101000,(L),0.750,,0.750
UGANDA,761090,(L),0.750,,0.750
UGANDA,76109010,(L),0.750,,0.750
UGANDA,76109090,(L),0.750,,0.750
UGANDA,76110000,(L),1.190,,1.190
UGANDA,7612,(L),1.190,,1.190
UGANDA,76130000,(L),1.190,,1.190
UGANDA,7614,(L),0.730,,0.730
UGANDA,76161000,(L),1.190,,1.190
UGANDA,76169100,(L),1.190,,1.190
UGANDA,76169910,(L),0.510,,0.510
UGANDA,76169990,(L),1.190,,1.190
UKRAINE,2523100090,(A),1.340,0.030,1.370
UKRAINE,25232900,,1.340,0.050,1.380
UKRAINE,2523900090,(A),1.270,0.050,1.320
UKRAINE,28080000,,2.700,0.030,2.730
UKRAINE,28141000,,2.160,0.090,2.250
UKRAINE,28142000,,0.650,0.030,0.680
UKRAINE,28342100,,2.180,0.040,2.220
UKRAINE,3102,,see below,see below,see below
UKRAINE,31021012,,0.460,0.020,0.480
UKRAINE,31021015,,0.760,0.020,0.780
UKRAINE,31021019,,1.380,0.070,1.450
UKRAINE,31021090,,1.350,0.070,1.420
UKRAINE,31022100,,0.620,0.050,0.670
UKRAINE,31022900,,1.390,0.060,1.450
UKRAINE,31023010,,1.640,0.040,1.690
UKRAINE,31023090,,2.530,0.070,2.600
UKRAINE,31024010,,2.150,0.060,2.220
UKRAINE,31024090,,2.150,0.060,2.220
UKRAINE,31025000,,4.220,0.050,4.270
UKRAINE,31026000,,2.120,0.060,2.180
UKRAINE,31028000,,1.570,0.060,1.630
UKRAINE,31029000,,1.590,0.060,1.660
UKRAINE,3105,,see below,see below,see below
UKRAINE,31051000,,0.800,0.050,0.850
UKRAINE,31052010,,1.050,0.060,1.120
UKRAINE,31052090,,0.710,0.050,0.760
UKRAINE,31053000,,0.500,0.040,0.540
UKRAINE,31054000,,0.320,0.030,0.350
UKRAINE,31055100,,1.450,0.080,1.530
UKRAINE,31055900,,0.570,0.080,0.640
UKRAINE,31059020,,1.430,0.050,1.480
UKRAINE,31059080,,0.730,0.030,0.760
UKRAINE,7601,(L),0.360,,0.360
UKRAINE,7603,(L),0.490,,0.490
UKRAINE,76041010,(L),0.720,,0.720
UKRAINE,76041090,(L),0.730,,0.730
UKRAINE,76042100,(L),0.730,,0.730
UKRAINE,76042910,(L),0.720,,0.720
UKRAINE,76042990,(L),0.730,,0.730
UKRAINE,7605,(L),0.720,,0.720
UKRAINE,7606,(L),1.180,,1.180
UKRAINE,7607,(L),1.180,,1.180
UKRAINE,7608,(L),0.730,,0.730
UKRAINE,76090000,(L),0.730,,0.730
UKRAINE,76101000,(L),0.730,,0.730
UKRAINE,761090,(L),0.730,,0.730
UKRAINE,76109010,(L),0.730,,0.730
UKRAINE,76109090,(L),0.730,,0.730
UKRAINE,76110000,(L),1.180,,1.180
UKRAINE,7612,(L),1.180,,1.180
UKRAINE,76130000,(L),1.180,,1.180
UKRAINE,7614,(L),0.720,,0.720
UKRAINE,76161000,(L),1.180,,1.180
UKRAINE,76169100,(L),1.180,,1.180
UKRAINE,76169910,(L),0.490,,0.490
UKRAINE,76169990,(L),1.180,,1.180
UKRAINE,28041000,,10.820,,10.820
UKRAINE,26011200,,0.080,0.050,0.120
UKRAINE,7201,,2.173,,2.173
UKRAINE,720211,,1.690,,1.690
UKRAINE,720241,,2.350,,2.350
UKRAINE,72026000,,3.480,,3.480
UKRAINE,7205,(C)/(F),1.910,,1.910
UKRAINE,7206,,see below,see below,see below
UKRAINE,72061000,(C),1.970,,1.970
UKRAINE,72069000,(C),1.970,,1.970
UKRAINE,7207,,see below,see below,see below
UKRAINE,72071111,(C),2.397,,2.397
UKRAINE,72071114,(C),2.397,,2.397
UKRAINE,72071116,(C),2.397,,2.397
UKRAINE,72071190,(C),2.397,,2.397
UKRAINE,72071210,(C),2.397,,2.397
UKRAINE,72071290,(C),2.397,,2.397
UKRAINE,72071912,(C),2.397,,2.397
UKRAINE,72071919,(C),2.397,,2.397
UKRAINE,72071980,(C),2.397,,2.397
UKRAINE,72072011,(C),2.397,,2.397
UKRAINE,72072015,(C),2.397,,2.397
UKRAINE,72072017,(C),2.397,,2.397
UKRAINE,72072019,(C),2.397,,2.397
UKRAINE,72072032,(C),2.397,,2.397
UKRAINE,72072039,(C),2.397,,2.397
UKRAINE,72072052,(C),2.397,,2.397
UKRAINE,72072059,(C),2.397,,2.397
UKRAINE,72072080,(C),2.397,,2.397
UKRAINE,7208,(C),2.483,,2.483
UKRAINE,7209,(C),2.544,,2.544
UKRAINE,7210,(C),2.544,,2.544
UKRAINE,7211,,see below,see below,see below
UKRAINE,72111300,(C),2.483,,2.483
UKRAINE,72111400,(C),2.483,,2.483
UKRAINE,72111900,(C),2.483,,2.483
UKRAINE,721123,(C),2.544,,2.544
UKRAINE,72112900,(C),2.544,,2.544
UKRAINE,721190,(C),2.544,,2.544
UKRAINE,7212,(C),2.544,,2.544
UKRAINE,7213,(C),2.397,,2.397
UKRAINE,7214,,see below,see below,see below
UKRAINE,72141000,(C),2.397,,2.397
UKRAINE,72142000,(C),2.397,,2.397
UKRAINE,72143000,(C),2.397,,2.397
UKRAINE,721491,(C),2.397,,2.397
UKRAINE,721499,(C),2.397,,2.397
UKRAINE,7215,(C),2.397,,2.397
UKRAINE,7216,(C),2.397,,2.397
UKRAINE,7217,,see below,see below,see below
UKRAINE,721710,(C),2.397,,2.397
UKRAINE,721720,(C),2.397,,2.397
UKRAINE,721730,(C),2.397,,2.397
UKRAINE,721790,(C),2.397,,2.397
UKRAINE,7218,,see below,see below,see below
UKRAINE,72181000,,3.110,,3.110
UKRAINE,721891,,3.230,,3.230
UKRAINE,72189911,,3.230,,3.230
UKRAINE,72189919,,3.110,,3.110
UKRAINE,72189920,,3.230,,3.230
UKRAINE,72189980,,3.110,,3.110
UKRAINE,7219,,see below,see below,see below
UKRAINE,72191100,,3.230,,3.230
UKRAINE,721912,,3.230,,3.230
UKRAINE,721913,,3.230,,3.230
UKRAINE,721914,,3.230,,3.230
UKRAINE,721921,,3.230,,3.230
UKRAINE,721922,,3.230,,3.230
UKRAINE,72192300,,3.230,,3.230
UKRAINE,72192400,,3.230,,3.230
UKRAINE,72193100,,3.280,,3.280
UKRAINE,721932,,3.280,,3.280
UKRAINE,721933,,3.280,,3.280
UKRAINE,721934,,3.280,,3.280
UKRAINE,721935,,3.280,,3.280
UKRAINE,721990,,3.280,,3.280
UKRAINE,7220,,see below,see below,see below
UKRAINE,72201100,,3.230,,3.230
UKRAINE,72201200,,3.230,,3.230
UKRAINE,722020,,3.280,,3.280
UKRAINE,722090,,3.280,,3.280
UKRAINE,7221,,3.110,,3.110
UKRAINE,7222,,see below,see below,see below
UKRAINE,722211,,3.110,,3.110
UKRAINE,722219,,3.110,,3.110
UKRAINE,722220,,3.110,,3.110
UKRAINE,722230,,3.110,,3.110
UKRAINE,722240,,3.110,,3.110
UKRAINE,7223,,see below,see below,see below
UKRAINE,722300,,3.110,,3.110
UKRAINE,7224,,see below,see below,see below
UKRAINE,722410,(F),3.420,,3.420
UKRAINE,72249002,(F),3.540,,3.540
UKRAINE,72249003,(F),3.540,,3.540
UKRAINE,72249005,(F),3.540,,3.540
UKRAINE,72249007,(F),3.540,,3.540
UKRAINE,72249014,(F),3.540,,3.540
UKRAINE,72249018,(F),3.420,,3.420
UKRAINE,72249031,(F),3.540,,3.540
UKRAINE,72249038,(F),3.540,,3.540
UKRAINE,72249090,(F),3.420,,3.420
UKRAINE,7225,,see below,see below,see below
UKRAINE,72251100,(C),4.650,,4.650
UKRAINE,72251910,(C),3.540,,3.540
UKRAINE,72251990,(C),3.590,,3.590
UKRAINE,722530,(F),3.540,,3.540
UKRAINE,722540,(F),3.540,,3.540
UKRAINE,722550,(F),3.590,,3.590
UKRAINE,72259100,(F),3.590,,3.590
UKRAINE,72259200,(F),3.590,,3.590
UKRAINE,72259900,(F),3.590,,3.590
UKRAINE,7226,,see below,see below,see below
UKRAINE,72261100,(C),4.650,,4.650
UKRAINE,72261910,(C),3.540,,3.540
UKRAINE,72261980,(C),3.590,,3.590
UKRAINE,72262000,(F),3.540,,3.540
UKRAINE,722691,(F),3.540,,3.540
UKRAINE,72269200,(F),3.590,,3.590
UKRAINE,722699,(F),3.590,,3.590
UKRAINE,7227,(C)/(F),3.420,,3.420
UKRAINE,7228,,see below,see below,see below
UKRAINE,72281020,(F),3.420,,3.420
UKRAINE,72281050,(F),3.420,,3.420
UKRAINE,72281090,(F),3.420,,3.420
UKRAINE,722820,(F),3.420,,3.420
UKRAINE,722830,(C)/(F),3.420,,3.420
UKRAINE,722840,(F),3.420,,3.420
UKRAINE,722850,(C)/(F),3.420,,3.420
UKRAINE,722860,(F),3.420,,3.420
UKRAINE,722870,(F),3.420,,3.420
UKRAINE,72288000,(F),3.420,,3.420
UKRAINE,7229,(C)/(F),3.420,,3.420
UKRAINE,7301,(C),2.543,,2.543
UKRAINE,7302,(C),3.213,,3.213
UKRAINE,7303,,see below,see below,see below
UKRAINE,730300,,2.183,,2.183
UKRAINE,7304,,see below,see below,see below
UKRAINE,73041100,,3.563,,3.563
UKRAINE,730419,(C),2.596,,2.596
UKRAINE,73042200,,3.563,,3.563
UKRAINE,73042300,(C),2.596,,2.596
UKRAINE,73042400,,3.563,,3.563
UKRAINE,730429,(C),2.596,,2.596
UKRAINE,730431,(C),2.596,,2.596
UKRAINE,730439,(C),2.596,,2.596
UKRAINE,73044100,,3.563,,3.563
UKRAINE,730449,,3.563,,3.563
UKRAINE,730451,(F),2.596,,2.596
UKRAINE,730459,(C)/(F),2.596,,2.596
UKRAINE,73049000,(C),2.596,,2.596
UKRAINE,7305,(C),2.543,,2.543
UKRAINE,7306,,see below,see below,see below
UKRAINE,73061100,,3.733,,3.733
UKRAINE,73061900,(C),2.371,,2.371
UKRAINE,73062100,,3.733,,3.733
UKRAINE,73062900,(C),2.371,,2.371
UKRAINE,73063012,(C),2.371,,2.371
UKRAINE,73063018,(C),2.371,,2.371
UKRAINE,73063041,(C),2.371,,2.371
UKRAINE,73063049,(C),2.371,,2.371
UKRAINE,73063072,(C),2.371,,2.371
UKRAINE,73063077,(C),2.371,,2.371
UKRAINE,73063080,(C),2.371,,2.371
UKRAINE,73064020,,3.733,,3.733
UKRAINE,73064080,,3.683,,3.683
UKRAINE,73065021,(F),2.371,,2.371
UKRAINE,73065029,(F),2.371,,2.371
UKRAINE,73065080,(F),2.371,,2.371
UKRAINE,73066110,,3.733,,3.733
UKRAINE,73066192,(C),2.371,,2.371
UKRAINE,73066199,(C),2.371,,2.371
UKRAINE,73066910,,3.733,,3.733
UKRAINE,73066990,(C),2.371,,2.371
UKRAINE,73069000,(C),2.371,,2.371
UKRAINE,7307,,see below,see below,see below
UKRAINE,730711,,2.173,,2.173
UKRAINE,73071910,,2.173,,2.173
UKRAINE,73071990,(C),2.423,,2.423
UKRAINE,73072100,,3.223,,3.223
UKRAINE,730722,,3.223,,3.223
UKRAINE,730723,,3.223,,3.223
UKRAINE,730729,,3.223,,3.223
UKRAINE,73079100,(C),2.423,,2.423
UKRAINE,730792,(C),2.423,,2.423
UKRAINE,730793,(C),2.423,,2.423
UKRAINE,730799,(C),2.423,,2.423
UKRAINE,7308,(C),3.413,,3.413
UKRAINE,7309,(C),3.663,,3.663
UKRAINE,7310,(C),2.543,,2.543
UKRAINE,7311,,see below,see below,see below
UKRAINE,731100,(C),3.543,,3.543
UKRAINE,7318,,see below,see below,see below
UKRAINE,73181100,(C),2.423,,2.423
UKRAINE,73181210,,3.563,,3.563
UKRAINE,73181290,(C),2.423,,2.423
UKRAINE,73181300,(C),2.423,,2.423
UKRAINE,73181410,,3.563,,3.563
UKRAINE,73181491,(C),2.423,,2.423
UKRAINE,73181499,(C),2.423,,2.423
UKRAINE,731815,(C),3.153,,3.153
UKRAINE,731816,(C),3.443,,3.443
UKRAINE,73181900,(C),2.423,,2.423
UKRAINE,73182100,(C),2.423,,2.423
UKRAINE,73182200,(C),2.633,,2.633
UKRAINE,73182300,(C),2.563,,2.563
UKRAINE,73182400,(C),2.423,,2.423
UKRAINE,73182900,(C),2.423,,2.423
UKRAINE,7326,,see below,see below,see below
UKRAINE,73261100,(C),2.423,,2.423
UKRAINE,732619,(C),2.423,,2.423
UKRAINE,73262000,(C),2.423,,2.423
UKRAINE,73269030,(C),2.423,,2.423
UKRAINE,73269040,(C),2.423,,2.423
UKRAINE,73269050,(C),2.423,,2.423
UKRAINE,73269060,(C),2.423,,2.423
UKRAINE,73269092,(C),2.423,,2.423
UKRAINE,73269094,(C),2.423,,2.423
UKRAINE,73269096,(C),2.423,,2.423
UKRAINE,73269098,(C),2.543,,2.543
UNITED ARAB EMIRATES,2523100010,(B),1.290,0.050,1.340
UNITED ARAB EMIRATES,2523100090,(A),0.830,0.040,0.860
UNITED ARAB EMIRATES,25232100,,1.300,0.140,1.440
UNITED ARAB EMIRATES,25232900,,0.840,0.070,0.900
UNITED ARAB EMIRATES,2523900010,(B),1.330,0.170,1.510
UNITED ARAB EMIRATES,2523900090,(A),0.800,0.070,0.870
UNITED ARAB EMIRATES,7601,(K),1.870,,1.870
UNITED ARAB EMIRATES,7603,(K),1.980,,1.980
UNITED ARAB EMIRATES,76041010,(K),2.200,,2.200
UNITED ARAB EMIRATES,76041090,(K),2.220,,2.220
UNITED ARAB EMIRATES,76042100,(K),2.220,,2.220
UNITED ARAB EMIRATES,76042910,(K),2.200,,2.200
UNITED ARAB EMIRATES,76042990,(K),2.220,,2.220
UNITED ARAB EMIRATES,7605,(K),2.200,,2.200
UNITED ARAB EMIRATES,7606,(K),2.660,,2.660
UNITED ARAB EMIRATES,7607,(K),2.660,,2.660
UNITED ARAB EMIRATES,7608,(K),2.220,,2.220
UNITED ARAB EMIRATES,76090000,(K),2.220,,2.220
UNITED ARAB EMIRATES,76101000,(K),2.220,,2.220
UNITED ARAB EMIRATES,761090,(K),2.220,,2.220
UNITED ARAB EMIRATES,76109010,(K),2.220,,2.220
UNITED ARAB EMIRATES,76109090,(K),2.220,,2.220
UNITED ARAB EMIRATES,76110000,(K),2.660,,2.660
UNITED ARAB EMIRATES,7612,(K),2.660,,2.660
UNITED ARAB EMIRATES,76130000,(K),2.660,,2.660
UNITED ARAB EMIRATES,7614,(K),2.200,,2.200
UNITED ARAB EMIRATES,76161000,(K),2.660,,2.660
UNITED ARAB EMIRATES,76169100,(K),2.660,,2.660
UNITED ARAB EMIRATES,76169910,(K),1.980,,1.980
UNITED ARAB EMIRATES,76169990,(K),2.660,,2.660
UNITED ARAB EMIRATES,28041000,,10.820,,10.820
UNITED ARAB EMIRATES,720211,,1.690,,1.690
UNITED ARAB EMIRATES,720241,,2.350,,2.350
UNITED ARAB EMIRATES,72026000,,3.480,,3.480
UNITED KINGDOM,2523100090,(A),0.930,0.020,0.950
UNITED KINGDOM,25232900,,0.940,0.040,0.980
UNITED KINGDOM,2523900090,(A),0.900,0.050,0.940
UNITED KINGDOM,28080000,,0.720,0.030,0.750
UNITED KINGDOM,28141000,,1.970,0.090,2.050
UNITED KINGDOM,28142000,,0.590,0.030,0.620
UNITED KINGDOM,28342100,,0.830,0.040,0.870
UNITED KINGDOM,3102,,see below,see below,see below
UNITED KINGDOM,31021012,,0.400,0.020,0.420
UNITED KINGDOM,31021015,,0.650,0.020,0.680
UNITED KINGDOM,31021019,,1.190,0.070,1.260
UNITED KINGDOM,31021090,,1.160,0.060,1.230
UNITED KINGDOM,31022100,,0.550,0.050,0.590
UNITED KINGDOM,31022900,,0.720,0.050,0.780
UNITED KINGDOM,31023010,,0.640,0.040,0.680
UNITED KINGDOM,31023090,,0.980,0.060,1.050
UNITED KINGDOM,31024010,,0.840,0.060,0.900
UNITED KINGDOM,31024090,,0.840,0.060,0.900
UNITED KINGDOM,31025000,,1.130,0.040,1.170
UNITED KINGDOM,31026000,,0.830,0.060,0.880
UNITED KINGDOM,31028000,,0.820,0.050,0.870
UNITED KINGDOM,31029000,,0.980,0.060,1.040
UNITED KINGDOM,3105,,see below,see below,see below
UNITED KINGDOM,31051000,,0.450,0.050,0.500
UNITED KINGDOM,31052010,,0.450,0.060,0.510
UNITED KINGDOM,31052090,,0.310,0.040,0.350
UNITED KINGDOM,31053000,,0.460,0.040,0.490
UNITED KINGDOM,31054000,,0.290,0.030,0.320
UNITED KINGDOM,31055100,,0.600,0.070,0.670
UNITED KINGDOM,31055900,,0.510,0.070,0.570
UNITED KINGDOM,31059020,,0.590,0.040,0.630
UNITED KINGDOM,31059080,,0.310,0.030,0.340
UNITED KINGDOM,7601,(K),1.870,,1.870
UNITED KINGDOM,7603,(K),1.930,,1.930
UNITED KINGDOM,76041010,(K),2.150,,2.150
UNITED KINGDOM,76041090,(K),2.170,,2.170
UNITED KINGDOM,76042100,(K),2.170,,2.170
UNITED KINGDOM,76042910,(K),2.150,,2.150
UNITED KINGDOM,76042990,(K),2.170,,2.170
UNITED KINGDOM,7605,(K),2.150,,2.150
UNITED KINGDOM,7606,(K),2.610,,2.610
UNITED KINGDOM,7607,(K),2.610,,2.610
UNITED KINGDOM,7608,(K),2.170,,2.170
UNITED KINGDOM,76090000,(K),2.170,,2.170
UNITED KINGDOM,76101000,(K),2.170,,2.170
UNITED KINGDOM,761090,(K),2.170,,2.170
UNITED KINGDOM,76109010,(K),2.170,,2.170
UNITED KINGDOM,76109090,(K),2.170,,2.170
UNITED KINGDOM,76110000,(K),2.610,,2.610
UNITED KINGDOM,7612,(K),2.610,,2.610
UNITED KINGDOM,76130000,(K),2.610,,2.610
UNITED KINGDOM,7614,(K),2.150,,2.150
UNITED KINGDOM,76161000,(K),2.610,,2.610
UNITED KINGDOM,76169100,(K),2.610,,2.610
UNITED KINGDOM,76169910,(K),1.930,,1.930
UNITED KINGDOM,76169990,(K),2.610,,2.610
UNITED KINGDOM,28041000,,10.820,,10.820
UNITED KINGDOM,26011200,,0.270,0.010,0.280
UNITED KINGDOM,7201,,2.170,,2.170
UNITED KINGDOM,720211,,1.690,,1.690
UNITED KINGDOM,720241,,2.350,,2.350
UNITED KINGDOM,72026000,,3.480,,3.480
UNITED KINGDOM,7205,(C)/(F),2.220,,2.220
UNITED KINGDOM,7206,,see below,see below,see below
UNITED KINGDOM,72061000,(C),2.310,,2.310
UNITED KINGDOM,72069000,(C),2.310,,2.310
UNITED KINGDOM,7207,,see below,see below,see below
UNITED KINGDOM,72071111,(C),2.310,,2.310
UNITED KINGDOM,72071114,(C),2.310,,2.310
UNITED KINGDOM,72071116,(C),2.310,,2.310
UNITED KINGDOM,72071190,(C),3.040,,3.040
UNITED KINGDOM,72071210,(C),2.310,,2.310
UNITED KINGDOM,72071290,(C),3.040,,3.040
UNITED KINGDOM,72071912,(C),2.310,,2.310
UNITED KINGDOM,72071919,(C),3.040,,3.040
UNITED KINGDOM,72071980,(C),2.310,,2.310
UNITED KINGDOM,72072011,(C),2.310,,2.310
UNITED KINGDOM,72072015,(C),2.310,,2.310
UNITED KINGDOM,72072017,(C),2.310,,2.310
UNITED KINGDOM,72072019,(C),3.040,,3.040
UNITED KINGDOM,72072032,(C),2.310,,2.310
UNITED KINGDOM,72072039,(C),3.040,,3.040
UNITED KINGDOM,72072052,(C),2.310,,2.310
UNITED KINGDOM,72072059,(C),3.040,,3.040
UNITED KINGDOM,72072080,(C),2.310,,2.310
UNITED KINGDOM,7208,(C),2.420,,2.420
UNITED KINGDOM,7209,(C),2.500,,2.500
UNITED KINGDOM,7210,(C),2.500,,2.500
UNITED KINGDOM,7211,,see below,see below,see below
UNITED KINGDOM,72111300,(C),2.420,,2.420
UNITED KINGDOM,72111400,(C),2.420,,2.420
UNITED KINGDOM,72111900,(C),2.420,,2.420
UNITED KINGDOM,721123,(C),2.500,,2.500
UNITED KINGDOM,72112900,(C),2.500,,2.500
UNITED KINGDOM,721190,(C),2.500,,2.500
UNITED KINGDOM,7212,(C),2.500,,2.500
UNITED KINGDOM,7213,(C),2.310,,2.310
UNITED KINGDOM,7214,,see below,see below,see below
UNITED KINGDOM,72141000,(C),3.040,,3.040
UNITED KINGDOM,72142000,(C),2.310,,2.310
UNITED KINGDOM,72143000,(C),2.310,,2.310
UNITED KINGDOM,721491,(C),2.310,,2.310
UNITED KINGDOM,721499,(C),2.310,,2.310
UNITED KINGDOM,7215,(C),2.310,,2.310
UNITED KINGDOM,7216,(C),2.310,,2.310
UNITED KINGDOM,7217,,see below,see below,see below
UNITED KINGDOM,721710,(C),2.310,,2.310
UNITED KINGDOM,721720,(C),2.310,,2.310
UNITED KINGDOM,721730,(C),2.310,,2.310
UNITED KINGDOM,721790,(C),2.310,,2.310
UNITED KINGDOM,7218,,see below,see below,see below
UNITED KINGDOM,72181000,,3.840,,3.840
UNITED KINGDOM,721891,,3.290,,3.290
UNITED KINGDOM,72189911,,3.290,,3.290
UNITED KINGDOM,72189919,,3.840,,3.840
UNITED KINGDOM,72189920,,3.290,,3.290
UNITED KINGDOM,72189980,,3.840,,3.840
UNITED KINGDOM,7219,,see below,see below,see below
UNITED KINGDOM,72191100,,3.290,,3.290
UNITED KINGDOM,721912,,3.290,,3.290
UNITED KINGDOM,721913,,3.290,,3.290
UNITED KINGDOM,721914,,3.290,,3.290
UNITED KINGDOM,721921,,3.290,,3.290
UNITED KINGDOM,721922,,3.290,,3.290
UNITED KINGDOM,72192300,,3.290,,3.290
UNITED KINGDOM,72192400,,3.290,,3.290
UNITED KINGDOM,72193100,,3.370,,3.370
UNITED KINGDOM,721932,,3.370,,3.370
UNITED KINGDOM,721933,,3.370,,3.370
UNITED KINGDOM,721934,,3.370,,3.370
UNITED KINGDOM,721935,,3.370,,3.370
UNITED KINGDOM,721990,,3.370,,3.370
UNITED KINGDOM,7220,,see below,see below,see below
UNITED KINGDOM,72201100,,3.290,,3.290
UNITED KINGDOM,72201200,,3.290,,3.290
UNITED KINGDOM,722020,,3.370,,3.370
UNITED KINGDOM,722090,,3.370,,3.370
UNITED KINGDOM,7221,,3.110,,3.110
UNITED KINGDOM,7222,,see below,see below,see below
UNITED KINGDOM,722211,,3.110,,3.110
UNITED KINGDOM,722219,,3.110,,3.110
UNITED KINGDOM,722220,,3.110,,3.110
UNITED KINGDOM,722230,,3.840,,3.840
UNITED KINGDOM,722240,,3.110,,3.110
UNITED KINGDOM,7223,,see below,see below,see below
UNITED KINGDOM,722300,,3.110,,3.110
UNITED KINGDOM,7224,,see below,see below,see below
UNITED KINGDOM,722410,(F),4.170,,4.170
UNITED KINGDOM,72249002,(F),3.620,,3.620
UNITED KINGDOM,72249003,(F),3.620,,3.620
UNITED KINGDOM,72249005,(F),3.620,,3.620
UNITED KINGDOM,72249007,(F),3.620,,3.620
UNITED KINGDOM,72249014,(F),3.620,,3.620
UNITED KINGDOM,72249018,(F),4.170,,4.170
UNITED KINGDOM,72249031,(F),3.620,,3.620
UNITED KINGDOM,72249038,(F),3.620,,3.620
UNITED KINGDOM,72249090,(F),4.170,,4.170
UNITED KINGDOM,7225,,see below,see below,see below
UNITED KINGDOM,72251100,(C),4.740,,4.740
UNITED KINGDOM,72251910,(C),3.620,,3.620
UNITED KINGDOM,72251990,(C),3.700,,3.700
UNITED KINGDOM,722530,(F),3.620,,3.620
UNITED KINGDOM,722540,(F),3.620,,3.620
UNITED KINGDOM,722550,(F),3.700,,3.700
UNITED KINGDOM,72259100,(F),3.700,,3.700
UNITED KINGDOM,72259200,(F),3.700,,3.700
UNITED KINGDOM,72259900,(F),3.700,,3.700
UNITED KINGDOM,7226,,see below,see below,see below
UNITED KINGDOM,72261100,(C),4.740,,4.740
UNITED KINGDOM,72261910,(C),3.620,,3.620
UNITED KINGDOM,72261980,(C),3.700,,3.700
UNITED KINGDOM,72262000,(F),3.620,,3.620
UNITED KINGDOM,722691,(F),3.620,,3.620
UNITED KINGDOM,72269200,(F),3.700,,3.700
UNITED KINGDOM,722699,(F),3.700,,3.700
UNITED KINGDOM,7227,(C)/(F),3.440,,3.440
UNITED KINGDOM,7228,,see below,see below,see below
UNITED KINGDOM,72281020,(F),3.440,,3.440
UNITED KINGDOM,72281050,(F),4.170,,4.170
UNITED KINGDOM,72281090,(F),3.440,,3.440
UNITED KINGDOM,722820,(F),3.440,,3.440
UNITED KINGDOM,722830,(C)/(F),3.440,,3.440
UNITED KINGDOM,722840,(F),4.170,,4.170
UNITED KINGDOM,722850,(C)/(F),3.440,,3.440
UNITED KINGDOM,722860,(F),3.440,,3.440
UNITED KINGDOM,722870,(F),3.440,,3.440
UNITED KINGDOM,72288000,(F),3.440,,3.440
UNITED KINGDOM,7229,(C)/(F),3.440,,3.440
UNITED KINGDOM,7301,(C),2.500,,2.500
UNITED KINGDOM,7302,(C),2.810,,2.810
UNITED KINGDOM,7303,,see below,see below,see below
UNITED KINGDOM,730300,,2.730,,2.730
UNITED KINGDOM,7304,,see below,see below,see below
UNITED KINGDOM,73041100,,3.110,,3.110
UNITED KINGDOM,730419,(C),2.310,,2.310
UNITED KINGDOM,73042200,,3.110,,3.110
UNITED KINGDOM,73042300,(C),2.310,,2.310
UNITED KINGDOM,73042400,,3.110,,3.110
UNITED KINGDOM,730429,(C),2.310,,2.310
UNITED KINGDOM,730431,(C),2.310,,2.310
UNITED KINGDOM,730439,(C),2.310,,2.310
UNITED KINGDOM,73044100,,3.110,,3.110
UNITED KINGDOM,730449,,3.110,,3.110
UNITED KINGDOM,730451,(F),2.230,,2.230
UNITED KINGDOM,730459,(C)/(F),2.230,,2.230
UNITED KINGDOM,73049000,(C),2.310,,2.310
UNITED KINGDOM,7305,(C),2.500,,2.500
UNITED KINGDOM,7306,,see below,see below,see below
UNITED KINGDOM,73061100,,3.370,,3.370
UNITED KINGDOM,73061900,(C),2.500,,2.500
UNITED KINGDOM,73062100,,3.370,,3.370
UNITED KINGDOM,73062900,(C),2.500,,2.500
UNITED KINGDOM,73063012,(C),2.500,,2.500
UNITED KINGDOM,73063018,(C),2.420,,2.420
UNITED KINGDOM,73063041,(C),2.500,,2.500
UNITED KINGDOM,73063049,(C),2.500,,2.500
UNITED KINGDOM,73063072,(C),2.500,,2.500
UNITED KINGDOM,73063077,(C),2.500,,2.500
UNITED KINGDOM,73063080,(C),2.500,,2.500
UNITED KINGDOM,73064020,,3.370,,3.370
UNITED KINGDOM,73064080,,3.290,,3.290
UNITED KINGDOM,73065021,(F),2.490,,2.490
UNITED KINGDOM,73065029,(F),2.410,,2.410
UNITED KINGDOM,73065080,(F),2.490,,2.490
UNITED KINGDOM,73066110,,3.370,,3.370
UNITED KINGDOM,73066192,(C),2.500,,2.500
UNITED KINGDOM,73066199,(C),2.500,,2.500
UNITED KINGDOM,73066910,,3.370,,3.370
UNITED KINGDOM,73066990,(C),2.500,,2.500
UNITED KINGDOM,73069000,(C),2.500,,2.500
UNITED KINGDOM,7307,,see below,see below,see below
UNITED KINGDOM,730711,,2.930,,2.930
UNITED KINGDOM,73071910,,2.930,,2.930
UNITED KINGDOM,73071990,(C),3.040,,3.040
UNITED KINGDOM,73072100,,2.780,,2.780
UNITED KINGDOM,730722,,2.780,,2.780
UNITED KINGDOM,730723,,2.780,,2.780
UNITED KINGDOM,730729,,2.780,,2.780
UNITED KINGDOM,73079100,(C),2.310,,2.310
UNITED KINGDOM,730792,(C),2.310,,2.310
UNITED KINGDOM,730793,(C),2.310,,2.310
UNITED KINGDOM,730799,(C),2.310,,2.310
UNITED KINGDOM,7308,(C),3.040,,3.040
UNITED KINGDOM,7309,(C),3.210,,3.210
UNITED KINGDOM,7310,(C),2.500,,2.500
UNITED KINGDOM,7311,,see below,see below,see below
UNITED KINGDOM,731100,(C),3.030,,3.030
UNITED KINGDOM,7318,,see below,see below,see below
UNITED KINGDOM,73181100,(C),2.310,,2.310
UNITED KINGDOM,73181210,,3.110,,3.110
UNITED KINGDOM,73181290,(C),2.310,,2.310
UNITED KINGDOM,73181300,(C),2.310,,2.310
UNITED KINGDOM,73181410,,3.110,,3.110
UNITED KINGDOM,73181491,(C),2.310,,2.310
UNITED KINGDOM,73181499,(C),2.310,,2.310
UNITED KINGDOM,731815,(C),2.770,,2.770
UNITED KINGDOM,731816,(C),2.980,,2.980
UNITED KINGDOM,73181900,(C),2.310,,2.310
UNITED KINGDOM,73182100,(C),2.310,,2.310
UNITED KINGDOM,73182200,(C),2.370,,2.370
UNITED KINGDOM,73182300,(C),2.320,,2.320
UNITED KINGDOM,73182400,(C),2.310,,2.310
UNITED KINGDOM,73182900,(C),2.310,,2.310
UNITED KINGDOM,7326,,see below,see below,see below
UNITED KINGDOM,73261100,(C),3.040,,3.040
UNITED KINGDOM,732619,(C),3.040,,3.040
UNITED KINGDOM,73262000,(C),2.310,,2.310
UNITED KINGDOM,73269030,(C),2.310,,2.310
UNITED KINGDOM,73269040,(C),2.310,,2.310
UNITED KINGDOM,73269050,(C),2.310,,2.310
UNITED KINGDOM,73269060,(C),2.310,,2.310
UNITED KINGDOM,73269092,(C),3.040,,3.040
UNITED KINGDOM,73269094,(C),3.040,,3.040
UNITED KINGDOM,73269096,(C),3.040,,3.040
UNITED KINGDOM,73269098,(C),2.500,,2.500
UNITED STATES,2507008080,,0.220,0.090,0.310
UNITED STATES,2523100010,(B),1.320,0.050,1.370
UNITED STATES,2523100090,(A),1.160,0.030,1.190
UNITED STATES,25232100,,1.240,0.140,1.380
UNITED STATES,25232900,,1.160,0.060,1.210
UNITED STATES,25233000,,1.800,0.140,1.940
UNITED STATES,2523900010,(B),1.290,0.160,1.450
UNITED STATES,2523900090,(A),1.100,0.060,1.160
UNITED STATES,28080000,,1.870,0.030,1.900
UNITED STATES,28141000,,3.320,0.090,3.410
UNITED STATES,28142000,,1.000,0.030,1.020
UNITED STATES,28342100,,1.860,0.040,1.910
UNITED STATES,3102,,see below,see below,see below
UNITED STATES,31021012,,0.740,0.020,0.760
UNITED STATES,31021015,,1.220,0.020,1.240
UNITED STATES,31021019,,2.220,0.070,2.290
UNITED STATES,31021090,,2.170,0.070,2.240
UNITED STATES,31022100,,0.970,0.060,1.030
UNITED STATES,31022900,,1.460,0.060,1.530
UNITED STATES,31023010,,1.430,0.050,1.470
UNITED STATES,31023090,,2.190,0.070,2.270
UNITED STATES,31024010,,1.910,0.070,1.980
UNITED STATES,31024090,,1.910,0.070,1.980
UNITED STATES,31025000,,2.920,0.050,2.970
UNITED STATES,31026000,,1.840,0.060,1.910
UNITED STATES,31028000,,1.680,0.060,1.740
UNITED STATES,31029000,,1.950,0.070,2.020
UNITED STATES,3105,,see below,see below,see below
UNITED STATES,31051000,,0.900,0.060,0.960
UNITED STATES,31052010,,1.000,0.070,1.060
UNITED STATES,31052090,,0.680,0.050,0.740
UNITED STATES,31053000,,0.780,0.040,0.820
UNITED STATES,31054000,,0.500,0.030,0.530
UNITED STATES,31055100,,1.340,0.090,1.420
UNITED STATES,31055900,,0.900,0.100,1.010
UNITED STATES,31059020,,1.280,0.050,1.340
UNITED STATES,31059080,,0.670,0.040,0.710
UNITED STATES,7601,(K),1.700,,1.700
UNITED STATES,7603,(K),2.032,,2.032
UNITED STATES,76041010,(K),2.258,,2.258
UNITED STATES,76041090,(K),2.278,,2.278
UNITED STATES,76042100,(K),2.278,,2.278
UNITED STATES,76042910,(K),2.258,,2.258
UNITED STATES,76042990,(K),2.278,,2.278
UNITED STATES,7605,(K),2.258,,2.258
UNITED STATES,7606,(K),2.730,,2.730
UNITED STATES,7607,(K),2.730,,2.730
UNITED STATES,7608,(K),2.278,,2.278
UNITED STATES,76090000,(K),2.278,,2.278
UNITED STATES,76101000,(K),2.278,,2.278
UNITED STATES,761090,(K),2.278,,2.278
UNITED STATES,76109010,(K),2.278,,2.278
UNITED STATES,76109090,(K),2.278,,2.278
UNITED STATES,76110000,(K),2.730,,2.730
UNITED STATES,7612,(K),2.730,,2.730
UNITED STATES,76130000,(K),2.730,,2.730
UNITED STATES,7614,(K),2.258,,2.258
UNITED STATES,76161000,(K),2.730,,2.730
UNITED STATES,76169100,(K),2.730,,2.730
UNITED STATES,76169910,(K),2.032,,2.032
UNITED STATES,76169990,(K),2.730,,2.730
UNITED STATES,28041000,,26.640,,26.640
UNITED STATES,26011200,,0.660,0.020,0.680
UNITED STATES,7201,,1.210,,1.210
UNITED STATES,720211,,1.690,,1.690
UNITED STATES,720241,,2.350,,2.350
UNITED STATES,72026000,,3.480,,3.480
UNITED STATES,7203,,0.450,,0.450
UNITED STATES,7205,(C)/(F),2.425,,2.425
UNITED STATES,7206,,see below,see below,see below
UNITED STATES,72061000,(C),1.330,,1.330
UNITED STATES,72069000,(C),1.330,,1.330
UNITED STATES,7207,,see below,see below,see below
UNITED STATES,72071111,(C),1.390,,1.390
UNITED STATES,72071114,(C),1.390,,1.390
UNITED STATES,72071116,(C),1.390,,1.390
UNITED STATES,72071190,(C),1.330,,1.330
UNITED STATES,72071210,(C),1.390,,1.390
UNITED STATES,72071290,(C),1.330,,1.330
UNITED STATES,72071912,(C),1.390,,1.390
UNITED STATES,72071919,(C),1.330,,1.330
UNITED STATES,72071980,(C),1.390,,1.390
UNITED STATES,72072011,(C),1.390,,1.390
UNITED STATES,72072015,(C),1.390,,1.390
UNITED STATES,72072017,(C),1.390,,1.390
UNITED STATES,72072019,(C),1.330,,1.330
UNITED STATES,72072032,(C),1.390,,1.390
UNITED STATES,72072039,(C),1.330,,1.330
UNITED STATES,72072052,(C),1.390,,1.390
UNITED STATES,72072059,(C),1.330,,1.330
UNITED STATES,72072080,(C),1.390,,1.390
UNITED STATES,7208,(C),1.400,,1.400
UNITED STATES,7209,(C),1.440,,1.440
UNITED STATES,7210,(C),1.440,,1.440
UNITED STATES,7211,,see below,see below,see below
UNITED STATES,72111300,(C),1.400,,1.400
UNITED STATES,72111400,(C),1.400,,1.400
UNITED STATES,72111900,(C),1.400,,1.400
UNITED STATES,721123,(C),1.440,,1.440
UNITED STATES,72112900,(C),1.440,,1.440
UNITED STATES,721190,(C),1.440,,1.440
UNITED STATES,7212,(C),1.440,,1.440
UNITED STATES,7213,(C),1.390,,1.390
UNITED STATES,7214,,see below,see below,see below
UNITED STATES,72141000,(C),1.330,,1.330
UNITED STATES,72142000,(C),1.390,,1.390
UNITED STATES,72143000,(C),1.390,,1.390
UNITED STATES,721491,(C),1.390,,1.390
UNITED STATES,721499,(C),1.390,,1.390
UNITED STATES,7215,(C),1.390,,1.390
UNITED STATES,7216,(C),1.390,,1.390
UNITED STATES,7217,,see below,see below,see below
UNITED STATES,721710,(C),1.390,,1.390
UNITED STATES,721720,(C),1.390,,1.390
UNITED STATES,721730,(C),1.390,,1.390
UNITED STATES,721790,(C),1.390,,1.390
UNITED STATES,7218,,see below,see below,see below
UNITED STATES,72181000,,3.110,,3.110
UNITED STATES,721891,,3.220,,3.220
UNITED STATES,72189911,,3.220,,3.220
UNITED STATES,72189919,,3.110,,3.110
UNITED STATES,72189920,,3.220,,3.220
UNITED STATES,72189980,,3.110,,3.110
UNITED STATES,7219,,see below,see below,see below
UNITED STATES,72191100,,3.220,,3.220
UNITED STATES,721912,,3.220,,3.220
UNITED STATES,721913,,3.220,,3.220
UNITED STATES,721914,,3.220,,3.220
UNITED STATES,721921,,3.220,,3.220
UNITED STATES,721922,,3.220,,3.220
UNITED STATES,72192300,,3.220,,3.220
UNITED STATES,72192400,,3.220,,3.220
UNITED STATES,72193100,,3.270,,3.270
UNITED STATES,721932,,3.270,,3.270
UNITED STATES,721933,,3.270,,3.270
UNITED STATES,721934,,3.270,,3.270
UNITED STATES,721935,,3.270,,3.270
UNITED STATES,721990,,3.270,,3.270
UNITED STATES,7220,,see below,see below,see below
UNITED STATES,72201100,,3.220,,3.220
UNITED STATES,72201200,,3.220,,3.220
UNITED STATES,722020,,3.270,,3.270
UNITED STATES,722090,,3.270,,3.270
UNITED STATES,7221,,3.270,,3.270
UNITED STATES,7222,,see below,see below,see below
UNITED STATES,722211,,3.270,,3.270
UNITED STATES,722219,,3.270,,3.270
UNITED STATES,722220,,3.270,,3.270
UNITED STATES,722230,,3.110,,3.110
UNITED STATES,722240,,3.270,,3.270
UNITED STATES,7223,,see below,see below,see below
UNITED STATES,722300,,3.270,,3.270
UNITED STATES,7224,,see below,see below,see below
UNITED STATES,722410,(F),3.490,,3.490
UNITED STATES,72249002,(F),3.590,,3.590
UNITED STATES,72249003,(F),3.590,,3.590
UNITED STATES,72249005,(F),3.590,,3.590
UNITED STATES,72249007,(F),3.590,,3.590
UNITED STATES,72249014,(F),3.590,,3.590
UNITED STATES,72249018,(F),3.490,,3.490
UNITED STATES,72249031,(F),3.590,,3.590
UNITED STATES,72249038,(F),3.590,,3.590
UNITED STATES,72249090,(F),3.490,,3.490
UNITED STATES,7225,,see below,see below,see below
UNITED STATES,72251100,(C),4.730,,4.730
UNITED STATES,72251910,(C),3.590,,3.590
UNITED STATES,72251990,(C),3.640,,3.640
UNITED STATES,722530,(F),3.590,,3.590
UNITED STATES,722540,(F),3.590,,3.590
UNITED STATES,722550,(F),3.640,,3.640
UNITED STATES,72259100,(F),3.640,,3.640
UNITED STATES,72259200,(F),3.640,,3.640
UNITED STATES,72259900,(F),3.640,,3.640
UNITED STATES,7226,,see below,see below,see below
UNITED STATES,72261100,(C),4.730,,4.730
UNITED STATES,72261910,(C),3.590,,3.590
UNITED STATES,72261980,(C),3.640,,3.640
UNITED STATES,72262000,(F),3.590,,3.590
UNITED STATES,722691,(F),3.590,,3.590
UNITED STATES,72269200,(F),3.640,,3.640
UNITED STATES,722699,(F),3.640,,3.640
UNITED STATES,7227,(C)/(F),3.640,,3.640
UNITED STATES,7228,,see below,see below,see below
UNITED STATES,72281020,(F),3.640,,3.640
UNITED STATES,72281050,(F),3.490,,3.490
UNITED STATES,72281090,(F),3.640,,3.640
UNITED STATES,722820,(F),3.640,,3.640
UNITED STATES,722830,(C)/(F),3.640,,3.640
UNITED STATES,722840,(F),3.490,,3.490
UNITED STATES,722850,(C)/(F),3.640,,3.640
UNITED STATES,722860,(F),3.640,,3.640
UNITED STATES,722870,(F),3.640,,3.640
UNITED STATES,72288000,(F),3.640,,3.640
UNITED STATES,7229,(C)/(F),3.640,,3.640
UNITED STATES,7301,(C),1.440,,1.440
UNITED STATES,7302,(C),2.740,,2.740
UNITED STATES,7303,,see below,see below,see below
UNITED STATES,730300,,1.850,,1.850
UNITED STATES,7304,,see below,see below,see below
UNITED STATES,73041100,,3.190,,3.190
UNITED STATES,730419,(C),1.974,,1.974
UNITED STATES,73042200,,3.190,,3.190
UNITED STATES,73042300,(C),1.974,,1.974
UNITED STATES,73042400,,3.190,,3.190
UNITED STATES,730429,(C),1.974,,1.974
UNITED STATES,730431,(C),1.974,,1.974
UNITED STATES,730439,(C),1.974,,1.974
UNITED STATES,73044100,,3.190,,3.190
UNITED STATES,730449,,3.190,,3.190
UNITED STATES,730451,(F),1.974,,1.974
UNITED STATES,730459,(C)/(F),1.974,,1.974
UNITED STATES,73049000,(C),1.974,,1.974
UNITED STATES,7305,(C),1.440,,1.440
UNITED STATES,7306,,see below,see below,see below
UNITED STATES,73061100,,3.270,,3.270
UNITED STATES,73061900,(C),1.440,,1.440
UNITED STATES,73062100,,3.270,,3.270
UNITED STATES,73062900,(C),1.440,,1.440
UNITED STATES,73063012,(C),1.440,,1.440
UNITED STATES,73063018,(C),1.400,,1.400
UNITED STATES,73063041,(C),1.440,,1.440
UNITED STATES,73063049,(C),1.440,,1.440
UNITED STATES,73063072,(C),1.440,,1.440
UNITED STATES,73063077,(C),1.440,,1.440
UNITED STATES,73063080,(C),1.440,,1.440
UNITED STATES,73064020,,3.270,,3.270
UNITED STATES,73064080,,3.220,,3.220
UNITED STATES,73065021,(F),1.480,,1.480
UNITED STATES,73065029,(F),1.430,,1.430
UNITED STATES,73065080,(F),1.480,,1.480
UNITED STATES,73066110,,3.270,,3.270
UNITED STATES,73066192,(C),1.440,,1.440
UNITED STATES,73066199,(C),1.440,,1.440
UNITED STATES,73066910,,3.270,,3.270
UNITED STATES,73066990,(C),1.440,,1.440
UNITED STATES,73069000,(C),1.440,,1.440
UNITED STATES,7307,,see below,see below,see below
UNITED STATES,730711,,1.260,,1.260
UNITED STATES,73071910,,1.260,,1.260
UNITED STATES,73071990,(C),1.330,,1.330
UNITED STATES,73072100,,2.800,,2.800
UNITED STATES,730722,,2.800,,2.800
UNITED STATES,730723,,2.800,,2.800
UNITED STATES,730729,,2.800,,2.800
UNITED STATES,73079100,(C),1.410,,1.410
UNITED STATES,730792,(C),1.410,,1.410
UNITED STATES,730793,(C),1.410,,1.410
UNITED STATES,730799,(C),1.410,,1.410
UNITED STATES,7308,(C),2.900,,2.900
UNITED STATES,7309,(C),3.190,,3.190
UNITED STATES,7310,(C),1.440,,1.440
UNITED STATES,7311,,see below,see below,see below
UNITED STATES,731100,(C),3.730,,3.730
UNITED STATES,7318,,see below,see below,see below
UNITED STATES,73181100,(C),1.390,,1.390
UNITED STATES,73181210,,3.170,,3.170
UNITED STATES,73181290,(C),1.390,,1.390
UNITED STATES,73181300,(C),1.390,,1.390
UNITED STATES,73181410,,3.170,,3.170
UNITED STATES,73181491,(C),1.390,,1.390
UNITED STATES,73181499,(C),1.390,,1.390
UNITED STATES,731815,(C),2.580,,2.580
UNITED STATES,731816,(C),3.030,,3.030
UNITED STATES,73181900,(C),1.390,,1.390
UNITED STATES,73182100,(C),1.390,,1.390
UNITED STATES,73182200,(C),1.830,,1.830
UNITED STATES,73182300,(C),1.680,,1.680
UNITED STATES,73182400,(C),1.390,,1.390
UNITED STATES,73182900,(C),1.390,,1.390
UNITED STATES,7326,,see below,see below,see below
UNITED STATES,73261100,(C),1.330,,1.330
UNITED STATES,732619,(C),1.330,,1.330
UNITED STATES,73262000,(C),1.390,,1.390
UNITED STATES,73269030,(C),1.390,,1.390
UNITED STATES,73269040,(C),1.390,,1.390
UNITED STATES,73269050,(C),1.390,,1.390
UNITED STATES,73269060,(C),1.390,,1.390
UNITED STATES,73269092,(C),1.330,,1.330
UNITED STATES,73269094,(C),1.330,,1.330
UNITED STATES,73269096,(C),1.330,,1.330
UNITED STATES,73269098,(C),1.440,,1.440
URUGUAY,2523100090,(A),1.090,0.010,1.100
URUGUAY,25232900,,1.090,0.020,1.110
URUGUAY,2523900090,(A),1.040,0.030,1.060
URUGUAY,28080000,,1.800,0.020,1.820
URUGUAY,28142000,,0.680,0.020,0.700
URUGUAY,28342100,,1.610,0.040,1.650
URUGUAY,3102,,see below,see below,see below
URUGUAY,31021012,,0.500,0.020,0.530
URUGUAY,31021015,,0.830,0.020,0.860
URUGUAY,31021019,,1.520,0.060,1.580
URUGUAY,31021090,,1.480,0.060,1.550
URUGUAY,31022100,,0.660,0.050,0.710
URUGUAY,31022900,,1.150,0.060,1.210
URUGUAY,31023010,,1.230,0.040,1.270
URUGUAY,31023090,,1.890,0.060,1.950
URUGUAY,31024010,,1.630,0.060,1.690
URUGUAY,31024090,,1.630,0.060,1.690
URUGUAY,31025000,,2.810,0.040,2.850
URUGUAY,31026000,,1.580,0.060,1.640
URUGUAY,31028000,,1.320,0.050,1.380
URUGUAY,31029000,,1.460,0.060,1.520
URUGUAY,3105,,see below,see below,see below
URUGUAY,31051000,,0.690,0.050,0.740
URUGUAY,31052010,,0.820,0.060,0.880
URUGUAY,31052090,,0.560,0.050,0.610
URUGUAY,31053000,,0.530,0.040,0.570
URUGUAY,31054000,,0.340,0.030,0.370
URUGUAY,31055100,,1.120,0.080,1.200
URUGUAY,31055900,,0.610,0.080,0.680
URUGUAY,31059020,,1.080,0.050,1.130
URUGUAY,31059080,,0.560,0.030,0.590
URUGUAY,7601,(L),0.360,,0.360
URUGUAY,7603,(L),2.420,,2.420
URUGUAY,76041010,(L),2.640,,2.640
URUGUAY,76041090,(L),2.660,,2.660
URUGUAY,76042100,(L),2.660,,2.660
URUGUAY,76042910,(L),2.640,,2.640
URUGUAY,76042990,(L),2.660,,2.660
URUGUAY,7605,(L),2.640,,2.640
URUGUAY,7606,(L),3.100,,3.100
URUGUAY,7607,(L),3.100,,3.100
URUGUAY,7608,(L),2.660,,2.660
URUGUAY,76090000,(L),2.660,,2.660
URUGUAY,76101000,(L),2.660,,2.660
URUGUAY,761090,(L),2.660,,2.660
URUGUAY,76109010,(L),2.660,,2.660
URUGUAY,76109090,(L),2.660,,2.660
URUGUAY,76110000,(L),3.100,,3.100
URUGUAY,7612,(L),3.100,,3.100
URUGUAY,76130000,(L),3.100,,3.100
URUGUAY,7614,(L),2.640,,2.640
URUGUAY,76161000,(L),3.100,,3.100
URUGUAY,76169100,(L),3.100,,3.100
URUGUAY,76169910,(L),2.420,,2.420
URUGUAY,76169990,(L),3.100,,3.100
URUGUAY,28041000,,10.820,,10.820
UZBEKISTAN,2523100090,(A),1.360,0.030,1.390
UZBEKISTAN,25232900,,1.360,0.060,1.410
UZBEKISTAN,2523900090,(A),1.290,0.060,1.350
UZBEKISTAN,28080000,,2.730,0.040,2.770
UZBEKISTAN,28141000,,2.160,0.140,2.300
UZBEKISTAN,28142000,,0.650,0.040,0.690
UZBEKISTAN,28342100,,2.210,0.060,2.270
UZBEKISTAN,3102,,see below,see below,see below
UZBEKISTAN,31021012,,0.490,0.040,0.520
UZBEKISTAN,31021015,,0.810,0.040,0.840
UZBEKISTAN,31021019,,1.470,0.100,1.570
UZBEKISTAN,31021090,,1.440,0.100,1.540
UZBEKISTAN,31022100,,0.640,0.080,0.710
UZBEKISTAN,31022900,,1.420,0.090,1.500
UZBEKISTAN,31023010,,1.670,0.070,1.740
UZBEKISTAN,31023090,,2.570,0.100,2.670
UZBEKISTAN,31024010,,2.200,0.090,2.300
UZBEKISTAN,31024090,,2.200,0.090,2.300
UZBEKISTAN,31025000,,4.260,0.070,4.330
UZBEKISTAN,31026000,,2.150,0.090,2.240
UZBEKISTAN,31028000,,1.610,0.080,1.700
UZBEKISTAN,31029000,,1.660,0.100,1.750
UZBEKISTAN,3105,,see below,see below,see below
UZBEKISTAN,31051000,,0.820,0.080,0.890
UZBEKISTAN,31052010,,1.080,0.090,1.170
UZBEKISTAN,31052090,,0.730,0.070,0.800
UZBEKISTAN,31053000,,0.510,0.060,0.570
UZBEKISTAN,31054000,,0.320,0.050,0.370
UZBEKISTAN,31055100,,1.480,0.120,1.600
UZBEKISTAN,31055900,,0.590,0.100,0.690
UZBEKISTAN,31059020,,1.450,0.070,1.520
UZBEKISTAN,31059080,,0.740,0.050,0.790
UZBEKISTAN,7601,(L),0.360,,0.360
UZBEKISTAN,7603,(L),1.060,,1.060
UZBEKISTAN,76041010,(L),1.290,,1.290
UZBEKISTAN,76041090,(L),1.300,,1.300
UZBEKISTAN,76042100,(L),1.300,,1.300
UZBEKISTAN,76042910,(L),1.290,,1.290
UZBEKISTAN,76042990,(L),1.300,,1.300
UZBEKISTAN,7605,(L),1.290,,1.290
UZBEKISTAN,7606,(L),1.740,,1.740
UZBEKISTAN,7607,(L),1.740,,1.740
UZBEKISTAN,7608,(L),1.300,,1.300
UZBEKISTAN,76090000,(L),1.300,,1.300
UZBEKISTAN,76101000,(L),1.300,,1.300
UZBEKISTAN,761090,(L),1.300,,1.300
UZBEKISTAN,76109010,(L),1.300,,1.300
UZBEKISTAN,76109090,(L),1.300,,1.300
UZBEKISTAN,76110000,(L),1.740,,1.740
UZBEKISTAN,7612,(L),1.740,,1.740
UZBEKISTAN,76130000,(L),1.740,,1.740
UZBEKISTAN,7614,(L),1.290,,1.290
UZBEKISTAN,76161000,(L),1.740,,1.740
UZBEKISTAN,76169100,(L),1.740,,1.740
UZBEKISTAN,76169910,(L),1.060,,1.060
UZBEKISTAN,76169990,(L),1.740,,1.740
UZBEKISTAN,28041000,,10.820,,10.820
UZBEKISTAN,26011200,,0.390,0.350,0.740
UZBEKISTAN,720241,,2.350,,2.350
UZBEKISTAN,7205,(E)/(H),3.670,,3.670
UZBEKISTAN,7206,,see below,see below,see below
UZBEKISTAN,72061000,(E),3.150,,3.150
UZBEKISTAN,72069000,(E),3.210,,3.210
UZBEKISTAN,7207,,see below,see below,see below
UZBEKISTAN,72071111,(E),3.210,,3.210
UZBEKISTAN,72071114,(E),3.210,,3.210
UZBEKISTAN,72071116,(E),3.210,,3.210
UZBEKISTAN,72071190,(E),3.150,,3.150
UZBEKISTAN,72071210,(E),3.210,,3.210
UZBEKISTAN,72071290,(E),3.150,,3.150
UZBEKISTAN,72071912,(E),3.210,,3.210
UZBEKISTAN,72071919,(E),3.150,,3.150
UZBEKISTAN,72071980,(E),3.210,,3.210
UZBEKISTAN,72072011,(E),3.210,,3.210
UZBEKISTAN,72072015,(E),3.210,,3.210
UZBEKISTAN,72072017,(E),3.210,,3.210
UZBEKISTAN,72072019,(E),3.150,,3.150
UZBEKISTAN,72072032,(E),3.210,,3.210
UZBEKISTAN,72072039,(E),3.150,,3.150
UZBEKISTAN,72072052,(E),3.210,,3.210
UZBEKISTAN,72072059,(E),3.150,,3.150
UZBEKISTAN,72072080,(E),3.210,,3.210
UZBEKISTAN,7208,(E),3.210,,3.210
UZBEKISTAN,7209,(E),3.210,,3.210
UZBEKISTAN,7210,(E),3.210,,3.210
UZBEKISTAN,7211,,see below,see below,see below
UZBEKISTAN,72111300,(E),3.210,,3.210
UZBEKISTAN,72111400,(E),3.210,,3.210
UZBEKISTAN,72111900,(E),3.210,,3.210
UZBEKISTAN,721123,(E),3.210,,3.210
UZBEKISTAN,72112900,(E),3.210,,3.210
UZBEKISTAN,721190,(E),3.210,,3.210
UZBEKISTAN,7212,(E),3.210,,3.210
UZBEKISTAN,7213,(E),3.210,,3.210
UZBEKISTAN,7214,,see below,see below,see below
UZBEKISTAN,72141000,(E),3.150,,3.150
UZBEKISTAN,72142000,(E),3.210,,3.210
UZBEKISTAN,72143000,(E),3.210,,3.210
UZBEKISTAN,721491,(E),3.210,,3.210
UZBEKISTAN,721499,(E),3.210,,3.210
UZBEKISTAN,7215,(E),3.210,,3.210
UZBEKISTAN,7216,(E),3.210,,3.210
UZBEKISTAN,7217,,see below,see below,see below
UZBEKISTAN,721710,(E),3.210,,3.210
UZBEKISTAN,721720,(E),3.210,,3.210
UZBEKISTAN,721730,(E),3.210,,3.210
UZBEKISTAN,721790,(E),3.210,,3.210
UZBEKISTAN,7218,,see below,see below,see below
UZBEKISTAN,72181000,,3.050,,3.050
UZBEKISTAN,721891,,3.120,,3.120
UZBEKISTAN,72189911,,3.120,,3.120
UZBEKISTAN,72189919,,3.050,,3.050
UZBEKISTAN,72189920,,3.120,,3.120
UZBEKISTAN,72189980,,3.050,,3.050
UZBEKISTAN,7219,,see below,see below,see below
UZBEKISTAN,72191100,,3.120,,3.120
UZBEKISTAN,721912,,3.120,,3.120
UZBEKISTAN,721913,,3.120,,3.120
UZBEKISTAN,721914,,3.120,,3.120
UZBEKISTAN,721921,,3.120,,3.120
UZBEKISTAN,721922,,3.120,,3.120
UZBEKISTAN,72192300,,3.120,,3.120
UZBEKISTAN,72192400,,3.120,,3.120
UZBEKISTAN,72193100,,3.120,,3.120
UZBEKISTAN,721932,,3.120,,3.120
UZBEKISTAN,721933,,3.120,,3.120
UZBEKISTAN,721934,,3.120,,3.120
UZBEKISTAN,721935,,3.120,,3.120
UZBEKISTAN,721990,,3.120,,3.120
UZBEKISTAN,7220,,see below,see below,see below
UZBEKISTAN,72201100,,3.120,,3.120
UZBEKISTAN,72201200,,3.120,,3.120
UZBEKISTAN,722020,,3.120,,3.120
UZBEKISTAN,722090,,3.120,,3.120
UZBEKISTAN,7221,,3.120,,3.120
UZBEKISTAN,7222,,see below,see below,see below
UZBEKISTAN,722211,,3.120,,3.120
UZBEKISTAN,722219,,3.120,,3.120
UZBEKISTAN,722220,,3.120,,3.120
UZBEKISTAN,722230,,3.050,,3.050
UZBEKISTAN,722240,,3.120,,3.120
UZBEKISTAN,7223,,see below,see below,see below
UZBEKISTAN,722300,,3.120,,3.120
UZBEKISTAN,7224,,see below,see below,see below
UZBEKISTAN,722410,(H),3.190,,3.190
UZBEKISTAN,72249002,(H),3.260,,3.260
UZBEKISTAN,72249003,(H),3.260,,3.260
UZBEKISTAN,72249005,(H),3.260,,3.260
UZBEKISTAN,72249007,(H),3.260,,3.260
UZBEKISTAN,72249014,(H),3.260,,3.260
UZBEKISTAN,72249018,(H),3.190,,3.190
UZBEKISTAN,72249031,(H),3.260,,3.260
UZBEKISTAN,72249038,(H),3.260,,3.260
UZBEKISTAN,72249090,(H),3.190,,3.190
UZBEKISTAN,7225,,see below,see below,see below
UZBEKISTAN,72251100,(E),4.930,,4.930
UZBEKISTAN,72251910,(E),3.260,,3.260
UZBEKISTAN,72251990,(E),3.260,,3.260
UZBEKISTAN,722530,(H),3.260,,3.260
UZBEKISTAN,722540,(H),3.260,,3.260
UZBEKISTAN,722550,(H),3.260,,3.260
UZBEKISTAN,72259100,(H),3.260,,3.260
UZBEKISTAN,72259200,(H),3.260,,3.260
UZBEKISTAN,72259900,(H),3.260,,3.260
UZBEKISTAN,7226,,see below,see below,see below
UZBEKISTAN,72261100,(E),4.930,,4.930
UZBEKISTAN,72261910,(E),3.260,,3.260
UZBEKISTAN,72261980,(E),3.260,,3.260
UZBEKISTAN,72262000,(H),3.260,,3.260
UZBEKISTAN,722691,(H),3.260,,3.260
UZBEKISTAN,72269200,(H),3.260,,3.260
UZBEKISTAN,722699,(H),3.260,,3.260
UZBEKISTAN,7227,(E)/(H),3.260,,3.260
UZBEKISTAN,7228,,see below,see below,see below
UZBEKISTAN,72281020,(H),3.260,,3.260
UZBEKISTAN,72281050,(H),3.190,,3.190
UZBEKISTAN,72281090,(H),3.260,,3.260
UZBEKISTAN,722820,(H),3.260,,3.260
UZBEKISTAN,722830,(E)/(H),3.260,,3.260
UZBEKISTAN,722840,(H),3.190,,3.190
UZBEKISTAN,722850,(E)/(H),3.260,,3.260
UZBEKISTAN,722860,(H),3.260,,3.260
UZBEKISTAN,722870,(H),3.260,,3.260
UZBEKISTAN,72288000,(H),3.260,,3.260
UZBEKISTAN,7229,(E)/(H),3.260,,3.260
UZBEKISTAN,7301,(E),3.210,,3.210
UZBEKISTAN,7302,(E),3.210,,3.210
UZBEKISTAN,7303,,see below,see below,see below
UZBEKISTAN,730300,,3.730,,3.730
UZBEKISTAN,7304,,see below,see below,see below
UZBEKISTAN,73041100,,3.120,,3.120
UZBEKISTAN,730419,(E),3.210,,3.210
UZBEKISTAN,73042200,,3.120,,3.120
UZBEKISTAN,73042300,(E),3.210,,3.210
UZBEKISTAN,73042400,,3.120,,3.120
UZBEKISTAN,730429,(E),3.210,,3.210
UZBEKISTAN,730431,(E),3.210,,3.210
UZBEKISTAN,730439,(E),3.210,,3.210
UZBEKISTAN,73044100,,3.120,,3.120
UZBEKISTAN,730449,,3.120,,3.120
UZBEKISTAN,730451,(H),3.200,,3.200
UZBEKISTAN,730459,(E)/(H),3.200,,3.200
UZBEKISTAN,73049000,(E),3.210,,3.210
UZBEKISTAN,7305,(E),3.200,,3.200
UZBEKISTAN,7306,,see below,see below,see below
UZBEKISTAN,73061100,,3.120,,3.120
UZBEKISTAN,73061900,(E),3.210,,3.210
UZBEKISTAN,73062100,,3.120,,3.120
UZBEKISTAN,73062900,(E),3.210,,3.210
UZBEKISTAN,73063012,(E),3.210,,3.210
UZBEKISTAN,73063018,(E),3.210,,3.210
UZBEKISTAN,73063041,(E),3.210,,3.210
UZBEKISTAN,73063049,(E),3.210,,3.210
UZBEKISTAN,73063072,(E),3.210,,3.210
UZBEKISTAN,73063077,(E),3.210,,3.210
UZBEKISTAN,73063080,(E),3.210,,3.210
UZBEKISTAN,73064020,,3.120,,3.120
UZBEKISTAN,73064080,,3.120,,3.120
UZBEKISTAN,73065021,(H),3.210,,3.210
UZBEKISTAN,73065029,(H),3.210,,3.210
UZBEKISTAN,73065080,(H),3.210,,3.210
UZBEKISTAN,73066110,,3.120,,3.120
UZBEKISTAN,73066192,(E),3.210,,3.210
UZBEKISTAN,73066199,(E),3.210,,3.210
UZBEKISTAN,73066910,,3.120,,3.120
UZBEKISTAN,73066990,(E),3.210,,3.210
UZBEKISTAN,73069000,(E),3.210,,3.210
UZBEKISTAN,7307,,see below,see below,see below
UZBEKISTAN,730711,,3.670,,3.670
UZBEKISTAN,73071910,,3.670,,3.670
UZBEKISTAN,73071990,(E),3.150,,3.150
UZBEKISTAN,73072100,,3.210,,3.210
UZBEKISTAN,730722,,3.210,,3.210
UZBEKISTAN,730723,,3.210,,3.210
UZBEKISTAN,730729,,3.210,,3.210
UZBEKISTAN,73079100,(E),3.210,,3.210
UZBEKISTAN,730792,(E),3.210,,3.210
UZBEKISTAN,730793,(E),3.210,,3.210
UZBEKISTAN,730799,(E),3.210,,3.210
UZBEKISTAN,7308,(E),3.010,,3.010
UZBEKISTAN,7309,(E),3.210,,3.210
UZBEKISTAN,7310,(E),3.210,,3.210
UZBEKISTAN,7311,,see below,see below,see below
UZBEKISTAN,731100,(E),3.210,,3.210
UZBEKISTAN,7318,,see below,see below,see below
UZBEKISTAN,73181100,(E),3.210,,3.210
UZBEKISTAN,73181210,,3.120,,3.120
UZBEKISTAN,73181290,(E),3.210,,3.210
UZBEKISTAN,73181300,(E),3.210,,3.210
UZBEKISTAN,73181410,,3.120,,3.120
UZBEKISTAN,73181491,(E),3.210,,3.210
UZBEKISTAN,73181499,(E),3.210,,3.210
UZBEKISTAN,731815,(E),3.210,,3.210
UZBEKISTAN,731816,(E),3.210,,3.210
UZBEKISTAN,73181900,(E),3.210,,3.210
UZBEKISTAN,73182100,(E),3.210,,3.210
UZBEKISTAN,73182200,(E),3.210,,3.210
UZBEKISTAN,73182300,(E),3.210,,3.210
UZBEKISTAN,73182400,(E),3.210,,3.210
UZBEKISTAN,73182900,(E),3.210,,3.210
UZBEKISTAN,7326,,see below,see below,see below
UZBEKISTAN,73261100,(E),3.150,,3.150
UZBEKISTAN,732619,(E),3.150,,3.150
UZBEKISTAN,73262000,(E),3.210,,3.210
UZBEKISTAN,73269030,(E),3.210,,3.210
UZBEKISTAN,73269040,(E),3.210,,3.210
UZBEKISTAN,73269050,(E),3.210,,3.210
UZBEKISTAN,73269060,(E),3.210,,3.210
UZBEKISTAN,73269092,(E),3.150,,3.150
UZBEKISTAN,73269094,(E),3.150,,3.150
UZBEKISTAN,73269096,(E),3.150,,3.150
UZBEKISTAN,73269098,(E),3.210,,3.210
VENEZUELA,2523100010,(B),1.320,0.030,1.340
VENEZUELA,2523100090,(A),1.080,0.020,1.100
VENEZUELA,25232100,,1.240,0.120,1.360
VENEZUELA,25232900,,1.080,0.030,1.110
VENEZUELA,2523900010,(B),1.280,0.140,1.420
VENEZUELA,2523900090,(A),1.030,0.040,1.060
VENEZUELA,28080000,,1.800,0.020,1.830
VENEZUELA,28141000,,2.260,0.070,2.330
VENEZUELA,28142000,,0.680,0.020,0.700
VENEZUELA,28342100,,1.620,0.040,1.650
VENEZUELA,3102,,see below,see below,see below
VENEZUELA,31021012,,0.500,0.020,0.520
VENEZUELA,31021015,,0.840,0.020,0.860
VENEZUELA,31021019,,1.520,0.060,1.580
VENEZUELA,31021090,,1.490,0.060,1.540
VENEZUELA,31022100,,0.660,0.050,0.710
VENEZUELA,31022900,,1.160,0.050,1.210
VENEZUELA,31023010,,1.230,0.040,1.270
VENEZUELA,31023090,,1.890,0.060,1.950
VENEZUELA,31024010,,1.630,0.060,1.690
VENEZUELA,31024090,,1.630,0.060,1.690
VENEZUELA,31025000,,2.820,0.040,2.850
VENEZUELA,31026000,,1.580,0.050,1.640
VENEZUELA,31028000,,1.330,0.050,1.370
VENEZUELA,31029000,,1.460,0.060,1.520
VENEZUELA,3105,,see below,see below,see below
VENEZUELA,31051000,,0.690,0.050,0.740
VENEZUELA,31052010,,0.820,0.060,0.880
VENEZUELA,31052090,,0.560,0.050,0.610
VENEZUELA,31053000,,0.530,0.040,0.570
VENEZUELA,31054000,,0.340,0.030,0.370
VENEZUELA,31055100,,1.120,0.070,1.200
VENEZUELA,31055900,,0.610,0.070,0.680
VENEZUELA,31059020,,1.090,0.040,1.130
VENEZUELA,31059080,,0.560,0.030,0.590
VENEZUELA,7601,(K),1.700,,1.700
VENEZUELA,7603,(K),1.810,,1.810
VENEZUELA,76041010,(K),2.040,,2.040
VENEZUELA,76041090,(K),2.050,,2.050
VENEZUELA,76042100,(K),2.050,,2.050
VENEZUELA,76042910,(K),2.040,,2.040
VENEZUELA,76042990,(K),2.050,,2.050
VENEZUELA,7605,(K),2.040,,2.040
VENEZUELA,7606,(K),2.490,,2.490
VENEZUELA,7607,(K),2.490,,2.490
VENEZUELA,7608,(K),2.050,,2.050
VENEZUELA,76090000,(K),2.050,,2.050
VENEZUELA,76101000,(K),2.050,,2.050
VENEZUELA,761090,(K),2.050,,2.050
VENEZUELA,76109010,(K),2.050,,2.050
VENEZUELA,76109090,(K),2.050,,2.050
VENEZUELA,76110000,(K),2.490,,2.490
VENEZUELA,7612,(K),2.490,,2.490
VENEZUELA,76130000,(K),2.490,,2.490
VENEZUELA,7614,(K),2.040,,2.040
VENEZUELA,76161000,(K),2.490,,2.490
VENEZUELA,76169100,(K),2.490,,2.490
VENEZUELA,76169910,(K),1.810,,1.810
VENEZUELA,76169990,(K),2.490,,2.490
VENEZUELA,28041000,,10.820,,10.820
VENEZUELA,720211,,1.690,,1.690
VENEZUELA,72026000,,3.480,,3.480
VIET NAM,28080000,,2.410,0.050,2.460
VIET NAM,28141000,,3.460,0.150,3.610
VIET NAM,28142000,,1.040,0.050,1.080
VIET NAM,28342100,,2.240,0.070,2.310
VIET NAM,3102,,see below,see below,see below
VIET NAM,31021012,,0.770,0.040,0.810
VIET NAM,31021015,,1.270,0.040,1.310
VIET NAM,31021019,,2.310,0.120,2.430
VIET NAM,31021090,,2.260,0.120,2.380
VIET NAM,31022100,,1.010,0.090,1.100
VIET NAM,31022900,,1.660,0.100,1.760
VIET NAM,31023010,,1.710,0.080,1.780
VIET NAM,31023090,,2.630,0.120,2.750
VIET NAM,31024010,,2.280,0.110,2.380
VIET NAM,31024090,,2.280,0.110,2.380
VIET NAM,31025000,,3.760,0.080,3.840
VIET NAM,31026000,,2.210,0.100,2.310
VIET NAM,31028000,,1.900,0.090,2.000
VIET NAM,31029000,,2.140,0.110,2.260
VIET NAM,3105,,see below,see below,see below
VIET NAM,31051000,,1.000,0.090,1.090
VIET NAM,31052010,,1.160,0.110,1.270
VIET NAM,31052090,,0.790,0.080,0.880
VIET NAM,31053000,,0.810,0.070,0.880
VIET NAM,31054000,,0.520,0.050,0.570
VIET NAM,31055100,,1.570,0.140,1.710
VIET NAM,31055900,,0.930,0.130,1.060
VIET NAM,31059020,,1.520,0.080,1.600
VIET NAM,31059080,,0.790,0.060,0.850
VIET NAM,7601,(L),0.360,,0.360
VIET NAM,7603,(L),1.800,,1.800
VIET NAM,76041010,(L),2.020,,2.020
VIET NAM,76041090,(L),2.040,,2.040
VIET NAM,76042100,(L),2.040,,2.040
VIET NAM,76042910,(L),2.020,,2.020
VIET NAM,76042990,(L),2.040,,2.040
VIET NAM,7605,(L),2.020,,2.020
VIET NAM,7606,(L),2.480,,2.480
VIET NAM,7607,(L),2.480,,2.480
VIET NAM,7608,(L),2.040,,2.040
VIET NAM,76090000,(L),2.040,,2.040
VIET NAM,76101000,(L),2.040,,2.040
VIET NAM,761090,(L),2.040,,2.040
VIET NAM,76109010,(L),2.040,,2.040
VIET NAM,76109090,(L),2.040,,2.040
VIET NAM,76110000,(L),2.480,,2.480
VIET NAM,7612,(L),2.480,,2.480
VIET NAM,76130000,(L),2.480,,2.480
VIET NAM,7614,(L),2.020,,2.020
VIET NAM,76161000,(L),2.480,,2.480
VIET NAM,76169100,(L),2.480,,2.480
VIET NAM,76169910,(L),1.800,,1.800
VIET NAM,76169990,(L),2.480,,2.480
VIET NAM,28041000,,10.820,,10.820
VIET NAM,26011200,,1.040,0.070,1.110
VIET NAM,7201,,2.190,,2.190
VIET NAM,720211,,1.690,,1.690
VIET NAM,72026000,,3.480,,3.480
VIET NAM,7205,(C)/(F),2.240,,2.240
VIET NAM,7206,,see below,see below,see below
VIET NAM,72061000,(C),2.330,,2.330
VIET NAM,72069000,(C),2.330,,2.330
VIET NAM,7207,,see below,see below,see below
VIET NAM,72071111,(C),2.350,,2.350
VIET NAM,72071114,(C),2.350,,2.350
VIET NAM,72071116,(C),2.350,,2.350
VIET NAM,72071190,(C),2.330,,2.330
VIET NAM,72071210,(C),2.350,,2.350
VIET NAM,72071290,(C),2.330,,2.330
VIET NAM,72071912,(C),2.350,,2.350
VIET NAM,72071919,(C),2.330,,2.330
VIET NAM,72071980,(C),2.350,,2.350
VIET NAM,72072011,(C),2.350,,2.350
VIET NAM,72072015,(C),2.350,,2.350
VIET NAM,72072017,(C),2.350,,2.350
VIET NAM,72072019,(C),2.330,,2.330
VIET NAM,72072032,(C),2.350,,2.350
VIET NAM,72072039,(C),2.330,,2.330
VIET NAM,72072052,(C),2.350,,2.350
VIET NAM,72072059,(C),2.330,,2.330
VIET NAM,72072080,(C),2.350,,2.350
VIET NAM,7208,(C),2.350,,2.350
VIET NAM,7209,(C),2.370,,2.370
VIET NAM,7210,(C),2.370,,2.370
VIET NAM,7211,,see below,see below,see below
VIET NAM,72111300,(C),2.350,,2.350
VIET NAM,72111400,(C),2.350,,2.350
VIET NAM,72111900,(C),2.350,,2.350
VIET NAM,721123,(C),2.370,,2.370
VIET NAM,72112900,(C),2.370,,2.370
VIET NAM,721190,(C),2.370,,2.370
VIET NAM,7212,(C),2.370,,2.370
VIET NAM,7213,(C),2.350,,2.350
VIET NAM,7214,,see below,see below,see below
VIET NAM,72141000,(C),2.330,,2.330
VIET NAM,72142000,(C),2.350,,2.350
VIET NAM,72143000,(C),2.350,,2.350
VIET NAM,721491,(C),2.350,,2.350
VIET NAM,721499,(C),2.350,,2.350
VIET NAM,7215,(C),2.350,,2.350
VIET NAM,7216,(C),2.350,,2.350
VIET NAM,7217,,see below,see below,see below
VIET NAM,721710,(C),2.350,,2.350
VIET NAM,721720,(C),2.350,,2.350
VIET NAM,721730,(C),2.350,,2.350
VIET NAM,721790,(C),2.350,,2.350
VIET NAM,7218,,see below,see below,see below
VIET NAM,7219,,see below,see below,see below
VIET NAM,7220,,see below,see below,see below
VIET NAM,7222,,see below,see below,see below
VIET NAM,7223,,see below,see below,see below
VIET NAM,7224,,see below,see below,see below
VIET NAM,722410,(F),3.440,,3.440
VIET NAM,72249002,(F),3.480,,3.480
VIET NAM,72249003,(F),3.480,,3.480
VIET NAM,72249005,(F),3.480,,3.480
VIET NAM,72249007,(F),3.480,,3.480
VIET NAM,72249014,(F),3.480,,3.480
VIET NAM,72249018,(F),3.440,,3.440
VIET NAM,72249031,(F),3.480,,3.480
VIET NAM,72249038,(F),3.480,,3.480
VIET NAM,72249090,(F),3.440,,3.440
VIET NAM,7225,,see below,see below,see below
VIET NAM,72251100,(C),4.600,,4.600
VIET NAM,72251910,(C),3.480,,3.480
VIET NAM,72251990,(C),3.500,,3.500
VIET NAM,722530,(F),3.480,,3.480
VIET NAM,722540,(F),3.480,,3.480
VIET NAM,722550,(F),3.500,,3.500
VIET NAM,72259100,(F),3.500,,3.500
VIET NAM,72259200,(F),3.500,,3.500
VIET NAM,72259900,(F),3.500,,3.500
VIET NAM,7226,,see below,see below,see below
VIET NAM,72261100,(C),4.600,,4.600
VIET NAM,72261910,(C),3.480,,3.480
VIET NAM,72261980,(C),3.500,,3.500
VIET NAM,72262000,(F),3.480,,3.480
VIET NAM,722691,(F),3.480,,3.480
VIET NAM,72269200,(F),3.500,,3.500
VIET NAM,722699,(F),3.500,,3.500
VIET NAM,7227,(C)/(F),3.500,,3.500
VIET NAM,7228,,see below,see below,see below
VIET NAM,72281020,(F),3.500,,3.500
VIET NAM,72281050,(F),3.440,,3.440
VIET NAM,72281090,(F),3.500,,3.500
VIET NAM,722820,(F),3.500,,3.500
VIET NAM,722830,(C)/(F),3.500,,3.500
VIET NAM,722840,(F),3.440,,3.440
VIET NAM,722850,(C)/(F),3.500,,3.500
VIET NAM,722860,(F),3.500,,3.500
VIET NAM,722870,(F),3.500,,3.500
VIET NAM,72288000,(F),3.500,,3.500
VIET NAM,7229,(C)/(F),3.500,,3.500
VIET NAM,7301,(C),2.370,,2.370
VIET NAM,7302,(C),2.770,,2.770
VIET NAM,7303,,see below,see below,see below
VIET NAM,730300,,2.230,,2.230
VIET NAM,7304,,see below,see below,see below
VIET NAM,73041100,,3.070,,3.070
VIET NAM,730419,(C),2.330,,2.330
VIET NAM,73042200,,3.070,,3.070
VIET NAM,73042300,(C),2.330,,2.330
VIET NAM,73042400,,3.070,,3.070
VIET NAM,730429,(C),2.330,,2.330
VIET NAM,730431,(C),2.330,,2.330
VIET NAM,730439,(C),2.330,,2.330
VIET NAM,73044100,,3.070,,3.070
VIET NAM,730449,,3.070,,3.070
VIET NAM,730451,(F),2.260,,2.260
VIET NAM,730459,(C)/(F),2.260,,2.260
VIET NAM,73049000,(C),2.330,,2.330
VIET NAM,7305,(C),2.370,,2.370
VIET NAM,7306,,see below,see below,see below
VIET NAM,73061100,,3.120,,3.120
VIET NAM,73061900,(C),2.370,,2.370
VIET NAM,73062100,,3.120,,3.120
VIET NAM,73062900,(C),2.370,,2.370
VIET NAM,73063012,(C),2.370,,2.370
VIET NAM,73063018,(C),2.350,,2.350
VIET NAM,73063041,(C),2.370,,2.370
VIET NAM,73063049,(C),2.370,,2.370
VIET NAM,73063072,(C),2.370,,2.370
VIET NAM,73063077,(C),2.370,,2.370
VIET NAM,73063080,(C),2.370,,2.370
VIET NAM,73064020,,3.120,,3.120
VIET NAM,73064080,,3.110,,3.110
VIET NAM,73065021,(F),2.320,,2.320
VIET NAM,73065029,(F),2.310,,2.310
VIET NAM,73065080,(F),2.320,,2.320
VIET NAM,73066110,,3.120,,3.120
VIET NAM,73066192,(C),2.370,,2.370
VIET NAM,73066199,(C),2.370,,2.370
VIET NAM,73066910,,3.120,,3.120
VIET NAM,73066990,(C),2.370,,2.370
VIET NAM,73069000,(C),2.370,,2.370
VIET NAM,7307,,see below,see below,see below
VIET NAM,730711,,2.230,,2.230
VIET NAM,73071910,,2.230,,2.230
VIET NAM,73071990,(C),2.330,,2.330
VIET NAM,73072100,,2.740,,2.740
VIET NAM,730722,,2.740,,2.740
VIET NAM,730723,,2.740,,2.740
VIET NAM,730729,,2.740,,2.740
VIET NAM,73079100,(C),2.330,,2.330
VIET NAM,730792,(C),2.330,,2.330
VIET NAM,730793,(C),2.330,,2.330
VIET NAM,730799,(C),2.330,,2.330
VIET NAM,7308,(C),2.840,,2.840
VIET NAM,7309,(C),2.990,,2.990
VIET NAM,7310,(C),2.370,,2.370
VIET NAM,7311,,see below,see below,see below
VIET NAM,731100,(C),2.960,,2.960
VIET NAM,7318,,see below,see below,see below
VIET NAM,73181100,(C),2.350,,2.350
VIET NAM,73181210,,3.090,,3.090
VIET NAM,73181290,(C),2.350,,2.350
VIET NAM,73181300,(C),2.350,,2.350
VIET NAM,73181410,,3.090,,3.090
VIET NAM,73181491,(C),2.350,,2.350
VIET NAM,73181499,(C),2.350,,2.350
VIET NAM,731815,(C),2.750,,2.750
VIET NAM,731816,(C),2.960,,2.960
VIET NAM,73181900,(C),2.350,,2.350
VIET NAM,73182100,(C),2.350,,2.350
VIET NAM,73182200,(C),2.410,,2.410
VIET NAM,73182300,(C),2.350,,2.350
VIET NAM,73182400,(C),2.350,,2.350
VIET NAM,73182900,(C),2.350,,2.350
VIET NAM,7326,,see below,see below,see below
VIET NAM,73261100,(C),2.330,,2.330
VIET NAM,732619,(C),2.330,,2.330
VIET NAM,73262000,(C),2.350,,2.350
VIET NAM,73269030,(C),2.350,,2.350
VIET NAM,73269040,(C),2.350,,2.350
VIET NAM,73269050,(C),2.350,,2.350
VIET NAM,73269060,(C),2.350,,2.350
VIET NAM,73269092,(C),2.330,,2.330
VIET NAM,73269094,(C),2.330,,2.330
VIET NAM,73269096,(C),2.330,,2.330
VIET NAM,73269098,(C),2.370,,2.370
YEMEN,2523100090,(A),1.280,0.050,1.330
YEMEN,25232900,,1.240,0.090,1.330
YEMEN,2523900090,(A),1.180,0.090,1.270
YEMEN,28080000,,2.670,0.050,2.720
YEMEN,28142000,,0.710,0.050,0.760
YEMEN,28342100,,2.170,0.060,2.240
YEMEN,3102,,see below,see below,see below
YEMEN,31021012,,0.450,0.030,0.480
YEMEN,31021015,,0.740,0.030,0.770
YEMEN,31021019,,1.350,0.090,1.440
YEMEN,31021090,,1.320,0.090,1.410
YEMEN,31022100,,0.610,0.040,0.660
YEMEN,31022900,,1.370,0.050,1.430
YEMEN,31023010,,1.620,0.050,1.670
YEMEN,31023090,,2.500,0.070,2.570
YEMEN,31024010,,2.090,0.060,2.150
YEMEN,31024090,,2.090,0.060,2.150
YEMEN,31025000,,4.170,0.080,4.250
YEMEN,31026000,,2.090,0.060,2.150
YEMEN,31028000,,1.560,0.060,1.620
YEMEN,31029000,,1.560,0.080,1.630
YEMEN,3105,,see below,see below,see below
YEMEN,31051000,,0.780,0.030,0.810
YEMEN,31052010,,1.010,0.030,1.040
YEMEN,31052090,,0.670,0.020,0.690
YEMEN,31053000,,0.520,0.040,0.560
YEMEN,31054000,,0.320,0.020,0.340
YEMEN,31055100,,1.400,0.040,1.440
YEMEN,31055900,,0.540,0.040,0.580
YEMEN,31059020,,1.400,0.040,1.440
YEMEN,31059080,,0.700,0.020,0.720
YEMEN,28041000,,10.820,,10.820
ZAMBIA,28080000,,1.640,0.070,1.710
ZAMBIA,28142000,,0.610,0.070,0.680
ZAMBIA,28342100,,1.460,0.090,1.560
ZAMBIA,3102,,see below,see below,see below
ZAMBIA,31021012,,0.450,0.050,0.500
ZAMBIA,31021015,,0.750,0.050,0.800
ZAMBIA,31021019,,1.360,0.150,1.510
ZAMBIA,31021090,,1.330,0.150,1.480
ZAMBIA,31022100,,0.590,0.090,0.680
ZAMBIA,31022900,,1.040,0.100,1.150
ZAMBIA,31023010,,1.110,0.080,1.200
ZAMBIA,31023090,,1.710,0.130,1.840
ZAMBIA,31024010,,1.480,0.110,1.590
ZAMBIA,31024090,,1.480,0.110,1.590
ZAMBIA,31025000,,2.560,0.110,2.660
ZAMBIA,31026000,,1.440,0.110,1.550
ZAMBIA,31028000,,1.200,0.110,1.300
ZAMBIA,31029000,,1.320,0.130,1.440
ZAMBIA,3105,,see below,see below,see below
ZAMBIA,31051000,,0.620,0.080,0.700
ZAMBIA,31052010,,0.750,0.090,0.840
ZAMBIA,31052090,,0.510,0.070,0.580
ZAMBIA,31053000,,0.480,0.070,0.550
ZAMBIA,31054000,,0.300,0.050,0.360
ZAMBIA,31055100,,1.010,0.120,1.130
ZAMBIA,31055900,,0.550,0.110,0.660
ZAMBIA,31059020,,0.980,0.080,1.070
ZAMBIA,31059080,,0.510,0.050,0.560
ZAMBIA,7601,(L),0.360,,0.360
ZAMBIA,7603,(L),0.590,,0.590
ZAMBIA,76041010,(L),0.810,,0.810
ZAMBIA,76041090,(L),0.830,,0.830
ZAMBIA,76042100,(L),0.830,,0.830
ZAMBIA,76042910,(L),0.810,,0.810
ZAMBIA,76042990,(L),0.830,,0.830
ZAMBIA,7605,(L),0.810,,0.810
ZAMBIA,7606,(L),1.270,,1.270
ZAMBIA,7607,(L),1.270,,1.270
ZAMBIA,7608,(L),0.830,,0.830
ZAMBIA,76090000,(L),0.830,,0.830
ZAMBIA,76101000,(L),0.830,,0.830
ZAMBIA,761090,(L),0.830,,0.830
ZAMBIA,76109010,(L),0.830,,0.830
ZAMBIA,76109090,(L),0.830,,0.830
ZAMBIA,76110000,(L),1.270,,1.270
ZAMBIA,7612,(L),1.270,,1.270
ZAMBIA,76130000,(L),1.270,,1.270
ZAMBIA,7614,(L),0.810,,0.810
ZAMBIA,76161000,(L),1.270,,1.270
ZAMBIA,76169100,(L),1.270,,1.270
ZAMBIA,76169910,(L),0.590,,0.590
ZAMBIA,76169990,(L),1.270,,1.270
ZAMBIA,28041000,,10.820,,10.820
ZAMBIA,720211,,1.690,,1.690
ZIMBABWE,2523100090,(A),1.240,0.040,1.290
ZIMBABWE,25232900,,1.240,0.070,1.310
ZIMBABWE,2523900090,(A),1.180,0.080,1.250
ZIMBABWE,28080000,,1.650,0.050,1.710
ZIMBABWE,28141000,,2.020,0.160,2.180
ZIMBABWE,28142000,,0.600,0.050,0.660
ZIMBABWE,28342100,,1.470,0.080,1.550
ZIMBABWE,3102,,see below,see below,see below
ZIMBABWE,31021012,,0.460,0.040,0.500
ZIMBABWE,31021015,,0.760,0.040,0.800
ZIMBABWE,31021019,,1.390,0.120,1.510
ZIMBABWE,31021090,,1.360,0.120,1.480
ZIMBABWE,31022100,,0.600,0.090,0.690
ZIMBABWE,31022900,,1.050,0.100,1.150
ZIMBABWE,31023010,,1.120,0.080,1.200
ZIMBABWE,31023090,,1.730,0.120,1.850
ZIMBABWE,31024010,,1.500,0.110,1.610
ZIMBABWE,31024090,,1.500,0.110,1.610
ZIMBABWE,31025000,,2.580,0.080,2.660
ZIMBABWE,31026000,,1.450,0.100,1.550
ZIMBABWE,31028000,,1.210,0.100,1.310
ZIMBABWE,31029000,,1.340,0.110,1.450
ZIMBABWE,3105,,see below,see below,see below
ZIMBABWE,31051000,,0.630,0.090,0.720
ZIMBABWE,31052010,,0.760,0.110,0.860
ZIMBABWE,31052090,,0.520,0.080,0.600
ZIMBABWE,31053000,,0.480,0.070,0.540
ZIMBABWE,31054000,,0.300,0.050,0.360
ZIMBABWE,31055100,,1.030,0.130,1.160
ZIMBABWE,31055900,,0.550,0.110,0.660
ZIMBABWE,31059020,,0.990,0.080,1.080
ZIMBABWE,31059080,,0.510,0.060,0.570
ZIMBABWE,7601,(L),0.360,,0.360
ZIMBABWE,7603,(L),0.480,,0.480
ZIMBABWE,76041010,(L),0.700,,0.700
ZIMBABWE,76041090,(L),0.720,,0.720
ZIMBABWE,76042100,(L),0.720,,0.720
ZIMBABWE,76042910,(L),0.700,,0.700
ZIMBABWE,76042990,(L),0.720,,0.720
ZIMBABWE,7605,(L),0.700,,0.700
ZIMBABWE,7606,(L),1.160,,1.160
ZIMBABWE,7607,(L),1.160,,1.160
ZIMBABWE,7608,(L),0.720,,0.720
ZIMBABWE,76090000,(L),0.720,,0.720
ZIMBABWE,76101000,(L),0.720,,0.720
ZIMBABWE,761090,(L),0.720,,0.720
ZIMBABWE,76109010,(L),0.720,,0.720
ZIMBABWE,76109090,(L),0.720,,0.720
ZIMBABWE,76110000,(L),1.160,,1.160
ZIMBABWE,7612,(L),1.160,,1.160
ZIMBABWE,76130000,(L),1.160,,1.160
ZIMBABWE,7614,(L),0.700,,0.700
ZIMBABWE,76161000,(L),1.160,,1.160
ZIMBABWE,76169100,(L),1.160,,1.160
ZIMBABWE,76169910,(L),0.480,,0.480
ZIMBABWE,76169990,(L),1.160,,1.160
ZIMBABWE,720211,,1.690,,1.690
ZIMBABWE,720241,,2.350,,2.350
ANNEX IV,2507008080,,0.320,,
ANNEX IV,2523100010,,1.410,(B),
ANNEX IV,2523100090,,1.440,(A),
ANNEX IV,25232100,,1.480,,
ANNEX IV,25232900,,1.490,,
ANNEX IV,25233000,,2.290,,
ANNEX IV,2523900010,,1.530,(B),
ANNEX IV,2523900090,,1.420,(A),
ANNEX IV,28080000,,3.080,,
ANNEX IV,28141000,,4.360,,
ANNEX IV,28142000,,1.310,,
ANNEX IV,28342100,,2.850,,
ANNEX IV,3102,,see below,,
ANNEX IV,31021012,,1.540,,
ANNEX IV,31021015,,2.530,,
ANNEX IV,31021019,,4.640,,
ANNEX IV,31021090,,4.530,,
ANNEX IV,31022100,,1.290,,
ANNEX IV,31022900,,2.130,,
ANNEX IV,31023010,,2.190,,
ANNEX IV,31023090,,3.370,,
ANNEX IV,31024010,,2.900,,
ANNEX IV,31024090,,2.900,,
ANNEX IV,31025000,,4.810,,
ANNEX IV,31026000,,2.830,,
ANNEX IV,31028000,,2.410,,
ANNEX IV,31029000,,3.110,,
ANNEX IV,3105,,see below,,
ANNEX IV,31051000,,1.310,,
ANNEX IV,31052010,,1.530,,
ANNEX IV,31052090,,1.050,,
ANNEX IV,31053000,,1.040,,
ANNEX IV,31054000,,0.670,,
ANNEX IV,31055100,,2.070,,
ANNEX IV,31055900,,1.240,,
ANNEX IV,31059020,,1.960,,
ANNEX IV,31059080,,1.020,,
ANNEX IV,7601,,3.198,(K),
ANNEX IV,7603,,4.148,(K),
ANNEX IV,76041010,,4.881,(K),
ANNEX IV,76041090,,4.881,(K),
ANNEX IV,76042100,,4.881,(K),
ANNEX IV,76042910,,4.881,(K),
ANNEX IV,76042990,,4.881,(K),
ANNEX IV,7605,,4.881,(K),
ANNEX IV,7606,,4.986,(K),
ANNEX IV,7607,,5.559,(K),
ANNEX IV,7608,,4.896,(K),
ANNEX IV,76090000,,4.896,(K),
ANNEX IV,76101000,,4.896,(K),
ANNEX IV,761090,,4.896,(K),
ANNEX IV,76109010,,4.896,(K),
ANNEX IV,76109090,,4.896,(K),
ANNEX IV,76110000,,5.559,(K),
ANNEX IV,7612,,5.559,(K),
ANNEX IV,76130000,,5.559,(K),
ANNEX IV,7614,,4.881,(K),
ANNEX IV,76161000,,5.559,(K),
ANNEX IV,76169100,,5.559,(K),
ANNEX IV,76169910,,4.542,(K),
ANNEX IV,76169990,,5.559,(K),
ANNEX IV,28041000,,26.640,,
ANNEX IV,26011200,,1.610,,
ANNEX IV,7201,,7.920,,
ANNEX IV,720211,,1.690,,
ANNEX IV,720219,,5.590,,
ANNEX IV,720241,,2.350,,
ANNEX IV,720249,,2.870,,
ANNEX IV,72026000,,6.150,,
ANNEX IV,7203,,4.200,,
ANNEX IV,7205,,7.900,(C)/(F),
ANNEX IV,7206,,see below,,
ANNEX IV,72061000,,8.210,(C),
ANNEX IV,72069000,,8.210,(C),
ANNEX IV,7207,,see below,,
ANNEX IV,72071111,,8.230,(C),
ANNEX IV,72071114,,8.230,(C),
ANNEX IV,72071116,,8.230,(C),
ANNEX IV,72071190,,8.210,(C),
ANNEX IV,72071210,,8.230,(C),
ANNEX IV,72071290,,8.210,(C),
ANNEX IV,72071912,,8.230,(C),
ANNEX IV,72071919,,8.210,(C),
ANNEX IV,72071980,,8.230,(C),
ANNEX IV,72072011,,8.230,(C),
ANNEX IV,72072015,,8.230,(C),
ANNEX IV,72072017,,8.230,(C),
ANNEX IV,72072019,,8.210,(C),
ANNEX IV,72072032,,8.230,(C),
ANNEX IV,72072039,,8.210,(C),
ANNEX IV,72072052,,8.230,(C),
ANNEX IV,72072059,,8.210,(C),
ANNEX IV,72072080,,8.230,(C),
ANNEX IV,7208,,8.230,(C),
ANNEX IV,7209,,8.250,(C),
ANNEX IV,7210,,8.250,(C),
ANNEX IV,7211,,see below,,
ANNEX IV,72111300,,8.230,(C),
ANNEX IV,72111400,,8.230,(C),
ANNEX IV,72111900,,8.230,(C),
ANNEX IV,721123,,8.250,(C),
ANNEX IV,72112900,,8.250,(C),
ANNEX IV,721190,,8.250,(C),
ANNEX IV,7212,,8.250,(C),
ANNEX IV,7213,,8.230,(C),
ANNEX IV,7214,,see below,,
ANNEX IV,72141000,,8.210,(C),
ANNEX IV,72142000,,8.230,(C),
ANNEX IV,72143000,,8.230,(C),
ANNEX IV,721491,,8.230,(C),
ANNEX IV,721499,,8.230,(C),
ANNEX IV,7215,,8.230,(C),
ANNEX IV,7216,,8.230,(C),
ANNEX IV,7217,,see below,,
ANNEX IV,721710,,8.230,(C),
ANNEX IV,721720,,8.230,(C),
ANNEX IV,721730,,8.230,(C),
ANNEX IV,721790,,8.230,(C),
ANNEX IV,7218,,see below,,
ANNEX IV,72181000,,8.630,,
ANNEX IV,721891,,8.670,,
ANNEX IV,72189911,,8.670,,
ANNEX IV,72189919,,8.630,,
ANNEX IV,72189920,,8.670,,
ANNEX IV,72189980,,8.630,,
ANNEX IV,7219,,see below,,
ANNEX IV,72191100,,8.670,,
ANNEX IV,721912,,8.670,,
ANNEX IV,721913,,8.670,,
ANNEX IV,721914,,8.670,,
ANNEX IV,721921,,8.670,,
ANNEX IV,721922,,8.670,,
ANNEX IV,72192300,,8.670,,
ANNEX IV,72192400,,8.670,,
ANNEX IV,72193100,,8.690,,
ANNEX IV,721932,,8.690,,
ANNEX IV,721933,,8.690,,
ANNEX IV,721934,,8.690,,
ANNEX IV,721935,,8.690,,
ANNEX IV,721990,,8.690,,
ANNEX IV,7220,,see below,,
ANNEX IV,72201100,,8.670,,
ANNEX IV,72201200,,8.670,,
ANNEX IV,722020,,8.690,,
ANNEX IV,722090,,8.690,,
ANNEX IV,7221,,8.690,,
ANNEX IV,7222,,see below,,
ANNEX IV,722211,,8.690,,
ANNEX IV,722219,,8.690,,
ANNEX IV,722220,,8.690,,
ANNEX IV,722230,,8.630,,
ANNEX IV,722240,,8.690,,
ANNEX IV,7223,,see below,,
ANNEX IV,722300,,8.690,,
ANNEX IV,7224,,see below,,
ANNEX IV,722410,,9.960,(F),
ANNEX IV,72249002,,10.000,(F),
ANNEX IV,72249003,,10.000,(F),
ANNEX IV,72249005,,10.000,(F),
ANNEX IV,72249007,,10.000,(F),
ANNEX IV,72249014,,10.000,(F),
ANNEX IV,72249018,,9.960,(F),
ANNEX IV,72249031,,10.000,(F),
ANNEX IV,72249038,,10.000,(F),
ANNEX IV,72249090,,9.960,(F),
ANNEX IV,7225,,see below,,
ANNEX IV,72251100,,13.240,(C),
ANNEX IV,72251910,,10.000,(C),
ANNEX IV,72251990,,10.020,(C),
ANNEX IV,722530,,10.000,(F),
ANNEX IV,722540,,10.000,(F),
ANNEX IV,722550,,10.020,(F),
ANNEX IV,72259100,,10.020,(F),
ANNEX IV,72259200,,10.020,(F),
ANNEX IV,72259900,,10.020,(F),
ANNEX IV,7226,,see below,,
ANNEX IV,72261100,,13.240,(C),
ANNEX IV,72261910,,10.000,(C),
ANNEX IV,72261980,,10.020,(C),
ANNEX IV,72262000,,10.000,(F),
ANNEX IV,722691,,10.000,(F),
ANNEX IV,72269200,,10.020,(F),
ANNEX IV,722699,,10.020,(F),
ANNEX IV,7227,,10.020,(C)/(F),
ANNEX IV,7228,,see below,,
ANNEX IV,72281020,,10.020,(F),
ANNEX IV,72281050,,9.960,(F),
ANNEX IV,72281090,,10.020,(F),
ANNEX IV,722820,,10.020,(F),
ANNEX IV,722830,,10.020,(C)/(F),
ANNEX IV,722840,,9.960,(F),
ANNEX IV,722850,,10.020,(C)/(F),
ANNEX IV,722860,,10.020,(F),
ANNEX IV,722870,,10.020,(F),
ANNEX IV,72288000,,10.020,(F),
ANNEX IV,7229,,10.020,(C)/(F),
ANNEX IV,7301,,8.250,(C),
ANNEX IV,7302,,8.210,(C),
ANNEX IV,7303,,see below,,
ANNEX IV,730300,,7.890,,
ANNEX IV,7304,,see below,,
ANNEX IV,73041100,,8.630,,
ANNEX IV,730419,,8.210,(C),
ANNEX IV,73042200,,8.630,,
ANNEX IV,73042300,,8.210,(C),
ANNEX IV,73042400,,8.630,,
ANNEX IV,730429,,8.210,(C),
ANNEX IV,730431,,8.210,(C),
ANNEX IV,730439,,8.210,(C),
ANNEX IV,73044100,,8.630,,
ANNEX IV,730449,,8.630,,
ANNEX IV,730451,,7.860,(F),
ANNEX IV,730459,,7.860,(C)/(F),
ANNEX IV,73049000,,8.210,(C),
ANNEX IV,7305,,8.250,(C),
ANNEX IV,7306,,see below,,
ANNEX IV,73061100,,8.690,,
ANNEX IV,73061900,,8.250,(C),
ANNEX IV,73062100,,8.690,,
ANNEX IV,73062900,,8.250,(C),
ANNEX IV,73063012,,8.250,(C),
ANNEX IV,73063018,,8.230,(C),
ANNEX IV,73063041,,8.250,(C),
ANNEX IV,73063049,,8.250,(C),
ANNEX IV,73063072,,8.250,(C),
ANNEX IV,73063077,,8.250,(C),
ANNEX IV,73063080,,8.250,(C),
ANNEX IV,73064020,,8.690,,
ANNEX IV,73064080,,8.670,,
ANNEX IV,73065021,,7.960,(F),
ANNEX IV,73065029,,7.940,(F),
ANNEX IV,73065080,,7.960,(F),
ANNEX IV,73066110,,8.690,,
ANNEX IV,73066192,,8.250,(C),
ANNEX IV,73066199,,8.250,(C),
ANNEX IV,73066910,,8.690,,
ANNEX IV,73066990,,8.250,(C),
ANNEX IV,73069000,,8.250,(C),
ANNEX IV,7307,,see below,,
ANNEX IV,730711,,7.890,,
ANNEX IV,73071910,,7.890,,
ANNEX IV,73071990,,8.210,(C),
ANNEX IV,73072100,,7.940,,
ANNEX IV,730722,,7.940,,
ANNEX IV,730723,,7.940,,
ANNEX IV,730729,,7.940,,
ANNEX IV,73079100,,8.210,(C),
ANNEX IV,730792,,8.210,(C),
ANNEX IV,730793,,8.210,(C),
ANNEX IV,730799,,8.210,(C),
ANNEX IV,7308,,8.250,(C),
ANNEX IV,7309,,10.010,(C),
ANNEX IV,7310,,8.250,(C),
ANNEX IV,7311,,see below,,
ANNEX IV,731100,,9.980,(C),
ANNEX IV,7318,,see below,,
ANNEX IV,73181100,,8.230,(C),
ANNEX IV,73181210,,8.650,,
ANNEX IV,73181290,,8.230,(C),
ANNEX IV,73181300,,8.230,(C),
ANNEX IV,73181410,,8.650,,
ANNEX IV,73181491,,8.230,(C),
ANNEX IV,73181499,,8.230,(C),
ANNEX IV,731815,,8.230,(C),
ANNEX IV,731816,,8.540,(C),
ANNEX IV,73181900,,8.230,(C),
ANNEX IV,73182100,,8.230,(C),
ANNEX IV,73182200,,8.540,(C),
ANNEX IV,73182300,,8.230,(C),
ANNEX IV,73182400,,8.230,(C),
ANNEX IV,73182900,,8.230,(C),
ANNEX IV,7326,,see below,,
ANNEX IV,73261100,,8.210,(C),
ANNEX IV,732619,,8.210,(C),
ANNEX IV,73262000,,8.230,(C),
ANNEX IV,73269030,,8.230,(C),
ANNEX IV,73269040,,8.230,(C),
ANNEX IV,73269050,,8.230,(C),
ANNEX IV,73269060,,8.230,(C),
ANNEX IV,73269092,,8.210,(C),
ANNEX IV,73269094,,8.210,(C),
ANNEX IV,73269096,,8.210,(C),
ANNEX IV,73269098,,8.250,(C),
